Customer_care_calls,Customer_rating,Cost_of_the_Product,Prior_purchases,Product_importance,Discount_offered,Weight_in_gms,Warehouse_block_B,Warehouse_block_C,Warehouse_block_D,Warehouse_block_F,Mode_of_Shipment_Road,Mode_of_Shipment_Ship,Gender_M,Reached.on.Time_Y.N
4,1,261,2,2,9,4158,0,0,1,0,1,0,0,0
3,3,162,2,1,26,1659,0,0,0,1,0,1,0,1
3,2,221,2,2,9,4466,1,0,0,0,0,1,1,0
3,5,157,4,2,2,4640,0,0,1,0,0,1,0,0
2,5,272,2,1,24,3638,0,0,0,0,0,0,1,1
4,5,254,3,1,29,3885,1,0,0,0,1,0,1,1
2,5,246,5,1,46,2437,0,0,0,1,0,1,1,1
4,2,221,2,1,13,3097,0,0,1,0,0,1,0,1
2,2,134,3,1,38,1352,0,0,0,1,0,1,1,1
4,4,153,5,2,9,5818,0,0,0,1,0,1,1,0
5,3,227,5,2,2,1965,0,1,0,0,0,1,1,0
3,3,250,3,1,9,4993,1,0,0,0,0,1,1,0
5,3,209,4,2,7,2675,0,0,1,0,0,1,0,1
6,5,240,3,1,4,5219,0,0,0,1,0,1,1,1
4,3,263,6,2,8,1123,0,0,0,1,1,0,1,1
4,4,243,3,1,10,3327,0,0,0,0,0,1,1,1
4,1,189,3,2,5,4133,0,0,0,1,0,0,1,0
4,4,229,5,2,7,1716,0,0,0,0,0,1,0,1
3,4,250,3,1,3,2371,0,0,1,0,0,0,0,1
6,2,172,2,1,41,1006,0,0,0,1,0,1,1,1
2,5,255,4,1,36,2093,0,1,0,0,0,0,0,1
5,4,259,3,2,43,2685,0,0,0,1,0,1,0,1
3,3,256,3,2,8,4070,0,0,0,0,0,1,1,0
4,2,144,5,1,3,5807,0,0,0,0,0,1,0,1
5,5,209,2,1,3,4348,0,0,1,0,0,1,0,0
3,4,165,2,2,8,4280,0,0,0,1,0,1,0,1
5,4,264,10,2,34,2960,1,0,0,0,0,1,0,1
4,2,182,3,1,58,3943,0,0,1,0,0,1,1,1
5,4,142,2,3,7,5341,0,0,0,1,0,0,1,0
3,5,204,2,1,1,4133,0,0,0,0,1,0,1,0
5,1,255,3,2,6,5715,0,0,0,1,0,1,0,0
5,4,280,6,2,51,3582,0,0,0,1,0,0,0,1
4,1,189,2,2,63,3474,0,0,1,0,0,1,0,1
5,3,225,7,2,45,3162,1,0,0,0,0,0,0,1
6,3,273,4,2,32,2532,0,0,0,1,0,1,0,1
7,5,292,5,1,5,1932,0,0,1,0,0,1,1,1
3,2,204,4,2,7,4768,0,1,0,0,0,1,1,0
6,5,118,2,1,6,1726,0,0,1,0,0,0,0,1
4,3,159,5,1,4,4666,0,1,0,0,0,1,1,1
5,5,243,2,1,9,4669,1,0,0,0,0,1,1,1
3,1,226,3,3,2,4831,1,0,0,0,0,1,1,1
3,2,250,5,1,36,2717,0,0,1,0,0,1,0,1
3,3,178,3,3,43,1517,1,0,0,0,0,1,1,1
4,3,167,3,2,1,4621,0,0,0,1,0,0,0,1
3,3,218,2,2,9,2069,0,0,1,0,1,0,1,1
3,1,138,5,2,8,1349,0,0,1,0,0,1,0,1
5,3,189,5,1,7,4869,0,0,0,1,0,1,1,0
3,4,135,3,1,11,1740,0,0,0,0,0,0,1,1
3,2,177,2,3,9,4648,0,0,0,1,0,1,1,0
4,4,247,2,2,9,5095,0,0,0,0,0,1,1,0
3,2,245,3,2,7,4121,0,0,1,0,0,1,0,0
5,5,149,7,2,50,1346,0,1,0,0,0,1,0,1
5,4,228,3,2,42,3145,1,0,0,0,0,1,1,1
4,3,180,3,1,7,5718,0,1,0,0,1,0,1,0
3,1,204,3,2,4,4619,0,0,0,1,0,1,1,1
5,3,190,3,3,45,2628,1,0,0,0,0,1,1,1
6,1,277,5,1,2,1190,0,0,0,1,1,0,0,1
3,4,269,3,2,9,5133,0,0,0,1,0,1,1,1
4,4,252,3,2,7,2477,0,0,0,0,0,0,0,1
4,1,234,3,1,2,4282,1,0,0,0,0,1,1,0
5,1,190,2,1,9,5226,0,0,0,1,0,1,1,0
5,2,272,5,1,8,1317,0,0,0,0,1,0,1,0
5,5,226,3,1,50,2348,0,0,0,1,0,1,1,1
5,3,151,2,1,8,4749,0,0,1,0,0,0,1,0
4,5,192,3,2,41,3873,0,1,0,0,0,1,0,1
3,2,177,3,1,5,5941,0,1,0,0,0,1,0,0
3,3,178,3,3,12,1900,0,0,1,0,0,0,1,1
7,4,305,4,2,6,1873,0,1,0,0,0,1,0,0
4,1,161,6,1,2,5734,0,1,0,0,0,1,0,0
5,1,255,5,2,9,1156,0,1,0,0,0,1,1,1
5,2,218,3,1,4,5363,1,0,0,0,0,1,1,1
5,1,205,2,2,27,3569,1,0,0,0,0,1,1,1
5,1,236,5,2,3,1699,1,0,0,0,0,1,0,0
4,3,218,2,2,6,4414,1,0,0,0,0,1,1,1
5,5,184,3,1,2,5800,1,0,0,0,1,0,0,0
3,3,162,3,2,7,1901,0,0,0,1,0,1,1,1
5,3,264,2,1,61,2025,0,0,0,1,0,1,0,1
4,5,156,3,1,33,1836,0,0,0,1,0,1,0,1
5,5,264,3,2,23,2837,0,1,0,0,0,1,0,1
6,3,278,4,3,3,1033,0,1,0,0,0,1,0,0
6,5,247,4,2,7,1461,0,0,0,1,1,0,1,1
3,4,173,3,1,8,5979,0,0,0,0,0,1,0,0
4,1,300,5,2,6,1027,1,0,0,0,0,1,1,0
3,1,207,3,2,56,3482,0,0,0,1,0,1,0,1
3,4,145,4,3,4,5801,0,0,0,1,0,1,1,0
4,2,192,4,2,2,5503,0,0,0,1,0,1,0,0
5,4,223,5,1,2,1713,1,0,0,0,0,1,0,0
3,2,227,3,3,5,4167,0,1,0,0,0,0,1,1
4,2,192,3,2,3,4922,1,0,0,0,0,0,0,0
3,1,238,2,2,50,3438,1,0,0,0,0,1,0,1
5,1,241,3,3,8,5306,0,0,1,0,0,1,1,1
6,5,255,4,1,9,1197,0,0,0,1,0,1,0,0
4,4,162,3,2,41,1104,0,0,0,1,0,1,1,1
4,3,192,4,1,2,1830,0,0,0,0,0,1,0,0
3,3,233,3,2,35,2204,0,0,0,1,0,1,1,1
6,1,272,4,1,2,1018,0,0,0,1,0,0,0,0
4,1,226,5,1,9,1530,0,0,0,1,1,0,1,0
4,1,145,3,1,8,5127,0,0,1,0,0,0,1,0
6,4,304,4,1,2,1749,0,0,0,1,0,1,0,0
4,4,178,6,1,9,5279,0,0,1,0,0,0,0,1
3,5,206,2,1,4,4080,0,0,1,0,0,1,0,0
2,2,206,5,1,7,5203,0,0,0,1,0,1,0,0
3,1,186,2,1,1,5054,0,1,0,0,0,1,0,1
2,4,245,2,2,10,5389,0,0,0,0,0,1,0,0
4,2,199,3,1,7,5342,0,0,0,0,0,1,1,0
3,5,139,2,2,7,5536,1,0,0,0,1,0,1,0
5,5,184,2,2,9,4649,0,0,1,0,1,0,1,1
4,4,175,3,1,6,4600,0,0,0,1,0,0,0,1
3,4,189,3,2,37,3492,0,0,1,0,0,1,0,1
4,5,190,2,1,36,3548,0,0,0,1,0,1,1,1
5,4,206,4,1,3,3755,0,0,0,0,0,1,0,1
6,5,298,4,1,3,1009,0,0,1,0,0,1,1,1
5,5,191,2,3,34,2708,0,0,1,0,0,1,1,1
5,4,195,2,1,4,3108,0,0,0,1,1,0,1,1
6,3,247,4,2,7,1626,0,0,0,1,0,1,1,1
5,1,271,5,1,4,1353,0,0,0,0,0,0,1,0
3,5,165,3,2,33,1500,0,0,0,1,0,1,1,1
3,1,209,2,1,2,4855,0,1,0,0,0,1,0,0
3,4,179,2,2,5,1340,1,0,0,0,0,0,1,0
5,1,236,3,2,10,1347,0,1,0,0,0,1,0,1
3,4,234,2,2,52,3543,1,0,0,0,0,1,1,1
5,4,263,2,2,5,4595,0,0,0,1,1,0,0,0
4,1,164,4,2,3,5318,0,0,0,1,0,1,1,1
3,3,249,5,2,9,1752,1,0,0,0,0,1,0,0
2,2,163,3,1,5,5887,0,0,0,0,1,0,1,0
3,5,241,10,2,41,3015,0,0,0,1,0,1,1,1
4,3,248,6,2,5,4212,0,0,0,0,0,1,1,0
5,1,185,3,2,7,4855,0,0,1,0,0,1,0,1
6,2,195,3,2,30,3462,0,0,0,0,0,1,1,1
3,4,210,3,1,10,4398,1,0,0,0,0,1,1,1
4,2,251,6,1,3,1297,1,0,0,0,1,0,0,0
5,4,201,3,1,5,5137,0,0,0,1,0,1,0,0
5,2,252,5,1,10,1568,0,0,0,1,0,0,0,0
6,1,306,4,1,4,1449,0,0,0,1,0,1,0,1
5,2,266,5,2,8,1367,0,0,0,1,1,0,1,0
2,4,238,3,2,4,5782,1,0,0,0,0,1,1,1
5,1,212,3,1,11,2073,0,0,0,1,0,1,0,1
6,1,303,4,1,9,1080,0,0,1,0,0,1,0,0
3,2,214,2,1,26,3503,0,0,0,0,0,1,1,1
3,5,190,10,2,26,3244,0,0,1,0,0,1,1,1
4,1,271,2,1,1,4866,0,0,0,1,0,1,0,0
5,5,171,3,2,6,4209,0,1,0,0,0,0,0,1
3,3,240,7,2,3,4385,1,0,0,0,0,1,1,0
5,5,223,3,2,3,4382,0,0,0,1,0,1,0,0
5,2,236,2,1,24,3679,0,0,1,0,1,0,1,1
4,5,135,2,1,60,1026,0,0,1,0,0,1,1,1
3,5,275,3,1,6,5148,0,0,0,1,0,1,1,0
3,1,131,4,1,1,1628,1,0,0,0,0,1,1,0
5,3,230,3,2,3,2923,1,0,0,0,0,1,0,1
3,3,259,2,3,8,4481,0,0,0,1,1,0,1,0
5,2,202,3,2,34,3885,0,0,0,1,1,0,1,1
6,4,241,6,3,61,2806,0,0,1,0,0,1,0,1
2,2,240,5,1,7,4138,0,0,1,0,0,1,1,1
4,5,145,3,2,45,1059,0,0,0,1,0,1,1,1
4,2,231,5,1,2,1465,0,0,0,0,0,1,0,1
3,5,286,6,3,8,4777,0,0,1,0,0,1,1,0
4,2,227,5,2,6,4618,0,0,1,0,0,1,1,0
3,1,230,2,1,1,4970,1,0,0,0,0,1,0,1
6,4,254,4,1,9,1594,1,0,0,0,0,1,1,0
5,5,265,3,3,3,5837,1,0,0,0,1,0,0,1
5,1,105,5,1,1,1101,0,1,0,0,1,0,1,1
4,2,210,2,2,1,5437,0,0,0,1,0,1,0,1
3,2,201,3,3,6,5165,0,0,1,0,0,1,1,1
3,4,187,2,2,4,5139,0,0,0,0,0,1,1,1
3,3,179,3,2,41,1892,0,0,0,0,0,1,0,1
6,4,257,4,1,4,1451,0,0,0,1,0,1,0,0
3,1,192,2,1,33,2818,0,0,0,1,0,1,1,1
4,4,206,3,2,10,4262,0,0,0,1,0,1,0,0
3,5,257,3,2,19,2173,1,0,0,0,0,1,0,1
3,3,274,3,1,6,2986,0,0,0,0,0,1,1,1
3,5,125,2,1,2,4182,0,0,0,1,0,0,0,1
4,2,251,3,1,10,3517,0,0,0,0,0,1,0,1
6,5,264,4,2,9,1922,0,1,0,0,0,1,0,1
4,1,216,4,1,4,2263,1,0,0,0,0,1,1,1
4,3,178,3,2,6,4576,0,0,0,0,0,1,1,0
3,5,159,2,2,6,5804,0,0,0,0,0,1,1,0
4,4,129,6,2,7,4873,0,0,0,0,0,1,0,1
3,2,153,10,3,2,5455,1,0,0,0,0,0,1,0
6,3,256,4,1,9,1212,0,0,0,1,0,1,0,1
4,5,199,2,1,8,4463,0,0,0,1,0,1,0,0
4,5,222,2,2,2,4425,0,0,0,1,0,1,1,0
6,4,292,4,1,3,1826,0,0,0,1,1,0,1,1
3,5,271,4,1,10,1679,0,0,0,0,0,1,0,1
6,3,141,3,1,7,5222,0,1,0,0,0,1,1,1
3,5,181,4,3,1,4971,0,1,0,0,0,1,0,1
6,2,134,8,3,42,1054,0,1,0,0,1,0,1,1
4,1,233,2,2,60,2671,1,0,0,0,0,1,0,1
4,2,210,3,1,8,5672,0,1,0,0,0,1,1,1
5,4,256,5,1,2,1723,0,0,0,1,0,1,1,1
6,5,280,3,1,9,4074,1,0,0,0,0,1,1,1
7,4,270,4,2,5,1735,0,0,0,1,0,0,0,0
4,3,224,3,2,9,5283,0,0,1,0,0,1,0,1
4,2,168,3,1,59,1717,1,0,0,0,1,0,1,1
3,2,233,5,1,44,2010,0,0,0,1,0,1,1,1
5,5,253,2,2,2,4364,0,0,0,1,0,1,0,0
5,5,216,4,2,1,4092,0,0,0,1,0,1,0,1
5,5,248,5,2,1,1945,0,0,0,1,0,1,0,1
4,3,258,3,2,58,2579,1,0,0,0,0,0,1,1
3,4,193,6,1,2,5584,0,1,0,0,0,1,1,0
7,3,306,4,2,4,1739,0,0,0,1,0,0,1,1
3,5,249,2,1,26,2029,0,0,0,0,0,1,0,1
7,2,279,4,2,5,1210,0,0,1,0,0,1,1,0
5,3,163,6,1,6,4349,1,0,0,0,0,1,1,0
3,1,201,2,2,4,4857,0,0,0,0,1,0,0,1
5,5,239,6,1,1,1984,0,0,0,0,1,0,0,0
3,3,253,3,2,7,5085,0,0,0,1,1,0,1,0
5,4,239,3,1,7,4960,1,0,0,0,0,1,0,0
3,1,142,4,1,4,1583,0,1,0,0,0,1,1,1
4,4,238,3,1,7,4709,0,1,0,0,0,1,0,0
5,2,246,5,1,4,1072,0,0,0,0,0,1,0,1
5,4,235,4,1,10,4880,0,1,0,0,0,1,1,0
6,4,309,4,1,9,1771,1,0,0,0,0,1,1,1
4,5,157,2,2,6,5937,0,0,0,0,0,1,1,0
3,2,159,2,2,3,4876,0,0,0,1,0,1,0,0
3,5,169,3,1,6,5397,0,0,0,1,0,1,0,0
3,4,184,3,1,7,5438,0,1,0,0,0,1,1,0
4,2,224,3,1,9,4896,0,0,0,1,0,1,0,0
5,2,248,2,1,10,4813,0,0,0,0,0,0,0,0
3,2,210,2,2,30,3928,0,1,0,0,0,1,1,1
4,5,180,4,3,10,5176,0,0,0,0,1,0,0,1
3,5,258,3,1,5,4494,0,0,0,0,0,1,0,0
4,5,234,3,2,10,4204,1,0,0,0,0,0,0,1
3,4,145,3,2,44,1218,0,0,0,1,0,1,1,1
3,4,166,3,2,8,4369,0,1,0,0,0,1,0,1
3,1,157,2,2,39,1525,0,0,0,1,0,1,0,1
4,2,260,2,1,7,5684,0,1,0,0,0,1,1,0
3,5,115,3,2,60,1122,0,0,1,0,0,1,1,1
4,4,223,5,2,4,1344,1,0,0,0,0,0,1,0
5,5,251,2,3,3,4741,0,0,0,1,0,1,0,1
4,4,235,4,1,50,2020,0,0,1,0,1,0,1,1
6,4,292,4,1,10,1321,0,0,0,1,0,0,0,1
4,2,141,2,1,8,1495,0,0,1,0,0,1,0,1
5,2,262,5,1,4,1509,0,0,0,1,0,1,1,1
2,2,240,3,1,53,2980,0,0,0,1,0,1,1,1
6,3,306,4,1,5,1490,0,1,0,0,0,0,0,1
5,4,257,2,2,10,5095,0,0,1,0,0,1,1,0
4,4,234,2,2,8,5744,0,1,0,0,0,1,0,0
4,2,270,3,2,4,5566,0,0,0,1,0,0,0,0
5,4,189,2,1,4,5575,0,0,1,0,1,0,0,1
2,1,156,3,2,3,5937,0,1,0,0,0,0,1,0
5,3,114,6,2,60,1746,0,0,1,0,0,1,0,1
4,4,209,8,2,46,3345,1,0,0,0,0,1,0,1
2,2,159,6,1,6,4044,0,0,1,0,1,0,0,0
4,2,180,4,2,9,4329,0,0,0,1,0,0,1,0
4,2,242,3,2,8,4644,0,1,0,0,0,1,1,1
4,5,225,4,1,48,2767,0,0,0,1,1,0,1,1
6,4,304,4,1,6,1342,0,0,0,1,0,1,1,0
4,2,210,3,1,9,4102,0,0,0,1,0,1,0,1
4,5,252,2,1,9,4157,0,0,0,0,0,1,0,0
4,3,258,2,1,3,4555,0,0,0,0,0,1,0,0
4,5,165,3,3,5,4735,0,1,0,0,0,1,1,0
7,1,296,4,1,10,1230,1,0,0,0,1,0,0,1
5,1,169,4,1,6,4253,0,0,0,0,0,1,1,1
2,1,226,2,2,1,5576,0,0,0,1,0,0,0,0
4,3,159,2,3,3,5731,1,0,0,0,1,0,1,1
5,1,248,3,2,6,5081,0,0,1,0,0,1,1,1
4,4,208,2,3,20,2759,1,0,0,0,1,0,0,1
3,2,140,2,1,16,1685,0,0,0,1,0,1,0,1
3,2,224,3,1,7,5896,0,0,0,1,0,1,0,0
4,2,186,7,2,40,3111,0,0,0,1,0,1,0,1
3,3,224,4,2,10,4147,0,0,0,0,0,1,1,0
4,1,140,3,2,1,1464,0,0,0,1,0,1,0,1
4,2,237,6,1,8,5695,0,0,0,0,0,0,0,0
4,1,264,3,1,39,3719,0,0,1,0,0,1,0,1
3,1,275,2,3,1,2597,0,0,0,1,0,1,0,1
3,5,188,3,3,9,3206,0,1,0,0,1,0,0,1
6,4,272,4,1,7,1706,0,0,0,0,0,1,0,1
4,2,139,4,1,41,1511,0,0,0,1,0,0,0,1
4,1,182,3,2,28,2005,0,0,0,1,1,0,1,1
3,3,249,4,1,7,5868,1,0,0,0,0,1,1,1
3,2,140,3,2,8,5724,1,0,0,0,0,0,1,0
4,5,246,2,2,31,2415,0,0,0,1,1,0,1,1
4,5,157,3,2,10,5898,0,1,0,0,0,0,1,1
4,1,150,3,1,10,4470,0,0,0,0,0,0,0,0
4,5,173,2,2,5,4776,0,0,0,1,0,0,0,1
6,1,250,5,1,53,3352,1,0,0,0,0,1,0,1
2,4,273,4,1,7,4743,0,0,0,0,1,0,0,1
5,5,128,5,1,34,1008,0,1,0,0,1,0,1,1
4,2,182,3,2,14,3413,0,0,0,1,0,0,1,1
6,2,268,4,1,7,1943,0,0,1,0,0,0,1,0
3,4,150,2,1,6,5987,0,1,0,0,0,0,0,0
3,3,147,4,1,60,1722,0,0,0,1,1,0,0,1
3,3,270,3,3,7,4690,0,0,0,1,0,1,0,1
4,2,249,6,1,9,1673,0,0,0,0,0,0,0,1
6,1,215,4,1,1,4581,0,1,0,0,0,0,1,1
4,1,172,3,3,24,1066,0,0,0,0,0,1,0,1
4,4,184,3,1,4,1330,0,0,1,0,0,1,1,1
4,1,195,3,1,2,4418,0,1,0,0,1,0,1,0
3,1,202,2,2,62,3398,0,0,0,1,0,1,1,1
5,2,136,2,1,3,1370,0,0,0,1,0,1,1,0
3,5,241,4,1,3,5051,1,0,0,0,0,1,0,0
3,1,271,3,2,1,5486,0,0,1,0,0,1,1,1
4,2,233,4,3,6,5256,0,0,1,0,0,1,0,0
3,5,218,4,2,60,3048,0,0,0,1,0,0,1,1
3,5,137,3,3,28,1815,0,0,0,1,0,1,0,1
4,2,243,3,2,13,2850,0,1,0,0,0,1,0,1
5,3,275,5,1,7,1349,0,0,0,1,0,1,1,0
5,1,172,2,3,7,5165,0,0,0,1,0,1,0,0
3,3,215,2,1,2,5661,1,0,0,0,0,0,0,0
4,2,222,2,2,5,4268,1,0,0,0,0,0,1,0
4,1,258,4,1,5,5664,0,1,0,0,0,1,1,0
3,4,188,4,1,2,1059,0,1,0,0,1,0,1,1
3,5,216,4,1,3,4934,0,0,0,0,0,1,0,0
6,4,262,4,1,10,1068,0,1,0,0,0,0,0,1
3,5,220,3,1,9,5672,0,0,1,0,0,1,0,1
4,2,221,3,1,7,4856,0,0,1,0,1,0,0,0
3,2,216,2,1,1,4350,1,0,0,0,1,0,0,1
5,2,128,5,2,45,1707,0,0,0,1,0,0,0,1
2,4,206,2,1,30,3955,0,1,0,0,0,1,0,1
5,4,137,2,1,2,4077,0,0,0,1,0,1,0,1
3,4,143,3,1,10,5261,0,0,0,1,0,0,1,0
4,2,181,3,2,4,5717,0,0,0,1,0,1,1,0
3,2,188,3,2,8,5709,1,0,0,0,1,0,1,0
3,5,233,3,2,7,5787,0,0,0,1,0,1,0,0
4,2,257,2,3,3,4108,0,0,0,1,0,0,1,1
2,3,277,3,2,1,1738,0,0,0,1,0,1,0,0
4,1,255,5,1,9,1793,0,0,0,1,0,1,0,1
5,3,218,6,1,6,1519,0,0,0,1,0,0,0,1
4,3,260,3,2,4,5770,0,0,0,1,0,1,0,1
4,5,201,2,3,2,4657,0,0,0,1,0,1,0,0
5,1,258,5,1,4,1032,0,0,0,1,0,1,0,0
3,4,235,3,1,52,3447,0,0,0,1,0,1,1,1
4,1,219,3,1,5,5632,1,0,0,0,0,1,0,0
3,5,247,3,2,10,4286,0,0,0,0,0,1,1,1
3,1,180,6,1,5,4802,0,0,0,1,1,0,1,1
6,1,279,4,1,4,1263,0,1,0,0,0,0,0,1
6,1,251,4,1,2,5656,0,0,0,1,0,1,1,0
3,1,180,7,2,10,5536,1,0,0,0,0,1,1,0
4,2,229,4,1,8,5385,0,0,0,1,0,1,1,0
4,4,266,3,1,6,5758,0,0,0,1,1,0,0,1
5,2,244,6,1,1,1199,0,0,0,1,1,0,1,0
5,4,201,2,1,5,5593,1,0,0,0,1,0,1,1
3,2,245,3,1,61,2188,0,0,1,0,1,0,0,1
3,1,175,3,2,1,4872,0,0,1,0,0,1,1,0
5,5,124,3,1,10,4331,0,0,0,1,0,1,1,0
4,4,209,6,1,62,3532,0,0,1,0,0,1,1,1
4,3,204,3,2,2,5010,1,0,0,0,0,0,1,0
3,4,226,3,1,7,4411,0,0,0,1,0,1,0,1
5,4,199,5,2,6,5210,0,0,0,0,0,1,1,1
4,4,187,3,3,6,4567,0,0,1,0,0,1,1,0
4,1,241,4,2,5,5080,0,0,0,0,0,1,1,0
5,5,139,4,2,3,4433,0,0,0,1,0,1,0,1
3,2,133,3,2,1,5026,0,0,0,0,0,1,1,1
4,4,170,2,1,34,1512,1,0,0,0,0,1,1,1
4,1,166,3,3,3,1453,0,1,0,0,0,1,0,1
3,4,257,4,1,9,4537,0,0,0,1,0,1,1,0
4,2,195,3,2,8,5198,0,0,0,1,0,1,1,0
3,4,165,3,3,10,4910,0,0,0,0,0,1,1,0
7,3,270,4,2,10,1211,0,0,1,0,0,1,0,0
6,3,285,7,2,7,5030,1,0,0,0,0,0,1,1
3,2,137,2,2,17,1673,0,1,0,0,0,0,1,1
3,5,119,3,2,7,1021,0,0,0,1,0,1,1,1
4,5,243,3,1,2,4909,0,0,0,0,0,1,0,0
3,4,226,3,2,26,2299,1,0,0,0,0,1,0,1
4,4,267,5,2,9,1716,0,0,0,1,0,1,0,1
4,5,261,10,1,7,5208,0,0,0,1,0,1,1,0
7,1,308,4,2,2,1504,0,0,0,1,0,1,0,0
4,5,170,3,1,9,1138,0,0,0,1,0,1,0,1
3,2,140,3,1,42,1465,0,0,0,1,1,0,0,1
5,2,258,2,2,4,5965,0,0,0,0,0,1,0,0
2,2,182,3,3,6,4112,0,0,1,0,0,1,1,1
4,5,157,4,2,12,1038,0,0,0,1,0,0,0,1
5,4,199,4,2,2,4902,0,0,0,0,0,1,1,1
4,5,171,2,2,1,4439,0,1,0,0,0,0,0,0
4,3,229,6,2,1,1235,1,0,0,0,0,1,1,1
4,2,182,3,2,7,4710,0,0,0,1,0,1,1,1
2,5,134,10,3,8,5472,0,0,0,1,0,0,1,0
4,3,137,3,2,5,4854,0,0,1,0,0,1,1,1
4,2,236,3,1,4,4800,0,0,0,1,0,1,1,0
5,5,238,5,1,2,1657,0,0,0,1,0,0,1,0
5,4,216,3,2,2,5404,0,0,0,0,0,1,0,1
5,1,135,3,1,10,5301,0,0,1,0,0,1,0,1
3,4,202,4,3,20,3655,0,1,0,0,0,0,1,1
4,4,153,3,1,13,1402,1,0,0,0,0,1,1,1
3,5,195,2,1,4,4864,1,0,0,0,1,0,0,0
4,2,162,6,1,4,4094,0,0,0,1,1,0,0,0
7,5,291,4,3,6,1135,1,0,0,0,1,0,1,0
4,2,195,5,2,9,5178,1,0,0,0,0,1,1,1
5,1,129,5,2,35,1458,1,0,0,0,0,1,1,1
3,3,150,2,2,6,4170,1,0,0,0,0,1,1,1
6,4,304,4,1,7,1226,0,1,0,0,0,1,1,1
4,4,165,5,1,21,1727,0,0,0,1,0,1,1,1
6,4,290,4,2,10,1366,0,0,0,0,0,1,1,0
4,4,275,3,1,10,5674,1,0,0,0,0,1,1,1
4,1,143,2,2,5,4057,0,0,0,0,0,1,0,0
3,3,161,2,2,38,1521,0,0,0,0,0,1,0,1
3,4,206,3,2,5,5915,1,0,0,0,1,0,0,0
6,2,278,4,3,8,1967,0,0,0,1,1,0,0,0
5,5,214,3,1,31,2033,0,0,0,1,0,1,0,1
3,2,201,3,2,7,4890,0,1,0,0,0,1,1,0
3,4,137,3,2,17,1212,0,0,0,0,0,1,0,1
2,3,157,4,1,3,1203,0,0,0,1,0,1,1,1
4,4,186,7,2,9,5418,0,0,0,1,0,1,1,0
5,3,184,4,2,2,3798,1,0,0,0,0,1,0,1
4,1,162,6,1,1,5525,0,1,0,0,0,1,1,1
2,4,255,7,1,10,5875,1,0,0,0,0,1,1,0
3,2,217,2,3,19,2992,0,0,0,1,1,0,1,1
4,3,140,3,1,1,4453,0,0,0,1,0,1,1,0
4,5,159,2,1,3,5704,0,0,0,1,1,0,0,0
5,2,196,3,2,44,2085,0,0,0,0,1,0,1,1
2,5,160,3,1,19,1399,0,0,0,1,1,0,0,1
4,2,264,3,1,10,5137,0,0,0,0,0,1,1,1
5,3,257,5,1,8,1409,1,0,0,0,0,1,0,0
4,3,182,3,3,3,5624,0,0,0,1,0,0,0,0
4,3,255,2,3,47,2956,0,0,0,1,0,1,1,1
3,4,191,2,2,8,5667,0,0,1,0,0,1,1,1
6,3,265,5,2,10,1897,1,0,0,0,0,1,1,0
6,2,265,3,1,3,1904,0,0,0,0,0,1,1,1
4,5,133,3,1,53,1467,0,1,0,0,0,1,0,1
6,3,166,3,1,2,5559,0,0,0,1,0,1,0,0
4,5,181,3,2,1,5310,0,0,1,0,1,0,1,0
4,5,268,2,1,2,4721,0,0,0,1,0,1,1,1
3,1,268,4,1,10,5226,0,1,0,0,0,1,1,1
3,5,156,4,1,5,4661,0,0,1,0,0,1,1,1
3,5,260,3,2,7,5379,0,0,0,0,0,0,1,1
4,5,149,2,1,2,5724,0,0,1,0,0,1,1,1
5,2,265,4,1,7,4883,0,1,0,0,0,0,0,0
5,2,235,2,1,10,4938,0,0,0,1,0,1,0,0
5,1,216,10,2,2,5672,0,0,0,1,0,1,0,0
5,5,271,4,3,10,4305,0,0,0,0,0,1,1,1
4,3,201,2,2,18,3461,0,0,0,0,0,1,0,1
4,5,157,3,2,28,1557,1,0,0,0,0,0,1,1
7,1,278,4,1,10,1508,0,0,1,0,0,1,1,1
3,4,236,3,2,5,5466,0,0,0,1,0,1,0,0
5,3,241,5,1,2,1834,0,0,0,0,0,0,0,1
4,4,148,3,1,4,5716,0,0,1,0,0,0,1,1
5,5,213,2,3,12,2522,0,1,0,0,0,1,1,1
5,4,208,2,1,9,4569,0,1,0,0,0,1,1,0
3,2,173,3,3,40,1723,0,0,0,0,0,1,1,1
4,4,177,2,1,6,5116,0,0,0,1,0,1,0,0
6,4,279,4,1,1,1621,0,0,0,0,0,1,0,0
5,1,186,10,1,64,2529,0,0,0,1,0,1,1,1
4,2,198,2,1,60,3368,0,0,0,1,0,1,1,1
4,5,266,3,2,8,4889,0,0,0,1,1,0,1,0
5,1,201,3,2,65,2488,0,0,0,0,0,1,0,1
2,3,257,2,1,1,5331,0,1,0,0,0,1,0,1
5,2,172,3,2,65,1667,0,0,0,1,0,1,1,1
3,2,198,2,2,8,5889,0,0,1,0,0,1,1,0
4,5,134,3,2,3,5000,0,0,0,1,0,0,1,1
3,2,167,4,2,49,1973,0,0,0,1,0,1,1,1
5,4,227,2,1,9,5706,1,0,0,0,0,0,0,1
4,4,273,2,1,1,5759,0,0,1,0,0,1,1,1
4,1,224,4,2,5,4887,0,0,0,0,0,1,0,0
4,1,258,3,1,10,4906,0,0,1,0,0,1,0,0
4,3,148,5,2,2,4065,0,0,0,1,0,0,1,1
4,2,200,4,1,43,2747,0,0,0,1,1,0,1,1
5,2,221,6,2,2,1781,0,0,0,0,1,0,1,1
3,2,268,4,1,6,4415,0,1,0,0,0,1,1,0
4,4,190,3,1,2,4800,0,0,0,1,0,1,1,0
4,3,179,3,2,40,1584,1,0,0,0,0,1,1,1
4,1,225,3,2,9,4242,0,0,0,0,0,1,1,1
5,3,208,3,2,35,3884,0,0,0,1,0,1,1,1
2,2,139,3,2,23,1283,0,1,0,0,0,1,0,1
4,2,250,5,2,10,1026,1,0,0,0,0,1,1,1
3,2,238,4,1,7,5254,1,0,0,0,0,1,0,0
2,3,160,2,3,3,4409,0,1,0,0,0,0,1,0
5,5,284,6,1,9,3912,0,0,0,1,1,0,1,1
5,3,237,4,1,8,5432,0,0,0,1,0,1,0,0
4,2,240,3,2,9,5170,0,1,0,0,0,1,1,1
4,4,207,2,2,14,2945,0,1,0,0,0,1,0,1
3,2,257,2,3,46,2848,0,0,0,1,0,1,0,1
5,5,250,2,2,10,5475,0,1,0,0,0,1,1,1
5,2,146,7,1,7,5204,0,0,1,0,0,1,1,0
4,5,265,3,2,41,3101,1,0,0,0,1,0,0,1
4,2,259,4,1,13,2495,1,0,0,0,0,1,0,1
6,1,286,7,2,7,2338,0,0,1,0,0,1,0,1
3,1,256,4,2,3,4398,0,1,0,0,0,1,0,1
6,4,298,4,2,8,1437,1,0,0,0,1,0,0,1
3,3,244,3,1,6,5109,0,0,0,1,1,0,1,0
6,3,310,5,1,6,1139,1,0,0,0,0,1,1,0
2,2,150,3,1,6,5854,0,0,0,1,1,0,0,1
3,1,134,3,2,10,4200,0,1,0,0,0,1,1,0
4,1,273,3,1,5,5323,1,0,0,0,0,1,0,0
2,1,208,2,1,10,4671,1,0,0,0,0,1,1,1
4,3,117,3,2,4,4666,1,0,0,0,0,0,0,0
4,3,142,2,2,63,1615,0,1,0,0,0,1,0,1
5,3,262,5,1,8,1493,0,1,0,0,0,1,0,1
3,5,255,7,2,8,4091,0,0,0,0,0,0,1,1
5,2,168,3,1,50,1486,0,0,0,1,0,1,0,1
4,5,195,3,2,7,4835,1,0,0,0,0,0,1,0
5,4,157,7,2,3,4723,0,0,0,1,0,1,1,0
3,5,206,3,2,39,2929,1,0,0,0,0,1,1,1
7,5,282,5,1,7,1260,0,0,0,1,0,1,1,1
5,1,253,6,2,12,2486,0,1,0,0,1,0,1,1
4,5,168,2,3,2,5776,0,0,0,1,0,1,1,0
3,3,259,3,2,4,4259,0,0,1,0,0,1,0,0
5,3,252,4,2,63,3729,0,1,0,0,0,1,1,1
3,5,152,6,1,32,1158,1,0,0,0,0,1,0,1
4,2,249,2,2,7,5876,0,0,0,0,0,1,0,1
3,5,159,2,3,9,4099,1,0,0,0,1,0,0,1
4,3,149,3,2,5,4031,0,0,1,0,0,1,0,0
5,5,186,4,2,9,5592,1,0,0,0,0,1,0,1
3,2,207,2,1,9,4671,0,0,0,1,0,1,1,0
4,3,262,2,2,3,4064,1,0,0,0,0,0,0,1
3,5,257,3,1,5,5657,0,0,0,0,0,1,1,0
4,4,254,3,1,7,5637,0,0,0,0,0,1,1,0
4,4,204,3,2,8,5614,1,0,0,0,1,0,1,0
5,3,197,5,1,1,5581,1,0,0,0,1,0,0,0
4,2,271,3,2,4,5902,0,0,0,0,0,1,0,0
5,5,266,2,2,7,5712,0,0,0,1,0,1,1,1
4,1,198,3,2,1,4090,0,1,0,0,0,1,0,0
6,1,293,5,2,7,1052,1,0,0,0,0,0,0,0
4,3,248,3,2,5,4667,0,0,1,0,0,0,0,0
3,4,257,5,2,5,5365,0,0,0,1,0,1,0,0
3,2,142,2,1,7,4082,0,0,0,1,0,1,1,0
6,4,247,4,2,3,1946,0,0,0,1,0,1,1,0
5,2,248,5,2,1,1845,0,1,0,0,0,1,0,1
4,1,221,3,1,3,2546,0,1,0,0,0,1,0,1
3,1,191,3,1,1,4705,1,0,0,0,0,0,1,0
2,5,104,7,1,12,1064,1,0,0,0,1,0,1,1
6,2,135,5,1,26,1585,0,0,1,0,0,1,1,1
4,5,215,3,2,21,3984,0,0,0,1,0,1,0,1
5,5,132,3,1,5,4195,0,0,0,1,1,0,1,1
4,4,145,3,3,2,5665,0,1,0,0,0,1,1,0
5,4,215,2,1,45,3501,0,1,0,0,0,1,0,1
5,3,263,2,1,3,4474,0,0,0,0,0,1,1,1
3,1,207,4,1,9,4252,0,0,0,1,0,1,1,0
4,4,134,2,1,1,5209,1,0,0,0,0,1,1,1
3,1,135,3,1,9,4511,0,0,0,1,0,0,1,0
4,2,270,5,1,5,1747,0,0,0,1,0,0,0,1
5,3,150,2,1,2,1682,0,0,0,0,0,1,1,1
3,4,160,4,2,9,4733,0,0,0,1,0,1,1,1
5,2,250,6,1,1,1296,0,1,0,0,0,1,1,1
4,5,148,3,1,5,4913,1,0,0,0,1,0,1,0
4,1,150,3,3,17,1923,0,0,0,1,0,1,0,1
6,1,134,3,2,10,1278,1,0,0,0,0,0,1,1
2,1,257,2,1,24,2130,0,0,0,0,0,1,0,1
7,4,287,4,1,9,1667,0,0,0,1,0,1,1,1
4,1,253,4,1,1,5621,1,0,0,0,0,1,0,0
3,3,266,2,2,46,3594,0,0,0,1,1,0,1,1
4,1,258,3,2,2,4188,0,0,1,0,1,0,1,0
6,1,222,8,1,2,4914,0,1,0,0,0,1,1,0
3,3,191,3,1,4,4586,1,0,0,0,0,0,1,0
4,4,197,3,2,41,3280,0,0,0,1,1,0,0,1
3,4,141,3,2,2,5512,0,0,0,1,0,1,1,0
2,1,258,5,1,9,1548,0,0,0,0,1,0,0,1
3,3,242,2,1,7,4501,0,1,0,0,0,1,0,0
7,4,283,5,1,6,1882,0,0,0,1,0,1,1,1
4,5,216,3,2,7,5891,0,0,0,1,1,0,0,0
5,2,222,5,1,1,1672,0,0,0,1,1,0,0,0
4,5,245,3,2,2,5439,0,1,0,0,0,1,0,1
4,5,244,3,1,49,3914,0,1,0,0,0,1,0,1
2,5,140,4,3,2,4636,1,0,0,0,0,1,0,1
7,2,282,5,1,6,1744,0,0,0,1,0,1,1,1
3,4,169,4,2,32,1245,0,1,0,0,0,1,0,1
6,1,104,4,2,23,1442,0,1,0,0,0,1,0,1
6,5,253,4,2,8,1899,1,0,0,0,0,1,1,1
4,1,211,3,2,2,5851,0,0,1,0,0,0,0,0
4,3,166,4,2,1,4536,0,0,0,1,0,1,0,0
4,3,153,3,2,2,1095,1,0,0,0,0,1,1,1
5,5,223,5,2,8,1132,0,1,0,0,0,1,1,0
4,3,143,3,2,3,5062,0,1,0,0,0,1,0,1
4,3,234,3,2,9,4868,0,1,0,0,0,1,0,1
6,1,268,4,1,1,1654,0,0,1,0,0,1,0,1
3,1,178,3,1,11,1481,0,0,1,0,0,1,0,1
3,3,153,5,1,12,1972,0,0,0,1,0,1,0,1
4,5,258,3,1,3,5422,0,1,0,0,0,1,0,1
4,2,198,6,2,5,4659,1,0,0,0,0,1,1,0
4,3,192,4,1,3,1406,0,0,1,0,0,1,0,1
4,3,273,10,2,6,4251,0,0,0,1,0,1,1,1
4,1,212,3,1,3,4896,0,0,1,0,0,1,1,0
4,3,268,5,2,7,1932,0,1,0,0,1,0,1,1
4,1,164,2,2,3,1124,0,0,0,1,0,0,0,1
3,5,143,3,1,10,5021,0,0,0,0,0,1,0,0
2,5,211,4,1,1,5673,0,0,1,0,0,1,1,0
3,1,121,5,1,62,1505,0,0,0,1,0,1,1,1
4,1,243,3,3,5,5989,0,0,0,1,0,1,0,0
4,5,132,4,2,28,1715,0,0,1,0,0,1,0,1
4,3,140,2,1,22,1248,0,0,0,1,0,1,0,1
3,5,274,3,2,51,3476,0,0,1,0,0,1,0,1
4,2,274,3,2,7,4477,0,0,1,0,0,1,0,1
3,4,212,2,1,33,2021,0,0,0,0,0,1,1,1
4,3,276,4,1,3,3889,0,0,0,0,0,1,0,1
5,1,245,3,2,9,5690,0,1,0,0,0,1,1,0
3,1,174,3,1,9,4380,0,0,0,1,0,1,0,1
5,1,180,2,1,35,1204,0,0,0,1,0,1,1,1
3,1,250,2,2,9,4753,0,0,0,1,0,1,0,0
4,1,253,5,1,2,1362,0,1,0,0,0,1,0,0
7,5,308,5,2,6,1154,0,0,0,1,0,0,1,0
4,4,173,3,2,64,1847,0,0,0,1,0,0,0,1
4,4,225,5,1,1,1476,0,0,0,1,0,0,0,1
4,5,239,3,2,1,5482,0,0,0,1,0,1,1,1
3,3,181,2,3,65,3234,0,0,0,1,0,1,1,1
7,3,244,5,2,10,1913,0,0,0,1,0,0,0,1
3,2,116,2,1,22,1430,1,0,0,0,0,1,0,1
4,3,218,2,1,7,4423,1,0,0,0,0,1,0,0
5,1,262,5,2,4,1196,1,0,0,0,0,1,1,0
4,1,247,3,1,9,2414,0,0,0,1,0,0,0,1
4,2,257,3,2,8,5772,0,0,0,0,0,0,1,0
6,2,247,4,1,3,1752,0,0,0,1,0,1,0,0
5,1,237,2,1,10,3860,0,0,0,1,0,0,0,1
5,5,260,5,1,6,1860,0,0,1,0,0,1,0,0
5,4,143,2,1,8,5291,0,0,0,1,0,0,0,0
2,1,218,2,1,15,2745,0,0,1,0,0,0,1,1
5,4,228,4,1,8,4831,0,0,0,1,1,0,0,1
2,5,189,3,1,5,5320,0,0,0,1,0,1,0,0
5,4,265,2,1,2,5164,0,0,0,0,0,1,0,1
4,1,226,7,1,41,2964,0,0,0,1,1,0,1,1
3,4,226,2,3,8,5793,0,0,0,1,1,0,0,0
5,5,272,2,1,4,5342,0,0,0,1,1,0,0,0
4,2,265,6,1,8,1391,1,0,0,0,1,0,1,1
4,3,225,5,1,1,1755,1,0,0,0,0,0,1,0
3,2,165,2,1,24,1966,0,1,0,0,0,1,0,1
3,4,240,2,2,2,5661,0,0,0,0,0,1,0,0
2,5,160,4,1,7,5754,0,0,0,1,1,0,0,0
5,1,266,5,1,9,1852,0,0,0,1,0,0,0,0
4,5,256,3,2,10,4504,0,0,0,1,0,1,1,1
3,1,150,2,1,9,1158,0,0,0,0,0,1,1,1
4,4,184,3,2,9,4500,0,0,0,0,0,1,0,0
4,5,224,10,2,7,4521,0,1,0,0,0,1,0,1
6,5,141,3,2,8,5031,1,0,0,0,1,0,1,0
2,3,264,2,1,63,2896,0,0,0,1,0,1,0,1
3,3,176,2,2,34,1856,0,0,0,1,0,1,1,1
3,3,154,2,2,1,5746,0,0,1,0,0,1,0,1
5,5,260,2,2,55,2791,0,1,0,0,0,1,0,1
4,4,189,2,2,18,2955,0,0,0,1,0,1,0,1
3,2,149,5,2,9,4310,0,0,0,1,0,1,0,0
5,4,243,5,2,4,1813,0,0,1,0,0,1,0,0
6,2,284,4,1,7,1181,0,1,0,0,0,0,0,1
3,3,199,3,2,1,4006,0,0,1,0,0,0,0,1
4,5,202,3,2,8,5416,0,0,0,0,0,1,1,0
5,3,245,4,1,1,5743,1,0,0,0,0,1,1,0
3,1,197,5,2,6,5919,0,0,0,1,0,0,0,0
5,4,233,4,2,1,4255,0,0,1,0,0,0,1,1
3,4,237,3,1,1,5980,0,0,0,1,0,1,1,0
4,5,184,3,1,64,3812,0,0,0,1,1,0,0,1
3,1,169,2,2,19,1183,0,0,1,0,0,1,0,1
4,5,162,3,1,31,1170,0,0,0,0,1,0,0,1
4,4,193,3,2,8,4715,1,0,0,0,0,1,1,1
2,1,108,3,1,4,5924,0,0,0,1,0,1,1,1
6,3,98,3,1,8,4651,0,0,1,0,0,1,0,1
3,3,182,3,1,5,5914,0,0,0,1,0,1,0,0
5,5,133,10,2,9,1724,1,0,0,0,0,1,1,1
4,3,212,2,1,8,5513,0,0,0,1,0,1,1,0
3,4,257,3,1,4,4883,1,0,0,0,1,0,0,0
3,1,268,3,1,2,4746,0,0,0,1,0,1,1,1
4,2,237,3,1,1,5114,0,0,1,0,1,0,1,0
5,5,167,8,1,44,1547,0,0,0,1,0,1,1,1
3,3,190,3,2,2,4468,0,1,0,0,1,0,1,1
4,4,97,6,1,4,5801,1,0,0,0,1,0,1,0
3,1,265,3,2,10,4244,0,0,1,0,0,0,0,0
6,4,291,4,1,5,1327,1,0,0,0,0,1,0,0
2,3,243,5,2,5,4750,1,0,0,0,0,1,1,1
4,1,274,4,2,61,3402,0,0,0,0,1,0,1,1
4,2,203,4,2,9,4217,0,0,0,0,0,0,0,0
4,1,171,2,1,3,4271,1,0,0,0,0,0,1,0
5,5,190,4,2,12,2947,0,0,0,1,1,0,1,1
4,4,217,6,2,9,1974,0,0,0,1,0,1,1,0
3,5,161,3,1,4,5629,0,0,0,0,0,0,0,0
5,2,249,5,1,8,1018,1,0,0,0,0,1,0,1
3,3,137,3,1,8,4742,0,0,0,1,0,1,0,0
4,5,161,3,2,2,5378,0,0,0,1,0,1,0,0
3,3,149,3,2,3,4189,0,1,0,0,0,0,0,0
4,2,225,8,1,8,5623,0,0,0,1,0,1,0,0
4,2,181,3,2,6,5964,0,1,0,0,0,1,1,0
4,1,151,5,3,28,1148,0,0,0,0,0,1,1,1
3,4,183,2,2,52,2078,0,0,0,1,0,1,0,1
3,4,254,2,2,2,5957,0,0,1,0,0,1,1,0
4,5,213,3,2,7,4114,1,0,0,0,1,0,0,0
4,2,208,3,1,8,4342,0,0,0,1,0,1,1,0
5,1,248,2,1,9,5881,1,0,0,0,1,0,0,1
3,3,154,2,1,57,1096,0,1,0,0,0,1,0,1
6,3,226,3,3,4,4604,0,0,1,0,0,0,0,1
4,1,215,2,1,32,3066,0,0,0,1,0,0,1,1
3,3,126,10,1,10,4128,0,0,1,0,0,1,1,0
2,1,258,5,1,10,1221,0,0,0,1,0,1,1,1
4,1,224,2,1,6,4454,0,0,0,0,0,1,0,1
3,4,165,2,1,48,1706,0,1,0,0,0,1,1,1
4,5,155,3,2,8,4924,0,0,0,1,0,1,1,0
5,2,182,4,2,9,5159,0,1,0,0,0,1,0,0
4,1,252,3,2,4,5540,0,1,0,0,0,1,1,0
5,2,219,5,1,9,1505,0,0,1,0,0,0,0,0
3,1,215,6,3,42,3715,0,0,0,1,1,0,1,1
3,1,254,4,2,9,4571,0,1,0,0,1,0,1,0
4,4,248,5,2,2,1651,1,0,0,0,0,0,1,0
6,3,244,3,2,4,5277,0,0,0,1,0,1,1,1
4,4,228,5,1,6,1853,0,0,1,0,0,1,1,1
4,4,223,10,1,24,3271,0,0,1,0,0,1,1,1
5,1,238,5,1,5,5854,0,0,1,0,0,1,0,0
5,3,150,3,2,21,1187,0,0,0,1,0,1,1,1
5,4,281,4,2,56,3709,0,0,0,1,0,1,1,1
3,5,251,4,2,3,5215,0,0,0,1,0,1,0,1
6,3,270,3,1,56,3251,0,0,0,1,1,0,0,1
2,1,185,6,2,7,4138,1,0,0,0,1,0,0,1
5,3,257,5,2,5,4183,0,0,1,0,0,1,1,0
3,4,227,4,1,9,5465,0,0,1,0,0,1,0,0
4,4,264,3,1,6,5959,0,0,0,1,0,1,1,1
5,1,256,7,1,50,3837,0,0,0,1,0,1,0,1
3,5,192,2,2,5,2339,0,0,1,0,1,0,0,1
3,3,203,2,1,1,5244,0,0,0,0,0,1,1,0
4,1,194,3,2,9,5804,1,0,0,0,0,1,0,0
6,2,254,5,1,7,1638,1,0,0,0,0,1,1,1
3,1,123,5,2,10,4231,0,0,1,0,0,1,0,0
6,2,263,4,1,1,1258,0,1,0,0,0,1,0,1
3,1,162,8,3,10,5429,1,0,0,0,0,0,0,0
2,3,219,4,1,9,4086,0,1,0,0,0,1,0,0
5,2,191,4,1,3,5578,0,0,0,1,1,0,0,0
6,4,289,4,3,4,1822,1,0,0,0,0,0,0,0
3,2,224,3,1,40,2180,0,0,0,1,0,0,1,1
5,2,221,6,2,4,1952,0,0,0,1,1,0,1,1
5,2,123,5,1,4,5284,0,0,1,0,0,1,0,0
4,2,242,3,2,10,4721,0,0,0,0,0,1,1,0
5,2,272,3,3,5,4972,0,1,0,0,0,1,1,0
5,2,249,6,1,8,1170,0,0,0,1,1,0,1,1
3,1,185,2,2,34,3299,0,0,0,0,0,0,0,1
3,3,218,3,1,19,3770,0,0,0,1,0,1,1,1
2,1,121,3,2,25,1124,0,0,0,1,0,1,1,1
4,5,169,10,2,6,4385,0,0,1,0,1,0,0,0
6,5,260,4,2,10,1799,1,0,0,0,0,1,0,0
3,5,151,6,1,8,4692,0,1,0,0,0,0,1,1
4,4,261,5,2,2,1829,0,0,0,1,0,1,0,0
6,5,279,4,2,7,1300,0,1,0,0,0,1,1,0
5,1,179,2,1,8,5198,0,1,0,0,0,1,1,1
5,2,206,2,2,2,5627,0,0,0,1,0,1,0,1
6,4,209,5,1,53,3169,0,0,0,0,0,1,0,1
4,3,185,3,2,3,3131,0,0,1,0,0,1,1,1
3,4,228,2,2,65,3943,0,0,0,1,0,1,1,1
4,4,223,5,2,1,1124,1,0,0,0,0,1,1,1
4,5,204,3,2,4,5476,0,0,0,0,1,0,0,0
4,1,182,6,1,41,2047,0,0,0,1,1,0,1,1
5,2,237,5,2,6,1084,0,1,0,0,0,1,1,0
5,2,217,3,3,21,2600,0,0,0,1,0,0,1,1
4,4,203,2,1,4,4793,0,1,0,0,0,1,0,0
5,1,176,6,2,9,4839,0,0,0,0,0,1,1,1
2,3,188,3,2,51,3191,0,0,0,1,0,1,0,1
3,2,146,6,2,62,1162,0,0,0,0,0,1,0,1
4,5,269,4,2,60,3456,0,0,1,0,0,1,1,1
3,5,259,3,1,10,5978,0,0,0,0,0,1,0,0
4,1,256,3,1,6,5818,0,0,0,0,0,1,1,0
5,4,140,3,3,56,1332,1,0,0,0,0,1,0,1
3,4,253,3,1,6,3788,0,1,0,0,0,1,1,1
3,3,166,2,2,4,4254,0,0,1,0,0,1,1,1
6,5,291,4,1,3,1102,0,0,0,1,0,1,1,1
4,3,212,4,1,28,2422,0,0,0,1,0,1,1,1
4,1,102,3,2,3,4179,0,0,0,1,0,0,1,0
4,5,175,3,2,5,4194,0,0,0,1,1,0,0,0
3,4,253,3,3,8,5857,0,1,0,0,0,1,0,0
4,1,183,3,2,4,4789,0,0,0,1,0,1,0,0
3,5,238,6,2,8,5620,0,0,0,0,0,1,1,0
3,5,146,5,1,3,5489,0,0,1,0,0,1,0,0
3,1,207,3,1,5,4643,1,0,0,0,1,0,0,1
4,3,149,2,1,58,1657,1,0,0,0,0,1,0,1
4,3,296,2,2,9,1523,0,0,0,0,0,1,0,1
3,4,239,8,3,4,4192,0,0,0,1,0,0,1,0
4,4,258,3,2,8,5324,0,0,0,1,0,0,1,1
3,5,163,3,1,5,4570,0,0,1,0,1,0,1,0
3,4,167,3,2,52,1755,0,0,1,0,0,0,1,1
2,2,180,3,1,2,5033,0,1,0,0,0,1,1,1
4,4,231,3,1,9,4305,0,0,0,1,0,1,1,1
5,5,166,2,3,2,4562,1,0,0,0,0,1,0,1
4,5,139,3,1,65,1277,0,0,0,0,0,1,0,1
5,5,217,6,2,1,1761,0,0,1,0,0,1,1,0
6,1,163,4,3,3,4031,0,0,0,1,1,0,1,1
3,3,197,2,2,10,5255,0,0,1,0,0,1,1,0
7,1,255,4,2,8,1088,0,0,0,1,0,1,0,1
3,1,219,8,1,1,4122,0,0,0,0,1,0,0,1
4,1,257,3,1,47,1308,1,0,0,0,0,1,1,1
4,4,134,3,1,14,1716,0,0,0,1,0,1,0,1
2,5,156,2,1,2,1750,0,1,0,0,0,1,1,1
3,1,225,3,2,2,4284,0,1,0,0,0,1,1,0
5,4,156,2,1,57,1842,0,0,0,1,0,1,0,1
3,3,273,6,1,6,1771,0,0,0,0,0,1,1,1
3,3,137,4,1,6,4803,0,0,0,0,0,1,1,1
5,2,258,5,1,2,1232,0,0,1,0,0,1,0,1
5,2,198,3,1,7,5768,0,1,0,0,0,0,0,1
3,2,238,4,2,49,3179,1,0,0,0,0,0,0,1
2,1,112,5,1,1,4543,0,0,1,0,0,0,0,0
4,2,267,5,1,2,1876,1,0,0,0,0,0,0,0
4,2,147,3,2,44,1873,0,0,0,1,1,0,1,1
4,1,140,2,1,8,4926,0,0,0,1,0,1,1,0
6,2,266,4,2,3,1090,1,0,0,0,0,1,1,0
4,2,146,8,1,7,5245,0,0,0,0,1,0,1,1
4,2,266,3,3,1,5532,0,0,1,0,0,0,1,1
4,2,214,2,1,49,3416,0,0,1,0,0,0,1,1
4,3,246,2,1,6,4908,0,0,0,0,0,1,1,0
3,1,179,2,2,10,4828,0,0,0,0,0,1,0,0
3,3,176,3,2,14,1705,0,0,0,0,0,0,1,1
5,3,150,2,3,9,4446,0,0,1,0,0,1,0,0
5,2,226,3,2,1,5451,0,0,0,1,0,0,0,0
6,5,264,4,2,8,1755,0,0,1,0,0,1,1,0
3,5,183,2,1,10,2621,0,0,0,1,0,1,0,1
4,2,229,2,2,7,4855,0,0,0,1,1,0,0,1
3,4,179,4,1,44,1004,0,0,0,0,0,1,0,1
4,2,174,3,1,4,5625,0,1,0,0,0,1,1,0
3,5,202,2,1,4,3372,0,0,0,1,0,0,0,1
5,2,249,5,2,6,1298,0,0,0,0,1,0,1,0
4,4,216,2,2,6,3255,0,1,0,0,0,1,0,1
5,2,240,6,2,2,1852,1,0,0,0,0,1,0,1
4,2,192,3,1,3,4130,0,1,0,0,0,1,0,1
6,5,278,4,2,6,1140,0,0,1,0,1,0,0,0
4,3,256,2,2,3,4679,0,0,0,1,0,1,0,1
4,3,262,4,3,2,4783,0,1,0,0,0,0,0,1
3,1,242,6,1,10,5493,1,0,0,0,0,1,1,1
5,5,191,4,2,10,4933,1,0,0,0,0,1,0,1
3,2,255,3,2,8,4471,1,0,0,0,0,1,0,0
3,1,202,3,2,5,1556,1,0,0,0,0,1,1,1
3,5,135,2,1,4,5275,0,0,0,0,0,1,0,1
4,2,240,5,2,7,1711,1,0,0,0,0,1,1,1
6,2,244,4,1,4,1245,0,0,0,1,0,1,0,1
5,5,258,5,2,7,1819,0,0,0,1,0,0,1,0
5,5,133,2,1,18,1134,1,0,0,0,0,1,0,1
4,4,197,3,2,20,3080,1,0,0,0,0,1,1,1
5,4,248,5,1,3,1471,0,1,0,0,1,0,0,1
6,5,292,4,1,4,1762,1,0,0,0,0,1,1,1
7,3,305,4,1,3,1872,0,0,0,1,0,1,0,0
3,4,224,2,1,8,4162,0,0,0,0,0,0,1,0
4,5,171,3,2,2,1114,0,0,0,1,0,1,0,1
4,5,219,3,2,8,4605,1,0,0,0,0,1,1,0
4,5,185,3,2,17,2824,0,0,0,1,0,1,1,1
4,3,148,3,3,7,5034,0,0,0,0,0,1,0,1
5,5,142,4,2,8,5372,1,0,0,0,0,0,1,0
4,2,274,2,2,55,3416,0,1,0,0,0,1,1,1
4,5,261,2,2,6,5920,0,0,0,1,0,1,1,0
6,2,279,4,1,5,1836,0,1,0,0,1,0,0,0
5,2,168,2,1,6,5464,0,0,0,0,0,1,1,1
4,1,215,3,1,2,5563,0,1,0,0,0,0,0,1
4,5,105,5,3,4,5824,0,0,0,0,1,0,1,1
4,3,222,3,1,8,4861,0,0,0,1,0,1,0,0
5,3,141,3,1,9,4857,0,0,0,1,0,1,1,0
3,5,160,2,2,41,1495,0,0,1,0,0,1,0,1
5,1,220,3,2,8,5727,0,1,0,0,0,0,1,1
5,5,140,8,2,2,4793,0,0,0,1,0,1,1,1
3,1,219,2,1,39,2696,0,0,0,1,0,1,0,1
3,1,160,2,2,5,4435,0,0,0,0,0,1,1,1
6,5,185,3,3,1,5399,0,0,0,1,0,1,0,1
4,3,242,2,1,3,4811,0,0,0,1,0,1,1,1
6,3,254,5,2,7,1615,0,0,0,1,0,0,0,1
3,3,275,3,2,7,4968,1,0,0,0,0,1,1,0
5,5,230,10,3,3,5391,0,1,0,0,0,1,0,0
4,4,218,2,1,9,5637,0,0,1,0,0,1,1,0
4,4,212,2,2,8,4239,0,0,1,0,1,0,1,0
4,2,136,2,2,17,1285,0,0,0,0,0,0,0,1
3,4,221,3,1,1,4518,0,1,0,0,0,0,0,1
2,1,203,3,2,6,4234,0,0,1,0,0,0,1,0
3,4,260,3,1,21,2003,0,0,0,0,0,1,0,1
3,2,144,3,3,1,5307,0,0,0,1,0,1,1,0
5,5,243,6,2,9,4587,0,0,0,1,0,1,0,0
4,3,249,5,1,3,1012,0,0,0,1,0,1,0,1
5,5,232,3,1,3,5718,1,0,0,0,0,0,0,1
7,2,247,4,2,9,1096,0,0,0,1,0,1,0,1
3,5,137,2,1,6,5709,0,0,1,0,0,1,0,1
4,5,209,8,2,59,2948,0,0,0,1,0,0,0,1
3,1,263,3,2,6,2715,0,0,1,0,0,1,1,1
3,3,274,3,1,5,5981,0,0,0,0,1,0,0,1
3,3,144,2,1,6,5994,0,0,0,1,0,1,1,1
4,3,173,3,2,2,4351,0,0,1,0,0,0,0,0
6,4,256,4,3,2,5021,0,0,1,0,0,1,1,0
4,1,173,3,1,4,4634,0,0,0,1,0,0,0,0
3,5,156,6,1,65,1308,0,0,1,0,0,0,1,1
6,3,310,4,1,2,1817,0,1,0,0,0,1,0,0
5,5,198,5,2,36,2803,0,0,0,0,0,1,1,1
4,2,206,2,2,5,4635,0,0,0,1,1,0,1,0
4,1,152,3,3,26,1464,0,0,0,1,0,1,1,1
4,3,216,2,1,52,3578,0,0,0,1,0,1,1,1
5,2,244,3,1,2,4198,1,0,0,0,0,1,1,0
4,5,241,4,2,58,2874,1,0,0,0,0,1,1,1
3,2,139,2,1,63,1767,1,0,0,0,0,1,1,1
3,2,248,3,2,8,5171,0,1,0,0,0,1,1,0
5,1,173,2,1,4,4242,1,0,0,0,0,1,0,1
3,4,143,3,1,1,4392,0,0,0,1,1,0,0,1
3,4,226,2,2,1,5460,0,0,0,0,0,1,0,0
3,3,239,2,2,2,5625,0,0,0,0,0,1,0,0
3,3,203,3,2,4,5548,0,0,0,0,0,1,0,0
5,3,193,4,2,3,5026,1,0,0,0,1,0,0,0
4,3,139,3,1,1,4986,0,0,0,1,1,0,0,0
2,5,168,2,1,1,4831,0,0,0,1,0,0,0,0
6,4,247,4,1,2,1326,0,0,0,1,0,0,0,0
4,1,137,2,1,3,4657,1,0,0,0,1,0,1,0
5,2,242,5,2,1,1004,0,0,0,0,0,1,0,1
3,1,227,3,1,10,4305,1,0,0,0,0,1,1,1
3,4,285,6,1,27,2249,0,1,0,0,0,1,0,1
4,2,206,7,3,7,5479,0,0,0,1,0,1,1,1
3,5,184,3,1,2,4357,0,1,0,0,0,1,0,1
3,5,244,2,2,10,4064,0,1,0,0,0,1,0,1
4,5,183,4,1,3,5881,0,1,0,0,0,1,1,0
4,1,265,2,1,10,5418,0,0,1,0,0,0,0,1
5,2,168,2,1,10,5225,0,0,1,0,1,0,0,1
5,5,135,3,2,2,5849,0,1,0,0,0,1,1,1
4,4,202,3,1,3,5524,0,0,1,0,0,1,0,1
4,2,272,4,1,3,5566,0,0,1,0,0,1,1,0
2,3,136,3,1,10,4933,1,0,0,0,0,1,1,0
3,3,132,2,1,9,4355,0,1,0,0,0,1,0,1
5,4,223,3,2,7,5738,1,0,0,0,0,1,1,0
7,1,291,4,1,2,1216,0,0,1,0,0,0,1,1
3,5,152,4,2,2,4809,0,0,0,1,0,1,1,0
4,5,267,5,1,7,1983,0,0,0,1,0,1,1,0
5,5,145,2,2,48,1834,0,0,0,0,0,1,1,1
3,1,197,2,1,4,3621,0,0,0,0,1,0,1,1
5,2,239,3,1,47,3673,0,0,0,1,1,0,0,1
6,3,245,5,2,8,5678,0,0,0,1,0,1,0,1
4,1,157,2,2,5,5647,0,0,0,0,0,1,0,0
2,2,182,2,2,14,3751,0,0,1,0,0,1,0,1
5,4,235,4,1,5,4506,0,0,0,1,0,0,1,0
4,1,187,2,1,5,5691,0,0,1,0,0,1,1,0
4,3,192,3,1,43,3498,0,1,0,0,1,0,0,1
3,1,205,2,2,2,5322,0,0,0,0,0,1,0,0
4,2,234,2,3,27,3393,0,0,0,1,0,1,1,1
5,4,187,4,2,1,4147,0,1,0,0,0,1,0,0
4,3,207,10,1,9,4179,0,1,0,0,1,0,0,0
4,1,208,3,1,4,4530,0,0,0,1,0,1,1,1
5,3,175,3,2,7,5047,0,0,0,1,0,1,0,1
3,3,154,2,1,1,5884,0,1,0,0,0,0,1,1
2,1,207,3,2,10,5394,0,1,0,0,0,1,0,0
2,3,211,3,1,8,1172,0,0,0,0,1,0,0,0
5,3,150,3,1,10,4799,0,0,0,0,0,1,1,1
5,4,214,3,1,52,3403,1,0,0,0,0,1,1,1
5,4,244,6,3,3,4089,1,0,0,0,0,1,0,0
3,5,224,3,2,20,2937,1,0,0,0,0,0,0,1
4,5,259,3,2,3,4741,1,0,0,0,1,0,1,1
5,1,276,5,2,5,1358,0,0,0,1,0,1,1,1
6,3,133,5,2,32,1367,0,0,1,0,0,1,1,1
6,5,280,4,1,3,1819,0,0,1,0,0,1,0,1
3,5,179,2,1,17,1364,0,1,0,0,1,0,0,1
3,2,204,4,1,4,4745,0,0,0,1,0,1,1,0
4,2,221,3,1,10,4126,0,0,1,0,0,1,1,0
5,4,279,2,2,1,3933,0,0,0,1,0,1,0,1
6,2,152,2,1,9,1993,0,1,0,0,0,0,0,0
4,1,265,3,2,3,5177,0,1,0,0,0,0,1,0
4,1,161,3,2,3,4590,0,0,0,1,1,0,1,0
5,4,263,4,1,10,1995,0,1,0,0,0,1,0,0
4,2,217,3,1,1,3133,0,0,1,0,0,1,1,1
4,4,301,5,1,6,1931,0,0,0,1,0,1,1,0
4,2,245,3,2,1,4731,0,0,1,0,0,1,1,1
7,5,308,4,2,1,1477,0,0,1,0,1,0,1,1
5,4,252,5,1,2,1847,0,0,0,0,0,1,1,1
4,3,218,5,2,9,1024,1,0,0,0,0,1,0,0
4,1,169,4,1,1,5323,0,0,0,1,1,0,1,0
3,5,149,3,1,9,5412,0,0,0,1,0,1,0,0
3,4,235,2,1,10,4575,0,1,0,0,0,1,0,0
4,1,159,3,1,4,4574,0,0,1,0,0,1,1,0
3,2,263,3,3,44,3802,0,0,0,1,0,1,0,1
5,1,241,4,2,19,2193,0,0,0,1,0,0,0,1
5,1,237,5,2,8,1150,0,0,1,0,0,1,0,1
4,2,232,5,2,3,1500,0,0,0,1,0,1,0,0
5,1,196,3,2,24,2957,0,0,1,0,0,0,1,1
3,1,232,4,2,51,2899,1,0,0,0,0,1,0,1
7,5,254,4,2,6,1014,0,0,0,1,0,0,0,0
4,4,245,2,1,2,4297,0,1,0,0,0,1,0,1
4,3,208,3,2,7,4525,0,0,0,1,0,1,0,1
7,3,278,4,1,8,1909,0,0,0,0,0,1,0,1
5,1,213,2,3,10,5607,0,0,0,0,0,1,0,1
6,5,268,4,2,2,1462,0,0,0,0,0,1,1,0
6,5,255,4,1,3,1624,0,0,0,1,0,1,1,1
6,5,244,4,1,9,1789,0,1,0,0,0,1,1,1
4,3,196,2,1,5,5656,0,0,0,0,0,1,0,0
5,3,254,2,2,5,4764,0,0,0,1,0,0,0,1
5,1,275,4,2,6,1569,0,0,1,0,0,1,0,0
6,2,204,4,2,2,4431,0,0,0,1,0,1,0,0
5,4,242,3,3,4,4805,0,0,0,0,0,1,0,0
5,1,153,2,1,7,4944,0,1,0,0,0,1,0,1
3,1,249,2,2,9,5987,0,0,0,1,0,1,1,1
3,3,200,3,1,46,2460,0,0,0,1,0,1,1,1
3,1,228,2,1,7,4977,0,0,0,0,1,0,0,0
6,1,287,4,2,5,1791,0,0,0,1,0,1,1,1
4,4,155,2,2,6,5942,1,0,0,0,0,1,0,0
4,3,187,2,1,58,3665,0,1,0,0,0,1,0,1
4,2,184,3,2,5,5931,1,0,0,0,0,1,0,1
5,5,167,3,1,10,5591,1,0,0,0,0,1,1,0
5,5,262,6,1,10,1816,0,0,0,0,0,1,1,1
3,2,240,3,2,2,4804,0,0,1,0,0,0,1,0
3,1,146,2,2,8,5375,0,0,0,0,0,1,0,0
4,2,259,3,1,47,3764,0,0,0,1,0,1,0,1
3,1,251,2,1,7,5368,0,0,0,1,0,1,0,1
5,3,268,3,2,9,4152,0,0,0,0,0,1,0,1
4,5,238,3,1,9,1724,0,0,0,1,0,1,1,1
4,5,153,3,3,3,1347,0,0,0,1,0,1,0,1
6,4,271,3,1,7,5192,1,0,0,0,0,1,0,1
3,1,150,3,2,8,1745,0,0,0,0,0,1,0,1
3,1,177,2,1,38,1099,0,0,0,1,1,0,1,1
6,4,268,4,1,9,1793,0,1,0,0,0,0,1,0
3,1,173,2,2,1,5927,0,0,0,1,0,1,0,1
3,1,155,3,2,47,1193,0,0,0,1,1,0,0,1
2,1,198,2,1,8,4323,1,0,0,0,0,1,1,0
4,2,244,3,3,3,4103,0,0,1,0,0,1,0,0
3,2,270,6,2,10,4725,0,0,0,1,0,1,0,1
5,5,244,6,1,1,1222,0,0,0,1,0,1,0,0
6,5,245,4,1,2,1832,0,0,0,1,0,1,1,1
6,3,266,4,1,9,1106,0,0,0,1,0,0,0,1
2,1,219,4,1,6,5124,1,0,0,0,0,1,1,0
2,2,204,4,3,5,5382,0,0,0,0,0,0,1,0
4,3,241,2,2,4,5942,0,1,0,0,0,0,0,1
4,3,235,3,2,4,4739,1,0,0,0,0,1,0,0
7,2,296,4,1,6,1005,0,0,1,0,0,1,0,1
5,1,265,5,2,3,1514,0,0,0,1,0,1,0,1
4,4,165,6,1,5,4640,0,0,0,1,0,0,0,1
4,1,135,2,3,25,1009,0,0,0,1,0,1,0,1
4,3,152,4,2,4,5809,0,0,0,1,1,0,0,0
3,5,243,3,2,4,3189,1,0,0,0,0,1,1,1
5,5,170,2,2,36,1278,0,0,0,0,1,0,0,1
4,5,188,3,1,4,4632,0,0,1,0,1,0,1,0
5,3,191,2,2,7,5783,1,0,0,0,0,0,1,1
3,3,165,2,1,1,5661,1,0,0,0,0,1,1,0
3,4,211,3,3,8,5191,0,0,0,1,0,1,1,1
5,3,217,3,1,6,4934,0,0,1,0,1,0,1,1
5,4,281,4,2,8,1220,0,0,0,1,0,1,1,0
4,3,184,7,2,5,5920,0,0,0,1,0,1,1,1
5,2,227,3,2,2,4058,1,0,0,0,0,0,1,1
3,3,281,2,2,55,3047,1,0,0,0,0,1,1,1
4,5,249,2,1,4,2725,0,0,1,0,0,1,1,1
4,3,208,2,2,4,4767,1,0,0,0,0,1,0,1
3,3,147,8,2,7,5822,0,0,0,1,0,1,0,0
4,1,272,2,1,27,2030,0,0,1,0,0,1,1,1
4,4,170,4,1,5,4574,0,0,0,1,0,1,1,0
4,5,206,3,1,65,2598,0,0,0,1,0,1,0,1
4,4,233,2,2,39,2291,0,0,0,1,0,0,1,1
4,2,206,7,3,3,4991,0,0,1,0,0,1,1,0
4,5,259,5,1,9,1951,0,1,0,0,0,1,0,1
4,2,200,3,2,7,4323,0,1,0,0,0,1,1,0
5,1,184,3,1,19,2625,0,0,0,1,0,0,0,1
3,2,257,3,2,9,5236,0,0,1,0,0,0,1,0
3,1,180,3,1,10,5633,0,0,0,1,0,1,0,0
4,2,239,3,1,65,3679,1,0,0,0,1,0,0,1
3,1,225,2,3,6,5274,0,1,0,0,0,1,1,1
5,1,241,5,2,3,1379,0,1,0,0,0,0,1,0
2,2,237,5,1,8,4461,0,0,0,0,0,0,1,0
4,5,141,2,1,10,5907,0,0,0,1,0,1,0,1
5,3,231,2,1,8,5743,0,0,0,1,0,1,1,1
7,1,285,4,1,2,1516,0,1,0,0,0,1,1,0
4,5,206,2,1,10,4264,0,1,0,0,0,1,0,1
5,3,217,4,1,3,5718,0,0,1,0,0,1,1,1
4,5,259,2,2,15,2381,0,0,0,0,0,0,1,1
3,2,199,3,1,8,5431,1,0,0,0,0,0,0,0
4,1,137,4,3,15,1391,0,0,0,1,0,1,1,1
3,4,185,4,2,6,5322,0,0,1,0,1,0,0,0
6,5,269,4,1,5,1264,0,0,0,0,0,1,1,1
5,5,251,6,2,4,1077,1,0,0,0,0,0,1,0
5,2,266,7,1,12,2056,0,0,0,1,1,0,0,1
6,1,189,2,1,6,1269,0,1,0,0,0,1,0,0
4,4,146,3,1,3,5225,1,0,0,0,0,1,1,1
3,1,220,2,3,40,3773,1,0,0,0,1,0,0,1
3,4,97,4,1,32,1238,0,0,0,0,0,0,1,1
3,1,202,3,2,9,4322,0,1,0,0,0,1,0,0
4,4,261,6,2,10,4596,0,0,1,0,0,1,0,1
5,4,185,3,2,1,4925,0,1,0,0,0,1,0,0
4,1,134,2,2,7,5967,1,0,0,0,0,1,0,0
4,4,134,2,2,5,5230,0,0,0,0,0,1,0,0
3,5,247,3,1,4,5891,1,0,0,0,0,0,0,1
2,1,166,3,2,8,4255,0,0,1,0,0,1,0,1
4,2,146,3,1,9,5871,0,0,0,1,0,1,0,1
3,5,270,3,2,7,5477,0,1,0,0,0,1,1,1
3,1,246,3,1,10,4707,0,0,0,1,0,0,0,1
3,3,206,3,1,3,5746,0,0,0,0,0,1,0,1
3,1,251,3,2,18,2240,0,0,0,1,0,1,0,1
4,4,276,2,2,3,4306,0,0,0,1,0,1,0,1
4,3,207,5,3,6,4145,0,0,1,0,0,1,0,0
5,4,232,5,2,5,1861,0,0,0,1,0,1,1,0
3,1,225,2,1,2,4438,1,0,0,0,1,0,0,1
3,1,176,3,1,63,1420,0,0,0,1,0,1,0,1
6,4,282,4,1,6,1580,0,0,0,0,1,0,1,0
3,2,214,3,2,1,5362,0,0,1,0,0,1,1,0
3,2,156,7,2,9,5313,0,0,0,1,0,1,0,1
5,2,266,10,3,9,4784,0,1,0,0,0,1,1,1
5,5,229,5,2,2,1975,0,0,1,0,0,1,1,1
5,5,268,3,1,8,5480,0,0,0,0,0,1,0,0
4,4,218,2,2,27,2824,1,0,0,0,0,1,1,1
2,5,243,3,2,9,4182,0,1,0,0,0,1,0,0
6,5,266,5,1,10,4140,0,1,0,0,0,1,1,0
3,2,274,3,2,50,3958,0,0,0,1,0,1,0,1
4,4,217,5,2,4,1503,0,0,0,1,0,1,0,0
3,3,183,2,1,3,5189,0,0,0,0,0,1,0,0
4,4,214,3,1,36,2684,0,1,0,0,0,0,1,1
6,1,266,4,1,9,1287,0,0,1,0,0,1,1,0
4,5,162,2,2,9,5345,0,1,0,0,0,1,0,1
6,1,183,2,1,57,3966,0,0,0,1,0,1,1,1
5,1,262,5,1,5,1916,0,0,0,1,0,1,0,1
3,2,273,3,1,41,3464,0,0,1,0,0,1,1,1
4,3,247,10,3,10,5644,0,1,0,0,0,1,1,0
5,1,256,4,2,5,4970,1,0,0,0,0,1,0,1
4,4,143,2,2,3,5630,0,1,0,0,0,1,0,1
4,2,185,4,2,36,2583,1,0,0,0,1,0,0,1
2,3,164,2,2,64,1689,0,0,0,1,0,1,1,1
4,2,271,3,1,9,4085,0,0,0,0,0,1,1,0
3,3,224,2,1,37,3220,1,0,0,0,0,1,0,1
5,2,145,6,2,9,4243,1,0,0,0,0,1,1,0
2,2,165,3,2,10,4080,0,0,0,0,1,0,0,1
3,4,162,3,2,7,5313,0,0,0,1,0,1,1,0
3,5,217,3,2,3,5433,0,0,1,0,1,0,1,0
7,3,286,4,1,5,1866,1,0,0,0,0,1,0,1
5,1,238,2,2,5,5441,1,0,0,0,0,0,1,1
4,4,209,3,2,37,3026,0,1,0,0,0,1,1,1
3,1,209,2,1,43,2237,0,1,0,0,0,1,1,1
3,1,250,2,1,5,4232,0,0,0,0,0,1,0,0
4,5,214,3,3,1,4004,1,0,0,0,0,0,0,0
5,1,267,5,2,10,1505,1,0,0,0,0,1,1,0
5,1,252,3,2,2,4339,0,0,0,1,0,1,1,0
6,4,272,2,1,7,4145,0,0,0,1,1,0,1,0
4,2,234,3,2,4,3261,1,0,0,0,0,1,1,1
4,3,109,2,2,4,5407,0,0,0,0,0,1,0,0
5,1,226,2,1,18,2582,0,0,1,0,0,1,1,1
3,3,151,6,1,6,4279,1,0,0,0,0,1,0,0
3,3,181,3,2,3,5620,1,0,0,0,0,1,0,1
4,4,159,3,2,3,5545,0,0,0,1,0,1,1,0
2,5,252,2,1,21,2070,0,0,0,1,0,1,0,1
2,5,241,3,2,3,4253,0,1,0,0,0,1,0,1
3,5,185,2,1,36,3501,0,1,0,0,0,1,0,1
3,1,199,3,2,8,5557,0,0,0,0,0,1,0,1
3,2,149,2,2,37,1699,0,0,0,0,0,0,1,1
4,4,161,2,2,8,4348,0,0,1,0,0,1,0,1
5,5,237,5,2,9,1709,0,0,1,0,0,1,0,0
5,5,237,5,3,2,1593,0,0,0,1,0,1,0,1
4,5,194,3,2,3,5168,0,1,0,0,0,1,1,1
3,2,188,6,2,1,4856,0,0,0,1,0,1,0,0
3,3,228,3,2,8,4927,1,0,0,0,0,1,0,0
5,4,186,10,1,24,3621,1,0,0,0,0,1,0,1
3,4,186,2,1,4,4585,0,0,0,0,0,0,0,0
3,4,167,3,1,14,1420,0,0,0,0,1,0,1,1
3,5,226,3,2,55,2465,0,0,0,1,1,0,1,1
3,2,267,3,1,8,5922,1,0,0,0,0,0,1,0
4,3,208,3,2,3,4837,0,0,1,0,1,0,0,1
3,3,217,2,3,9,5554,0,0,0,0,0,0,0,1
3,1,269,2,2,38,2195,0,0,0,1,1,0,1,1
3,2,274,2,2,5,5161,0,1,0,0,0,0,1,0
4,5,177,3,2,7,4031,1,0,0,0,1,0,1,1
3,4,170,7,1,7,4957,0,0,0,1,0,1,1,1
3,3,253,4,1,2,5040,0,1,0,0,0,1,1,1
4,3,123,4,2,6,4166,1,0,0,0,0,1,1,0
4,3,245,5,1,7,1182,0,0,0,0,0,1,1,0
4,5,233,4,1,6,4652,0,0,0,0,0,1,0,0
4,5,159,3,2,18,1808,0,0,0,1,0,1,1,1
6,3,304,4,1,9,1401,0,1,0,0,0,1,0,0
3,2,178,2,1,32,1329,0,0,0,1,0,1,1,1
3,5,169,3,1,1,4636,0,0,0,0,0,1,1,1
3,5,225,3,1,12,2721,0,0,0,1,0,1,0,1
4,3,147,2,1,2,5431,0,0,1,0,0,1,1,0
3,2,209,2,2,6,5095,0,0,0,1,0,0,1,1
3,1,228,3,2,9,5530,0,0,0,1,0,0,1,0
7,1,254,4,1,5,1865,0,1,0,0,0,1,0,1
4,4,171,2,1,7,5190,0,0,0,0,0,1,1,1
4,2,175,3,2,34,1005,0,1,0,0,0,1,0,1
5,5,135,3,1,4,5734,0,0,0,1,0,1,0,0
4,3,263,3,1,3,5253,0,0,0,1,0,1,0,0
7,3,305,4,2,5,1198,0,0,1,0,1,0,0,0
5,5,272,5,2,5,1868,0,0,1,0,0,1,0,1
7,1,275,4,2,7,1754,0,0,0,0,1,0,1,0
5,5,259,2,2,63,2583,0,0,0,0,0,1,1,1
3,3,252,2,2,48,2102,1,0,0,0,1,0,0,1
5,5,227,5,2,5,1186,0,0,0,0,0,1,1,0
3,2,198,2,1,9,4250,0,0,0,0,0,1,1,1
3,4,155,4,1,54,1885,0,0,0,0,0,1,1,1
4,3,213,3,2,4,4367,0,0,0,1,0,1,1,0
3,4,142,4,2,5,4429,0,1,0,0,1,0,1,0
3,3,183,3,3,6,3364,0,1,0,0,0,0,0,1
4,3,201,3,2,54,2487,0,0,0,0,0,0,0,1
2,5,271,3,1,6,5471,0,0,0,1,1,0,0,1
3,3,156,7,2,2,5467,1,0,0,0,0,1,1,0
5,1,257,5,3,2,1323,0,0,0,0,0,1,0,0
4,4,205,2,2,8,5876,0,0,0,1,1,0,0,0
5,3,242,5,1,3,1276,0,0,1,0,1,0,1,1
2,2,271,4,2,9,4066,1,0,0,0,0,1,1,0
4,2,199,3,1,23,2994,1,0,0,0,0,0,1,1
4,2,214,3,2,20,2009,0,0,1,0,0,0,0,1
2,2,189,4,1,9,3413,0,1,0,0,0,1,1,1
4,5,163,2,2,10,5529,0,0,1,0,0,1,0,1
5,3,248,3,2,4,2207,1,0,0,0,0,1,1,1
5,4,97,6,3,7,5509,1,0,0,0,0,1,1,1
3,1,219,8,1,2,5334,0,0,0,0,0,1,1,0
3,2,224,2,1,49,3749,0,0,0,1,0,1,0,1
4,3,247,4,1,19,3838,0,0,1,0,0,0,0,1
7,4,244,4,2,4,1953,0,0,0,1,1,0,0,1
3,1,205,3,2,39,3062,0,1,0,0,0,0,1,1
3,1,147,4,1,18,1613,0,1,0,0,0,1,1,1
4,1,260,3,1,9,4239,1,0,0,0,1,0,1,0
4,4,147,5,2,33,1886,0,0,0,0,0,1,0,1
4,3,143,2,3,39,1727,0,0,0,1,0,0,1,1
4,3,148,2,1,29,1809,0,0,1,0,0,1,1,1
3,3,269,3,2,5,4197,0,0,0,0,0,1,1,1
5,4,179,6,2,8,4615,0,1,0,0,0,1,0,1
3,4,153,2,1,24,1442,0,0,0,1,0,1,0,1
3,3,207,6,3,24,3702,0,1,0,0,1,0,0,1
4,3,172,3,2,6,1261,0,0,1,0,0,1,0,1
5,5,235,5,1,4,1758,1,0,0,0,0,1,1,0
4,4,259,3,1,8,4223,1,0,0,0,0,1,0,1
6,4,296,4,1,7,1969,0,0,1,0,0,1,1,0
5,1,253,2,2,3,5159,0,0,0,1,0,1,1,1
4,4,175,2,2,7,1188,0,0,0,0,0,1,0,1
3,1,139,3,1,4,4666,0,0,0,0,1,0,0,0
5,4,145,3,1,2,4492,0,0,0,0,0,1,1,1
5,1,239,2,1,5,5759,0,1,0,0,0,1,1,1
5,2,268,5,2,5,1876,0,0,1,0,1,0,0,1
4,3,242,2,1,9,4876,0,0,0,1,0,1,1,0
4,1,163,4,2,2,5432,0,0,0,1,0,1,1,1
6,1,306,4,2,8,1378,0,0,0,1,0,1,1,0
5,5,218,5,2,7,1692,0,0,0,0,0,1,0,0
4,2,180,3,1,22,1261,0,0,1,0,0,1,1,1
4,5,220,3,2,40,3516,0,0,1,0,1,0,1,1
3,3,182,4,1,2,4746,0,0,1,0,0,1,0,1
3,5,144,3,2,9,5912,0,1,0,0,0,1,0,0
5,2,210,7,2,4,4525,0,0,0,0,0,1,0,1
4,1,212,3,1,2,4353,1,0,0,0,0,0,1,1
2,1,232,6,1,2,5281,0,0,0,1,0,1,0,1
4,1,155,3,2,9,4443,0,1,0,0,0,1,1,0
4,3,158,3,1,18,1036,0,0,0,1,0,1,1,1
3,2,223,4,1,20,3955,0,0,0,1,0,1,0,1
4,3,196,2,3,10,5709,0,0,0,1,0,1,1,1
4,1,226,3,1,28,2211,0,1,0,0,1,0,0,1
5,1,103,5,1,10,5413,0,0,0,1,0,1,0,1
5,5,273,3,2,18,2415,0,0,0,1,0,0,0,1
3,5,139,2,1,6,5181,0,0,0,1,0,1,0,0
7,4,251,5,1,3,1433,0,0,0,1,0,1,1,0
3,3,159,2,2,6,5269,0,1,0,0,0,0,0,0
4,2,229,6,2,5,1689,1,0,0,0,1,0,0,0
3,3,232,3,1,9,5016,0,0,0,1,0,1,0,1
4,3,175,4,2,5,5177,0,0,0,1,0,1,0,1
4,3,97,2,1,26,1598,0,0,1,0,0,1,1,1
3,3,204,4,3,9,4712,0,0,0,1,0,1,1,0
3,3,116,5,1,6,4524,0,0,1,0,0,1,0,0
4,2,255,5,1,6,4053,1,0,0,0,0,0,0,0
3,3,141,4,1,35,1417,0,0,0,1,0,1,0,1
5,5,268,5,2,10,1906,0,1,0,0,0,1,0,0
3,5,180,2,1,33,1444,0,1,0,0,1,0,1,1
4,5,174,2,1,10,5764,0,0,0,1,0,1,1,0
3,5,241,3,1,4,4132,0,0,0,1,0,1,0,0
4,5,151,4,2,3,5470,0,1,0,0,0,1,1,0
3,4,245,3,2,7,5429,0,1,0,0,0,1,0,0
3,4,211,3,2,8,3710,1,0,0,0,0,1,1,1
5,5,221,3,2,9,5295,0,0,0,1,1,0,1,0
3,2,178,3,1,5,5686,1,0,0,0,1,0,0,0
3,5,260,4,2,8,4162,0,1,0,0,0,1,0,1
7,5,306,4,2,2,1281,0,0,0,1,0,1,0,0
6,2,263,4,1,8,1635,0,0,1,0,0,1,0,0
4,3,236,4,2,1,5783,0,0,1,0,0,1,1,1
6,3,142,2,1,9,5360,0,1,0,0,0,1,0,1
5,3,144,6,2,35,1009,0,0,0,0,0,1,0,1
5,2,184,2,2,27,3276,0,0,0,1,0,1,1,1
5,2,173,2,3,10,4741,1,0,0,0,1,0,0,0
2,2,249,3,1,3,4129,0,0,1,0,0,1,0,1
4,1,133,4,1,10,5258,0,0,1,0,0,1,0,0
3,5,133,8,2,8,5002,0,0,1,0,0,1,0,1
3,5,166,3,3,5,5206,0,1,0,0,1,0,0,0
3,3,132,2,2,1,4687,0,0,0,0,0,1,1,0
5,3,194,3,2,6,2736,0,1,0,0,0,1,0,1
4,2,189,2,2,5,4374,1,0,0,0,1,0,1,0
5,1,249,3,1,8,5940,0,0,1,0,0,1,0,0
5,4,261,6,2,4,5349,0,0,0,1,0,1,0,0
6,4,285,4,2,10,1422,0,0,0,1,1,0,0,0
4,5,206,2,2,10,4437,0,0,0,0,0,1,0,0
4,5,218,3,1,25,2682,0,0,0,1,1,0,1,1
4,3,263,6,2,10,1345,0,0,0,1,0,1,1,1
3,3,249,2,1,2,5078,0,0,0,1,0,1,0,0
7,5,192,3,1,46,1550,0,0,0,0,0,1,1,1
6,3,245,4,2,3,1772,0,0,0,1,0,1,1,1
3,5,251,2,3,23,2426,0,0,0,0,0,1,1,1
6,5,310,4,2,1,1105,0,0,0,1,0,1,1,1
5,3,252,2,2,9,1809,1,0,0,0,0,1,1,0
6,1,145,3,2,1,4346,0,0,1,0,0,1,0,1
5,2,269,5,2,10,1113,0,0,0,0,0,1,0,1
5,3,243,5,1,2,1776,0,0,0,1,0,1,1,1
4,5,252,3,1,16,2332,0,0,1,0,0,1,1,1
5,1,245,5,1,9,1694,1,0,0,0,0,1,1,1
3,1,230,2,1,4,4387,0,0,0,0,0,0,0,1
7,2,264,4,2,6,1688,0,1,0,0,1,0,1,0
6,4,286,4,2,1,1539,0,0,0,1,0,1,0,1
4,2,147,3,1,5,5174,0,0,0,1,0,1,0,0
2,5,130,3,1,16,1092,0,1,0,0,0,1,1,1
3,4,168,3,2,3,5303,0,0,0,1,0,1,0,1
3,2,244,3,3,5,5781,0,0,0,1,0,1,0,1
3,3,232,2,2,8,5544,0,1,0,0,0,1,0,1
5,2,247,3,2,3,4698,0,0,0,0,0,1,0,1
6,4,283,4,1,10,1512,0,0,0,1,0,1,0,0
6,1,214,2,1,5,4708,1,0,0,0,0,1,1,0
5,3,256,6,2,3,1441,0,1,0,0,1,0,1,0
5,4,192,3,2,46,3709,0,0,0,1,0,1,1,1
3,4,241,3,1,50,3074,0,1,0,0,0,1,0,1
3,2,198,5,2,6,5443,1,0,0,0,0,1,0,0
6,1,282,4,1,1,1434,0,0,0,0,0,1,1,0
4,2,157,3,1,48,1393,0,0,0,1,0,1,0,1
3,4,155,3,2,9,5718,0,0,0,0,0,0,1,1
5,1,226,5,2,3,1409,0,0,0,1,0,1,1,0
4,2,272,4,1,62,2307,0,0,1,0,0,1,1,1
4,1,158,3,1,32,1061,1,0,0,0,1,0,0,1
7,5,255,4,1,2,1826,0,0,0,1,0,1,0,1
3,3,152,2,1,32,1665,0,0,0,1,0,1,1,1
3,4,197,3,2,13,2148,0,0,0,1,0,1,1,1
4,5,233,2,2,10,5865,0,0,0,0,0,1,1,1
5,3,274,5,2,7,1696,0,0,1,0,0,1,1,1
5,2,268,3,2,8,5385,0,0,1,0,0,0,1,1
5,3,186,4,2,11,3676,0,0,1,0,0,1,0,1
4,3,225,2,3,4,4732,1,0,0,0,0,0,0,0
2,4,170,5,1,10,5448,0,0,1,0,0,0,1,0
3,5,257,2,1,2,5251,1,0,0,0,0,0,1,1
3,3,265,3,1,10,4093,1,0,0,0,0,1,0,1
5,4,206,3,1,53,2182,0,0,0,1,0,0,1,1
4,4,183,3,1,29,3251,0,0,0,1,1,0,1,1
2,5,156,5,2,7,5780,0,0,0,1,0,0,1,0
6,5,269,4,1,2,1243,0,0,0,0,1,0,0,0
5,3,203,2,1,37,3531,1,0,0,0,1,0,0,1
6,3,246,4,2,8,1741,0,1,0,0,1,0,0,0
4,4,217,2,1,6,4029,0,0,0,1,1,0,1,1
4,1,165,3,2,10,4574,0,0,1,0,0,1,0,0
3,3,186,3,1,24,3262,1,0,0,0,0,1,1,1
4,4,151,3,2,6,1930,0,0,0,1,1,0,0,1
4,3,203,2,1,8,5597,1,0,0,0,0,1,1,0
3,1,217,3,1,1,4177,0,0,1,0,0,1,0,1
4,4,261,5,2,2,1690,1,0,0,0,0,1,0,1
6,3,233,3,2,9,4293,0,0,0,0,1,0,0,1
6,2,224,3,2,26,3247,0,0,0,1,1,0,0,1
4,4,159,2,1,4,4648,1,0,0,0,0,1,1,1
4,2,190,4,2,61,2077,0,1,0,0,1,0,1,1
4,4,111,6,1,8,1145,1,0,0,0,0,1,1,1
3,2,184,4,2,10,2972,1,0,0,0,0,1,0,1
7,5,282,5,1,8,1091,0,0,1,0,0,1,1,1
4,5,240,2,2,6,5045,1,0,0,0,0,1,1,1
4,2,259,5,2,7,1042,1,0,0,0,0,1,1,1
6,1,191,5,1,8,5156,0,0,1,0,0,0,1,1
2,5,231,2,1,10,4406,0,0,0,0,0,1,0,1
5,2,254,4,3,37,2608,0,0,1,0,1,0,1,1
4,3,132,4,2,10,1767,0,0,0,1,0,0,1,1
5,4,259,5,1,10,1177,0,0,0,1,0,0,1,0
4,1,235,4,1,22,2066,0,0,0,0,0,1,1,1
5,4,229,5,1,3,1861,0,1,0,0,1,0,0,1
4,4,158,3,2,11,1224,1,0,0,0,0,1,1,1
5,2,174,3,2,10,4902,0,0,1,0,0,1,0,1
4,4,265,2,2,9,4106,0,0,0,1,0,0,0,0
5,4,269,2,2,38,2770,0,1,0,0,0,1,1,1
3,1,157,2,3,19,1898,0,0,0,1,0,1,1,1
6,1,229,6,1,35,3239,0,0,1,0,0,1,1,1
4,5,217,3,1,6,4848,0,0,0,1,0,1,0,1
6,4,297,4,1,9,1249,0,0,0,1,0,1,0,1
4,4,260,3,1,9,4224,0,1,0,0,0,0,1,0
3,5,212,3,1,2,2456,0,1,0,0,0,1,0,1
4,3,256,5,1,5,1533,0,1,0,0,1,0,0,1
3,3,212,3,2,10,5724,0,0,0,1,0,1,1,1
4,4,151,2,1,38,1001,0,0,0,1,0,1,0,1
5,2,199,4,1,59,2885,1,0,0,0,0,1,0,1
4,3,186,3,1,25,3851,0,0,1,0,0,1,0,1
4,1,226,5,2,2,1912,0,0,1,0,0,1,0,0
3,5,194,3,1,6,4295,0,0,1,0,0,1,1,1
4,3,257,3,2,1,5717,0,1,0,0,0,1,1,1
4,1,220,5,1,9,1817,0,0,0,0,1,0,0,0
4,5,246,6,1,64,2271,0,0,0,1,0,1,1,1
6,4,220,4,1,5,5465,0,0,1,0,1,0,1,1
4,5,156,5,3,55,1619,0,1,0,0,0,1,0,1
3,2,174,3,1,3,4132,0,0,0,0,0,1,1,0
3,3,172,4,1,33,1989,0,0,0,1,0,0,0,1
4,4,196,4,1,10,4871,1,0,0,0,0,1,0,1
3,4,182,2,2,8,4883,0,0,0,0,0,1,1,0
4,4,220,10,2,7,4598,0,0,0,1,0,1,0,0
4,1,192,3,2,29,3347,1,0,0,0,0,1,0,1
3,5,239,6,1,8,5791,0,1,0,0,0,1,0,1
6,4,264,4,1,1,1660,0,0,0,1,0,1,1,1
4,3,246,6,1,10,1176,0,0,0,0,1,0,0,0
6,4,100,5,1,7,5668,0,0,0,1,0,1,0,1
3,1,265,3,2,61,3010,0,0,0,1,0,1,0,1
4,3,213,3,2,2,5432,1,0,0,0,0,1,1,1
5,3,236,3,2,7,3589,0,0,0,0,1,0,1,1
2,4,114,5,3,3,4423,0,1,0,0,0,0,1,0
4,2,197,2,2,3,4715,1,0,0,0,0,1,1,1
3,5,195,3,2,10,5585,0,0,0,1,1,0,0,0
5,1,262,5,1,1,1488,0,0,0,1,0,0,1,1
3,2,261,5,2,45,2488,0,0,0,1,0,1,1,1
6,1,136,3,3,12,1592,0,1,0,0,0,0,1,1
4,1,265,4,1,30,3896,0,0,0,1,0,1,0,1
3,5,253,2,1,8,5476,0,0,0,0,0,1,1,1
5,1,158,2,2,6,4873,1,0,0,0,0,1,1,0
3,4,145,3,2,4,5361,0,0,1,0,0,1,1,1
3,2,274,2,3,2,5029,1,0,0,0,0,1,1,0
3,2,125,3,2,12,1212,0,0,1,0,1,0,0,1
7,1,255,5,2,10,1238,0,0,0,0,0,0,1,1
4,1,220,3,2,1,5159,1,0,0,0,0,1,1,1
6,3,244,4,2,5,1108,0,0,0,1,0,1,1,1
5,3,238,2,2,21,2053,0,0,0,1,0,1,0,1
3,3,242,3,1,51,3935,0,0,1,0,0,1,0,1
4,4,153,3,1,5,4624,0,0,0,1,0,0,1,0
3,5,185,4,1,9,5704,1,0,0,0,0,1,1,0
3,3,160,2,2,3,4665,1,0,0,0,1,0,0,0
4,5,266,3,2,4,5928,0,0,0,1,0,1,0,1
3,4,196,3,1,47,2447,0,1,0,0,0,0,1,1
6,3,121,3,2,10,5208,0,0,1,0,0,1,0,0
6,4,222,8,1,1,5808,0,0,0,1,0,1,0,1
5,3,210,5,2,9,5431,0,0,1,0,0,1,1,1
3,5,204,3,1,45,2513,0,0,0,0,0,1,0,1
4,4,253,3,2,4,5236,0,0,0,1,0,1,0,0
4,1,186,2,1,4,4686,0,1,0,0,0,1,1,1
5,5,223,3,1,5,4373,0,0,0,1,0,1,1,1
4,5,263,2,2,13,2779,0,0,0,1,0,1,1,1
4,3,255,4,2,10,4740,0,0,1,0,0,1,0,0
3,3,212,3,2,10,5935,0,0,0,1,0,1,0,0
3,4,145,2,3,5,5513,0,0,1,0,0,1,0,0
5,3,266,2,1,61,2118,0,0,0,1,0,1,0,1
3,4,181,4,2,3,5163,0,0,0,1,0,1,0,1
5,1,167,3,2,3,4267,1,0,0,0,0,1,1,1
5,5,240,2,1,7,4409,0,1,0,0,0,1,0,1
2,4,182,4,2,1,3624,0,1,0,0,0,1,1,1
5,4,245,5,2,4,1771,0,1,0,0,0,0,0,1
5,2,241,3,1,39,3743,0,0,1,0,0,1,1,1
7,2,255,4,2,10,1372,0,0,1,0,0,1,0,0
4,4,142,4,1,8,1777,0,0,0,1,0,1,0,1
5,4,267,5,2,10,1837,0,0,0,0,0,0,0,1
4,1,271,4,2,2,4133,0,0,0,1,0,0,0,1
4,2,145,2,2,21,1617,1,0,0,0,0,1,1,1
3,5,182,4,1,6,1272,0,0,0,1,1,0,1,1
2,1,135,4,2,8,5001,0,1,0,0,1,0,0,1
3,5,137,4,3,62,1477,0,0,1,0,0,1,0,1
4,4,238,3,2,5,4724,0,0,0,1,1,0,0,1
3,5,191,3,3,17,2235,0,0,0,1,1,0,0,1
6,2,294,4,1,35,1625,1,0,0,0,0,1,1,1
3,3,237,3,2,47,3625,0,0,0,1,0,1,1,1
4,2,201,2,1,3,4869,0,0,0,0,0,1,1,1
3,3,202,3,2,35,3986,1,0,0,0,0,1,0,1
3,5,268,4,3,19,2893,0,0,1,0,1,0,1,1
3,4,239,4,2,10,5455,1,0,0,0,0,1,0,1
3,5,206,4,2,10,4321,0,0,0,1,0,0,1,1
4,5,233,3,2,43,3856,0,0,1,0,1,0,0,1
7,3,285,4,1,10,1935,0,0,0,1,0,0,1,1
4,4,185,3,1,2,5288,0,0,0,1,0,1,0,1
7,3,310,4,2,8,1497,0,1,0,0,0,0,0,0
4,1,219,5,2,5,5253,0,0,0,1,0,0,1,0
3,5,228,4,1,7,4068,0,0,1,0,0,1,0,1
4,3,175,2,1,3,4200,0,1,0,0,1,0,1,0
3,4,209,2,3,5,4363,0,0,1,0,0,1,0,0
3,1,221,4,2,8,5971,0,0,1,0,0,1,0,0
5,1,271,5,1,4,1557,0,1,0,0,0,1,0,1
3,3,202,4,2,10,5137,1,0,0,0,0,1,1,1
4,1,237,3,1,10,5381,1,0,0,0,0,1,0,0
4,2,173,3,2,63,1220,1,0,0,0,0,1,0,1
5,5,143,2,3,18,1066,0,1,0,0,0,1,0,1
4,1,134,3,2,2,4983,0,1,0,0,0,1,1,0
4,2,238,2,2,9,4937,0,0,0,0,0,0,0,0
4,1,268,3,2,6,4681,0,0,0,1,0,1,1,1
4,4,197,2,2,1,5211,0,1,0,0,0,1,0,0
3,2,148,4,2,38,1322,0,1,0,0,0,1,0,1
5,1,230,3,1,43,2994,0,0,0,0,0,1,0,1
6,2,181,4,3,6,3003,0,0,0,1,1,0,0,1
5,1,271,4,1,4,2718,0,1,0,0,1,0,0,1
5,5,196,4,2,8,4604,0,1,0,0,0,1,1,1
5,2,226,5,2,5,1659,0,0,0,0,0,1,1,0
4,3,201,2,1,10,4875,0,0,0,0,0,1,0,0
5,1,258,5,3,9,1856,0,0,0,1,0,1,0,1
4,4,266,7,2,10,5901,0,0,0,0,0,1,0,0
4,2,222,2,1,1,5028,0,0,0,1,0,1,1,1
4,4,261,2,2,8,5006,0,1,0,0,0,1,1,1
4,1,273,4,1,1,4857,0,0,1,0,0,1,1,0
5,4,167,7,2,43,1619,0,0,0,1,0,1,0,1
4,5,187,3,1,7,5022,0,0,0,1,0,1,1,1
5,4,151,4,2,10,1441,0,1,0,0,0,1,1,1
3,4,175,3,1,2,5272,0,0,0,1,1,0,0,0
3,5,226,3,2,5,3914,0,1,0,0,1,0,1,1
3,2,211,2,1,4,4978,0,0,0,0,0,1,1,1
4,3,247,4,1,16,2362,0,0,0,0,0,1,1,1
5,4,194,5,1,8,4038,0,0,0,0,0,0,1,1
6,2,226,4,3,7,5600,0,0,0,1,0,1,0,0
3,5,260,2,2,1,5970,0,0,1,0,0,1,1,0
6,2,294,4,1,57,1265,0,0,0,0,0,1,1,1
3,4,156,4,2,7,1492,0,0,1,0,0,0,0,1
5,4,243,3,2,4,4420,0,1,0,0,0,0,1,1
6,3,244,5,2,1,1847,0,0,1,0,0,1,0,1
3,3,214,3,2,2,4964,0,0,0,1,0,1,0,1
4,2,196,3,2,2,4474,0,0,0,0,0,0,0,0
3,4,248,3,2,6,4932,0,0,0,1,0,1,0,0
4,2,254,10,3,7,5820,1,0,0,0,0,1,1,0
5,2,281,4,3,5,3357,0,0,1,0,0,1,0,1
6,5,211,4,2,4,4032,0,1,0,0,0,1,0,0
4,1,198,3,2,56,3135,0,0,0,1,0,1,0,1
3,3,173,2,1,5,4703,0,0,0,1,1,0,1,0
5,4,150,2,1,60,1034,0,0,1,0,0,0,1,1
3,1,251,6,2,10,4912,0,0,0,1,0,1,1,0
4,4,238,3,1,13,2042,1,0,0,0,1,0,0,1
4,2,246,3,3,5,5960,0,1,0,0,0,1,1,0
3,4,271,3,1,9,4889,1,0,0,0,0,1,0,1
5,3,221,5,1,8,1109,0,0,0,0,0,1,0,0
5,3,168,3,2,2,5986,0,0,0,0,1,0,0,1
4,2,260,3,2,3,4661,0,0,1,0,0,1,0,1
4,4,133,2,2,4,4724,0,1,0,0,0,1,0,0
4,1,232,3,2,55,2686,0,0,0,1,1,0,1,1
4,1,152,3,1,10,5974,0,0,1,0,0,1,1,0
4,3,248,2,2,10,5211,0,0,0,1,0,1,0,0
4,2,245,2,1,8,5871,0,1,0,0,0,1,1,1
3,3,250,6,2,9,5322,1,0,0,0,1,0,1,1
4,1,169,4,1,10,4245,0,0,0,1,0,1,0,0
3,2,100,4,1,10,5163,0,0,0,1,0,1,0,0
4,1,205,3,1,10,4923,0,1,0,0,0,1,0,0
4,3,231,3,2,8,4991,0,1,0,0,0,1,1,0
7,5,254,4,2,6,1491,0,0,0,1,0,1,0,1
3,4,206,3,3,5,4022,0,0,1,0,0,1,1,0
3,4,207,10,1,6,5856,0,0,1,0,0,0,0,0
5,5,152,4,1,10,5913,0,1,0,0,0,1,0,1
5,5,271,6,1,6,1450,1,0,0,0,1,0,1,1
3,1,133,4,2,6,5162,0,0,1,0,0,1,0,0
5,2,195,6,3,5,5339,1,0,0,0,0,1,1,1
4,2,196,2,1,4,5852,0,1,0,0,0,1,1,0
3,4,163,3,1,7,5913,0,1,0,0,0,1,1,0
3,3,191,4,2,17,3675,0,0,1,0,0,0,0,1
3,3,239,6,1,7,4501,0,0,1,0,0,1,1,1
2,5,252,3,2,7,5281,0,0,0,0,0,1,1,0
3,1,121,2,1,2,5210,0,0,0,1,0,1,1,1
4,2,155,5,1,48,1043,0,0,0,1,0,1,0,1
4,5,258,3,2,37,2289,0,0,0,1,0,1,0,1
3,5,268,2,2,10,5895,1,0,0,0,0,1,0,0
3,2,259,6,2,1,5873,0,0,0,0,0,1,1,0
2,5,239,2,1,9,5363,0,0,0,0,0,0,0,1
5,1,189,3,2,14,3318,0,0,1,0,0,0,0,1
5,1,181,3,1,6,5423,0,0,0,1,0,1,0,0
3,1,151,3,1,7,4072,0,0,0,1,0,1,0,0
4,3,188,4,2,7,4024,0,0,1,0,0,1,1,1
3,1,165,3,1,1,1417,0,0,0,0,0,1,0,1
4,4,254,5,1,2,1573,0,0,0,0,0,1,1,1
5,3,138,2,1,13,1056,0,0,0,1,1,0,1,1
4,4,279,5,2,56,2697,0,0,1,0,0,1,0,1
3,4,196,3,2,8,5204,0,0,0,1,0,1,1,0
3,1,177,3,1,9,4890,1,0,0,0,0,0,0,1
4,5,227,5,1,2,1804,1,0,0,0,0,1,0,1
5,5,235,5,1,8,1332,0,0,0,0,0,1,1,1
4,1,253,3,2,9,5502,0,0,0,0,0,1,0,1
4,3,169,10,2,6,5106,0,0,1,0,0,1,0,1
4,3,250,3,2,3,5055,0,1,0,0,0,1,0,1
4,4,208,3,1,10,4919,0,0,0,1,0,0,0,0
7,5,273,4,2,9,1329,1,0,0,0,0,1,1,1
3,1,142,3,2,10,4915,0,0,0,1,0,1,0,1
6,4,306,4,1,6,1461,0,0,0,0,0,1,0,0
4,2,253,5,2,9,1438,0,1,0,0,1,0,0,0
2,4,114,4,1,9,4452,0,0,0,1,0,1,1,1
3,5,223,4,1,46,3938,0,0,1,0,0,1,0,1
5,1,279,4,2,24,3440,0,0,1,0,0,1,0,1
3,5,174,6,1,6,5713,0,0,0,1,0,1,1,0
5,5,148,4,2,4,5909,0,0,0,0,0,1,0,0
4,3,250,6,2,2,4246,0,0,0,1,1,0,1,0
3,1,171,2,1,10,5379,1,0,0,0,0,1,1,1
4,4,143,8,2,39,1345,0,0,0,1,0,1,0,1
3,5,269,8,2,8,4462,0,0,1,0,0,1,1,0
5,1,133,2,2,1,4643,0,0,0,0,0,1,1,0
3,5,149,3,1,7,4357,0,0,0,1,0,1,0,0
5,3,170,3,2,10,4198,0,0,0,0,0,1,1,0
4,5,249,3,1,7,5509,0,0,0,1,0,0,0,0
5,5,177,5,1,1,4379,0,0,0,1,0,1,0,1
7,3,255,4,2,4,1373,0,0,0,0,0,1,0,0
6,1,205,5,1,14,3213,0,0,0,0,0,1,1,1
4,5,273,4,2,31,2373,0,0,0,1,0,1,0,1
3,1,221,3,2,10,5696,0,0,1,0,0,1,1,1
4,4,266,3,2,2,5413,0,1,0,0,1,0,0,1
4,4,162,3,1,8,5394,0,0,0,0,1,0,0,0
3,2,243,4,2,5,4670,0,0,0,1,0,1,1,1
3,1,286,4,2,4,5106,0,0,1,0,0,1,1,0
3,5,252,2,1,2,4888,0,1,0,0,0,0,1,1
4,5,140,5,2,3,4191,0,0,0,0,0,0,0,1
4,5,159,5,2,2,5654,0,0,0,1,0,1,0,1
6,2,293,5,2,4,1281,0,0,0,1,0,1,0,0
4,4,227,3,2,1,2761,1,0,0,0,1,0,0,1
2,4,181,5,2,9,1368,1,0,0,0,0,1,0,0
5,1,237,5,2,2,1429,0,0,0,0,0,1,0,1
2,5,144,3,2,61,1313,0,0,1,0,0,1,1,1
6,3,233,6,1,9,4814,0,0,0,0,0,0,0,0
6,1,264,4,2,1,1273,0,1,0,0,0,1,1,0
5,5,225,5,1,9,1646,0,0,0,1,0,1,0,1
3,5,106,2,1,3,5615,0,0,0,1,0,0,0,0
4,3,158,3,2,27,1207,0,0,0,1,0,1,0,1
6,2,301,5,2,3,1844,0,0,0,1,0,1,1,1
4,1,242,6,1,8,1419,0,0,1,0,0,1,1,1
6,1,303,4,2,10,1003,0,0,0,1,0,1,0,0
3,2,137,3,1,4,5617,0,0,0,0,0,1,0,0
5,2,184,4,1,6,4155,0,0,0,0,0,0,1,1
3,1,257,2,1,6,4897,0,0,0,1,1,0,1,1
4,3,121,2,2,11,1906,0,0,0,0,0,1,1,1
3,4,150,3,1,11,1861,0,0,0,0,0,0,0,1
2,2,134,3,1,38,1530,0,0,0,0,1,0,0,1
5,4,199,2,3,20,2553,0,0,0,1,0,1,0,1
2,2,192,2,1,8,3127,0,0,0,0,0,1,0,1
3,5,241,3,1,5,4861,0,0,0,1,1,0,0,1
4,4,160,4,1,1,5520,0,0,0,1,0,0,1,1
3,1,139,3,2,3,5847,0,0,0,0,0,1,0,1
5,5,246,3,2,9,4107,0,0,1,0,0,1,0,0
4,5,231,4,2,9,5528,0,1,0,0,0,1,1,0
3,4,181,3,1,45,2486,0,0,0,1,0,1,1,1
5,3,272,2,1,4,5112,0,1,0,0,0,0,0,0
3,2,260,3,1,9,4591,0,0,0,1,0,1,1,1
6,4,287,4,2,10,1811,0,0,0,1,1,0,0,1
5,1,245,5,1,5,1996,1,0,0,0,0,1,0,1
2,1,176,3,1,15,1996,0,1,0,0,0,1,0,1
4,3,253,5,1,10,1464,1,0,0,0,0,1,0,0
4,2,211,2,1,39,2520,0,1,0,0,0,0,0,1
3,4,213,3,3,4,5996,0,0,0,1,0,1,0,0
6,3,154,5,2,57,1117,1,0,0,0,0,1,0,1
4,3,249,5,1,10,1067,0,0,0,1,0,1,0,1
5,5,231,3,2,10,5361,0,0,0,1,0,1,0,0
4,2,205,2,2,10,4641,1,0,0,0,0,1,1,1
6,5,278,4,3,6,1761,0,1,0,0,0,1,0,0
5,4,258,2,1,8,4200,1,0,0,0,0,1,0,0
2,1,188,2,1,5,5250,0,0,0,0,1,0,1,0
5,2,204,5,1,3,5723,0,0,0,1,1,0,1,1
3,4,243,3,2,8,5705,0,0,0,1,0,1,1,1
5,5,269,5,1,5,1742,0,0,0,1,0,0,1,0
3,5,157,2,2,4,5991,0,0,0,1,0,1,0,0
5,5,264,3,2,56,3482,0,0,0,0,0,1,0,1
5,4,180,2,1,9,5208,0,0,1,0,0,1,0,0
4,2,149,2,1,2,4026,0,0,0,1,0,0,1,1
3,2,136,3,3,2,5739,0,0,0,1,0,1,0,0
6,4,264,5,2,7,1220,0,0,1,0,0,0,0,1
7,2,284,4,1,1,1085,0,0,0,0,0,0,0,1
2,3,134,10,3,1,5632,1,0,0,0,0,1,0,0
7,3,286,4,1,2,1712,1,0,0,0,0,1,1,1
6,4,255,4,1,7,1869,0,1,0,0,0,1,1,1
3,2,133,2,1,3,4677,0,0,1,0,0,1,0,1
4,1,165,5,2,1,4170,0,0,0,1,0,1,0,1
4,5,265,2,2,18,2969,0,0,0,1,0,1,0,1
4,2,170,2,2,5,4996,0,0,1,0,0,1,1,1
4,3,260,4,2,40,3668,0,0,0,0,0,1,1,1
4,3,212,3,1,1,4518,0,0,0,1,0,1,0,0
5,2,280,4,1,8,4539,0,0,0,1,0,1,1,1
3,5,199,4,1,7,4520,0,0,0,1,1,0,1,0
5,3,167,3,1,51,1573,1,0,0,0,0,1,0,1
4,2,249,3,1,9,5459,0,0,0,0,0,1,0,1
3,1,271,3,1,4,4108,0,0,1,0,0,1,1,0
5,3,210,2,1,19,3920,0,0,0,0,0,1,1,1
6,4,268,4,2,9,1354,1,0,0,0,0,1,1,1
7,1,307,4,1,8,1339,1,0,0,0,1,0,0,0
5,2,249,3,1,2,4696,0,1,0,0,1,0,1,0
7,5,308,4,2,6,1165,0,1,0,0,0,1,1,0
3,1,140,4,1,27,1184,0,1,0,0,0,1,1,1
5,3,222,2,1,2,5953,1,0,0,0,0,1,0,1
2,3,211,3,2,12,3296,0,0,0,1,0,1,0,1
3,4,151,3,2,3,4938,1,0,0,0,0,1,0,0
5,2,244,6,1,5,1702,0,0,0,1,0,1,1,1
4,4,269,4,2,3,5032,0,0,0,1,0,1,0,1
3,5,275,4,2,10,5066,0,1,0,0,0,1,1,0
5,5,142,4,1,5,5749,0,0,1,0,0,0,1,0
4,2,153,2,2,4,4069,0,0,1,0,0,0,0,1
4,1,246,6,1,6,1335,0,1,0,0,0,1,0,1
4,2,268,3,2,1,4927,0,1,0,0,1,0,1,0
3,1,200,2,2,27,2551,0,0,1,0,0,1,1,1
3,4,244,3,2,4,4458,0,0,0,1,0,1,1,0
6,5,268,4,1,10,1170,0,0,0,1,0,1,1,0
5,1,178,2,1,5,4369,0,0,0,1,0,1,0,0
4,3,196,3,2,8,5541,0,0,0,0,0,1,0,0
3,1,178,3,1,3,4811,1,0,0,0,0,0,1,0
3,1,193,3,2,3,5154,0,1,0,0,0,1,1,0
4,2,209,2,1,23,2533,0,0,0,1,0,0,0,1
5,4,267,2,2,4,4053,0,0,0,1,0,1,1,0
3,2,250,3,2,6,4636,0,0,0,0,0,1,1,0
4,3,172,3,2,10,5434,0,0,1,0,0,1,0,0
5,2,141,3,3,34,1020,0,1,0,0,0,1,0,1
6,5,224,4,2,6,4616,0,0,0,1,0,1,1,0
5,2,176,3,1,9,5656,0,0,0,0,0,1,1,0
4,5,138,7,2,60,1366,0,0,1,0,0,0,1,1
4,5,138,2,1,10,4788,0,0,0,1,0,0,1,0
3,1,173,2,1,10,4115,1,0,0,0,0,1,1,1
2,5,117,3,1,44,1192,0,0,0,0,0,1,1,1
5,2,232,6,2,3,1540,1,0,0,0,0,1,0,0
5,3,202,3,1,4,4134,0,1,0,0,1,0,1,1
3,2,150,2,1,3,4174,0,0,0,1,1,0,0,0
5,1,246,3,1,3,5013,0,0,0,0,0,1,0,0
3,3,216,4,1,9,5107,1,0,0,0,0,1,0,1
5,4,144,3,1,59,1178,0,0,0,0,1,0,0,1
6,2,259,4,1,5,1771,0,1,0,0,0,1,1,1
4,5,210,2,2,5,5683,0,1,0,0,0,0,1,0
4,5,205,3,2,5,4949,0,0,0,1,0,0,1,1
3,3,189,2,1,9,4690,0,0,0,1,0,1,0,0
4,2,251,2,1,10,4898,1,0,0,0,0,1,0,1
6,4,286,4,1,8,1690,0,1,0,0,0,1,0,1
4,5,159,5,1,7,4063,0,0,0,0,0,1,0,0
5,1,149,2,1,9,5435,0,1,0,0,0,1,1,0
3,4,147,3,1,8,5525,0,0,0,1,0,1,0,0
7,2,248,4,2,1,1163,1,0,0,0,0,1,0,1
4,4,241,3,1,8,5206,0,1,0,0,0,1,0,1
2,5,233,3,2,10,5211,0,0,1,0,0,1,1,1
4,4,218,2,2,3,5039,0,0,0,1,0,1,1,0
4,1,166,5,1,1,5463,1,0,0,0,0,1,0,1
3,5,229,6,2,22,2717,0,1,0,0,0,0,1,1
3,4,243,3,2,6,4950,0,0,0,1,0,0,1,0
6,4,283,4,2,1,1384,0,1,0,0,0,1,1,1
5,1,220,5,1,4,1156,1,0,0,0,0,1,0,1
4,5,217,4,2,3,5966,0,1,0,0,0,0,0,0
6,1,283,4,1,8,1404,0,0,0,0,0,1,1,0
3,5,270,2,2,46,2716,0,0,0,1,0,1,0,1
5,3,210,2,2,44,3382,0,0,0,1,0,1,1,1
3,2,243,2,1,5,4769,1,0,0,0,1,0,0,0
5,1,203,3,1,10,4750,0,1,0,0,0,1,1,0
3,4,212,2,2,56,3976,0,0,0,1,0,1,0,1
4,5,227,3,1,65,3984,0,0,1,0,0,1,1,1
4,4,232,3,2,61,2484,0,1,0,0,0,0,0,1
5,2,274,6,2,2,1748,0,0,0,1,0,1,1,1
4,4,273,2,1,9,5151,0,0,0,1,0,1,1,0
2,3,139,3,1,3,1788,0,0,1,0,0,1,0,1
3,4,173,2,1,5,4402,0,0,0,1,0,1,1,0
4,3,245,4,2,4,5940,0,0,0,1,0,1,1,0
3,5,98,3,2,3,5553,0,0,0,1,0,1,0,1
3,3,240,3,1,4,5056,0,0,0,1,0,1,0,1
4,2,265,4,2,10,4575,1,0,0,0,0,1,0,1
4,4,146,10,1,1,4351,1,0,0,0,0,1,1,0
4,4,257,5,2,4,1668,0,0,1,0,0,0,0,0
2,5,235,3,3,10,5775,0,0,0,1,0,1,0,1
4,2,249,3,1,6,5051,0,0,1,0,0,1,0,1
3,3,181,3,1,1,5094,0,0,1,0,0,1,0,1
5,5,134,2,2,64,1785,0,0,0,0,0,1,1,1
4,2,258,5,2,2,1494,0,0,0,0,0,0,1,0
3,5,179,5,1,56,1113,0,0,0,1,0,1,1,1
3,5,268,4,3,5,3446,0,0,1,0,0,1,1,1
4,4,243,5,2,10,4356,0,0,0,1,0,1,1,0
7,1,307,4,1,2,1983,0,0,0,1,0,1,1,0
3,2,176,3,1,51,1297,0,0,0,1,0,1,1,1
3,2,162,3,2,6,4505,1,0,0,0,1,0,1,1
3,5,177,4,3,9,5311,0,0,0,1,0,1,1,0
3,2,224,3,2,63,2085,0,1,0,0,0,0,1,1
3,2,245,2,1,7,4692,0,0,1,0,0,1,0,0
3,3,269,3,3,8,5910,0,0,1,0,0,1,1,0
5,4,172,4,2,10,4659,0,0,0,1,1,0,0,1
5,3,248,5,1,7,1475,0,0,0,1,0,0,0,1
3,1,266,3,1,5,5154,0,0,0,1,0,1,1,0
4,3,253,6,1,4,1788,0,1,0,0,0,1,0,1
4,1,204,6,1,1,4943,0,0,0,0,1,0,1,0
4,1,177,2,1,2,5911,0,1,0,0,0,1,1,0
2,3,235,3,1,57,2034,0,0,0,1,0,1,1,1
3,1,226,2,2,6,4946,0,0,0,0,0,0,0,1
5,5,256,5,2,2,1693,0,0,0,1,0,1,1,1
3,4,168,2,2,9,5235,0,0,0,1,0,1,1,1
5,1,230,6,1,60,2067,0,0,0,0,0,1,0,1
4,4,198,6,2,9,5730,0,0,0,1,0,0,1,1
4,4,104,4,1,6,4323,0,0,0,1,0,1,1,1
2,2,251,6,2,1,4165,0,0,0,0,0,1,0,1
6,5,250,4,1,8,1689,0,0,0,0,0,0,1,0
4,1,228,3,2,4,5347,0,0,0,1,0,1,1,1
3,4,271,2,2,6,4218,0,0,1,0,0,1,1,0
6,5,220,3,2,1,5508,0,1,0,0,1,0,1,0
4,4,193,3,1,2,5975,0,0,0,1,0,1,1,1
6,4,235,6,1,1,5533,1,0,0,0,0,1,1,1
5,5,133,3,2,21,1648,0,0,0,0,0,1,0,1
5,1,224,2,2,4,5063,1,0,0,0,0,1,1,0
3,3,202,2,2,39,3857,1,0,0,0,0,1,1,1
4,5,159,4,2,4,4816,0,0,1,0,1,0,0,0
6,2,245,4,1,8,1904,0,1,0,0,0,1,0,0
4,3,263,5,1,10,1762,0,0,0,0,0,1,0,0
4,5,170,3,1,2,5671,1,0,0,0,0,1,1,0
4,2,134,2,1,43,1714,0,0,0,1,0,0,0,1
3,5,188,3,3,6,4234,0,0,1,0,1,0,0,1
3,5,163,2,1,49,1034,0,0,0,1,0,1,0,1
4,3,226,6,2,6,1704,0,1,0,0,0,1,1,1
6,4,284,4,1,7,1584,0,0,0,1,0,1,1,0
3,1,265,4,1,50,2249,1,0,0,0,0,0,1,1
4,5,234,5,1,3,1469,0,0,0,0,0,1,0,1
5,4,238,3,3,5,5907,0,0,0,0,0,0,0,1
3,5,165,4,1,6,4795,1,0,0,0,0,0,1,1
3,3,219,3,3,5,4321,1,0,0,0,0,1,1,0
6,2,225,4,1,6,5787,1,0,0,0,0,1,1,1
4,3,133,2,1,9,4145,0,0,1,0,0,1,1,0
5,4,177,2,1,2,5618,0,0,1,0,0,1,1,1
5,4,235,3,1,3,4411,0,0,0,0,0,1,1,1
4,4,146,3,1,10,4472,0,0,0,1,0,1,1,1
4,1,165,4,2,34,1831,0,0,0,1,0,1,0,1
3,1,186,3,3,1,5694,0,0,0,0,0,1,0,1
3,2,168,3,1,15,1862,0,1,0,0,1,0,1,1
4,2,223,3,2,7,5977,0,1,0,0,0,1,0,0
5,5,149,3,2,9,5979,1,0,0,0,0,1,1,0
5,4,229,2,2,10,5001,0,0,0,1,1,0,0,0
4,4,102,3,3,9,5644,0,0,0,0,0,1,0,1
3,2,208,4,2,52,2900,0,1,0,0,0,1,1,1
4,2,156,3,1,3,5923,0,0,0,0,0,1,1,0
4,5,161,2,2,55,1457,1,0,0,0,0,1,1,1
4,1,238,3,1,4,5449,1,0,0,0,1,0,1,1
4,4,163,3,1,3,4185,0,0,0,0,0,1,1,1
4,5,242,4,1,35,3215,0,0,0,0,0,1,0,1
3,5,222,3,1,10,5185,1,0,0,0,0,0,0,1
5,1,214,3,1,33,2562,1,0,0,0,0,1,1,1
5,5,206,3,1,1,5520,0,0,0,1,0,1,1,0
2,3,247,2,2,62,3127,1,0,0,0,0,1,0,1
3,3,140,2,1,3,5713,0,1,0,0,1,0,0,0
5,5,221,5,1,3,1220,1,0,0,0,0,1,0,0
4,5,194,8,2,9,4843,1,0,0,0,0,1,0,1
4,5,171,3,1,10,4752,0,0,0,1,0,1,0,1
2,3,110,5,1,3,4124,0,0,0,0,0,1,1,0
2,4,246,2,2,1,5374,0,0,1,0,1,0,1,1
4,2,160,2,2,3,4304,1,0,0,0,0,1,1,1
3,1,155,3,2,2,5446,1,0,0,0,0,1,0,0
4,5,228,5,1,2,1996,0,1,0,0,0,0,1,0
4,5,172,4,2,8,5900,1,0,0,0,0,1,1,1
5,2,160,3,3,3,4599,0,1,0,0,0,1,1,0
5,4,275,2,2,10,5395,0,0,0,0,0,1,1,1
6,3,175,5,2,64,1860,0,0,0,0,0,1,0,1
3,2,184,5,3,26,3336,0,0,0,1,0,1,0,1
4,2,233,2,1,5,4817,0,0,0,1,0,1,0,0
6,1,273,4,2,6,1524,0,0,1,0,0,0,0,0
3,5,156,3,2,2,4190,0,0,0,1,0,0,0,1
3,3,156,6,1,45,1602,0,1,0,0,1,0,1,1
2,4,242,3,2,8,4898,0,0,0,1,1,0,1,0
5,4,221,2,1,59,3444,0,0,0,0,0,1,0,1
2,4,126,5,2,2,5461,0,0,0,0,0,1,1,0
5,2,154,4,1,8,4820,0,0,0,1,0,1,0,0
4,2,217,2,1,4,5539,0,0,1,0,1,0,1,0
4,3,207,3,1,7,4220,0,1,0,0,0,1,0,1
6,1,285,4,1,3,1448,0,0,0,1,0,0,0,1
3,1,223,3,1,22,3795,0,0,0,0,0,1,0,1
4,3,274,3,2,8,4276,0,0,0,1,0,1,0,0
3,5,271,4,1,3,5831,0,0,0,1,0,1,1,1
4,3,180,3,2,5,4038,0,0,1,0,0,1,1,1
5,2,265,3,1,8,5447,0,1,0,0,0,1,1,1
6,1,257,4,2,3,5656,0,0,0,1,0,1,0,1
5,2,246,3,1,2,4054,1,0,0,0,0,1,1,1
6,2,301,4,2,10,1747,0,0,0,0,0,1,1,1
4,3,151,3,2,9,4908,0,0,0,1,0,1,0,0
4,3,206,4,1,1,4596,0,0,0,1,0,0,1,1
5,1,254,6,1,1,1021,0,0,0,0,0,1,1,0
4,2,139,3,2,10,4648,0,0,1,0,0,1,1,0
4,2,272,2,1,1,5939,0,0,0,0,0,1,0,1
3,4,268,2,3,39,2822,0,1,0,0,0,1,0,1
4,1,234,6,1,7,1711,1,0,0,0,0,0,1,0
4,3,197,3,1,2,4410,0,1,0,0,0,1,1,0
4,1,251,4,1,3,4433,1,0,0,0,0,1,1,0
4,5,215,2,2,34,2258,0,0,0,0,0,1,0,1
3,4,210,3,1,7,2878,0,0,0,0,0,1,0,1
4,2,247,5,2,17,3630,0,0,0,1,0,1,0,1
4,1,164,4,1,6,4432,0,0,0,1,0,1,1,1
4,4,166,5,1,54,1203,0,0,0,1,0,1,0,1
3,5,169,2,2,4,4466,0,0,0,1,0,1,0,1
4,3,206,4,2,1,4812,0,1,0,0,0,1,1,1
4,3,207,3,2,5,4847,0,0,0,1,1,0,0,1
5,3,111,4,2,8,4575,0,0,1,0,1,0,0,0
4,5,274,3,2,5,4773,0,0,0,1,0,1,1,0
4,5,274,3,2,4,4521,0,0,0,1,0,1,1,0
3,5,158,3,1,10,4861,0,0,0,1,1,0,1,0
4,1,275,10,2,23,2726,1,0,0,0,0,1,0,1
3,3,185,2,1,4,4746,0,0,1,0,0,0,1,0
6,3,165,5,2,5,4871,0,0,0,1,0,1,1,0
5,5,134,3,3,5,5783,0,0,0,1,0,1,0,1
4,4,151,2,1,3,4105,1,0,0,0,0,1,1,1
3,2,158,3,2,39,1512,1,0,0,0,1,0,0,1
4,1,231,5,2,10,1144,0,0,0,0,1,0,0,0
3,3,218,3,1,3,2255,0,0,0,0,0,1,1,1
3,4,254,2,3,56,3266,0,0,0,1,0,0,1,1
3,4,200,4,2,8,4944,1,0,0,0,0,0,0,0
4,2,230,3,2,33,3602,0,0,1,0,0,0,1,1
4,1,191,2,1,4,5851,0,0,0,0,0,1,0,1
6,5,249,4,1,8,1274,0,1,0,0,0,1,0,0
5,3,243,5,2,8,1223,0,0,0,1,0,1,1,1
4,4,192,2,1,7,4151,0,0,0,1,0,1,1,0
6,2,286,4,1,3,1959,0,0,0,1,0,1,0,0
3,3,149,3,1,6,4654,1,0,0,0,0,1,1,0
3,1,203,3,2,4,4965,0,0,0,0,0,1,0,0
4,3,178,2,2,9,4322,0,0,1,0,1,0,0,1
4,3,198,2,1,5,5724,0,1,0,0,0,1,1,1
3,1,142,4,2,7,4780,0,0,0,0,0,1,1,0
5,1,259,3,1,1,5725,0,0,0,1,0,1,1,0
3,4,229,6,2,3,5471,0,0,0,1,0,1,0,0
3,3,255,2,3,7,3311,0,1,0,0,0,0,1,1
2,2,153,2,1,46,1130,0,0,1,0,0,1,1,1
4,5,140,3,2,8,4956,0,0,0,0,0,1,0,0
4,5,275,6,1,3,5008,0,0,1,0,0,1,1,0
4,4,247,3,1,55,2361,0,0,0,1,0,1,1,1
4,5,174,3,2,8,5576,0,0,0,1,1,0,0,0
3,3,148,3,1,8,5622,0,0,1,0,0,1,0,0
4,4,264,5,1,3,1782,0,1,0,0,0,0,1,0
5,2,157,3,1,1,1798,1,0,0,0,0,1,1,1
5,1,251,6,1,3,1562,0,0,0,1,1,0,0,0
2,1,158,3,2,51,1540,0,0,1,0,0,0,0,1
4,5,238,10,2,38,3556,0,0,1,0,0,1,1,1
5,4,229,3,2,29,2505,0,0,0,1,0,0,1,1
3,1,171,2,1,34,1999,0,0,0,0,0,1,1,1
4,2,268,3,1,3,5488,1,0,0,0,0,1,0,1
4,4,176,3,1,1,4774,0,0,0,1,0,1,0,0
5,2,258,5,1,3,1824,0,0,0,1,1,0,1,0
3,4,257,3,2,56,2941,1,0,0,0,0,1,1,1
4,5,218,6,1,5,4364,1,0,0,0,0,1,1,1
3,4,207,2,1,6,5852,0,0,0,1,1,0,1,1
4,3,158,3,3,1,5089,0,1,0,0,0,1,1,1
4,4,238,5,1,1,4753,0,0,0,0,0,1,1,0
3,4,273,2,2,39,2651,1,0,0,0,0,0,0,1
6,1,286,4,2,1,1636,0,1,0,0,0,1,1,0
4,4,222,3,2,4,5857,0,1,0,0,1,0,1,0
3,1,184,5,2,58,2544,0,0,1,0,0,0,0,1
3,2,204,2,3,8,4562,0,0,0,1,0,0,1,1
7,3,267,4,1,7,1384,1,0,0,0,0,1,1,0
4,4,128,6,2,3,5459,0,0,0,0,1,0,0,0
4,1,222,3,2,25,2582,0,0,0,1,0,1,1,1
3,5,102,6,2,3,1341,0,0,0,1,0,0,1,1
3,2,241,3,2,9,4301,1,0,0,0,0,1,0,0
3,5,148,3,1,4,5919,0,1,0,0,1,0,1,0
2,5,190,8,2,11,2976,0,1,0,0,0,1,1,1
3,2,264,3,2,43,3439,0,0,0,1,0,1,0,1
3,1,179,2,1,3,5159,0,0,0,1,1,0,1,1
5,1,142,6,2,1,4843,0,0,0,1,0,1,1,1
3,4,98,2,1,32,1539,0,0,0,0,0,1,0,1
3,4,148,3,1,56,1550,0,1,0,0,0,1,1,1
3,5,270,3,3,7,4459,0,0,0,1,0,1,0,1
5,3,232,7,2,6,5285,0,0,0,1,1,0,1,1
4,1,245,3,1,2,5835,0,0,0,1,0,1,1,1
4,1,148,3,3,23,1814,0,1,0,0,1,0,0,1
4,3,142,4,2,12,1396,0,1,0,0,0,0,1,1
4,3,175,3,1,2,5208,1,0,0,0,0,1,0,0
4,4,275,5,2,5,1117,0,0,0,1,0,1,1,0
4,2,212,3,1,3,4555,0,0,0,1,1,0,0,0
5,4,178,5,1,9,4729,0,0,0,0,0,1,0,1
6,2,257,4,2,2,1012,0,0,0,0,0,1,1,0
3,2,158,2,2,9,4881,0,1,0,0,0,1,1,0
5,5,232,3,1,4,1716,0,0,0,1,0,1,1,1
5,3,251,2,1,9,4458,0,0,0,1,0,1,1,0
6,4,243,4,1,9,1353,0,1,0,0,0,0,1,1
5,4,205,3,1,3,4157,0,0,0,1,0,0,0,1
6,4,205,4,1,10,1974,0,0,1,0,1,0,0,1
4,4,177,3,2,23,1142,1,0,0,0,0,1,1,1
5,4,226,5,1,47,2240,0,0,0,1,0,1,1,1
4,2,246,4,2,7,5056,0,0,0,1,0,1,1,1
4,1,234,2,2,4,5164,0,1,0,0,0,0,0,0
5,4,264,3,2,10,4025,0,0,1,0,0,1,1,1
3,5,175,3,3,6,5150,0,0,0,1,0,0,0,0
4,1,138,2,1,28,1528,1,0,0,0,0,1,1,1
4,5,196,3,1,4,5610,0,0,0,0,0,1,0,0
3,3,250,3,1,33,3463,0,0,0,0,0,1,0,1
6,3,264,4,2,6,1622,0,1,0,0,0,0,0,1
4,3,240,3,1,8,4423,1,0,0,0,0,0,0,0
3,5,251,2,1,28,3936,1,0,0,0,1,0,0,1
4,3,252,3,2,7,4852,0,0,0,1,0,1,0,0
5,5,226,3,2,23,2626,1,0,0,0,1,0,1,1
5,2,237,4,1,5,5623,0,0,1,0,0,1,1,1
5,3,119,2,1,8,5290,1,0,0,0,0,0,1,1
5,3,215,3,1,2,4731,0,0,0,1,1,0,0,1
4,3,271,2,2,22,2595,0,0,1,0,1,0,1,1
4,5,169,2,1,10,4248,0,0,0,1,0,1,0,0
3,2,244,2,3,9,4142,1,0,0,0,0,1,0,0
3,4,260,4,1,10,4109,1,0,0,0,1,0,0,0
3,3,168,3,2,11,1008,0,0,0,0,0,1,1,1
4,4,268,6,2,3,4834,1,0,0,0,1,0,0,0
4,5,134,3,1,1,1008,0,0,0,1,0,1,0,0
5,3,210,6,1,6,4203,0,1,0,0,0,1,1,1
4,2,222,3,3,9,5337,0,0,0,1,0,1,0,0
4,3,238,2,1,1,4051,0,0,0,1,1,0,0,0
4,3,246,2,1,60,2086,0,0,0,1,0,0,1,1
4,2,269,2,2,2,4013,0,0,1,0,1,0,0,1
6,5,308,4,1,4,1202,0,0,0,1,0,1,1,0
3,1,269,4,1,7,5107,0,0,0,0,1,0,0,0
4,2,151,3,2,8,4390,1,0,0,0,0,1,1,1
4,4,269,5,2,2,1473,0,0,0,1,1,0,0,0
3,2,204,3,1,8,4586,0,0,1,0,0,1,0,1
4,3,143,2,2,1,4402,0,0,0,1,0,1,1,1
2,1,130,4,2,10,4726,0,1,0,0,1,0,0,0
4,3,210,3,1,9,5556,1,0,0,0,0,1,1,0
3,4,145,8,1,24,1594,0,1,0,0,0,1,0,1
4,2,246,5,1,9,1206,0,0,0,1,1,0,1,1
4,2,260,2,1,31,2805,1,0,0,0,1,0,0,1
5,4,245,5,1,6,3592,0,0,0,1,0,0,1,1
3,4,270,6,1,7,4098,0,0,1,0,1,0,0,1
3,4,270,2,1,39,3690,0,0,0,1,0,1,1,1
5,1,160,3,2,22,1693,0,0,0,1,0,1,0,1
5,4,219,4,1,8,4540,0,0,0,1,0,0,0,0
3,1,234,4,3,6,4942,0,0,1,0,0,1,1,0
5,1,201,3,1,47,2657,0,0,0,1,0,1,0,1
3,3,167,2,1,6,5101,0,1,0,0,0,1,1,0
3,1,206,3,3,8,4763,0,0,0,0,0,1,0,1
3,3,229,3,1,14,2164,0,0,0,1,0,0,1,1
3,2,180,4,2,55,1165,0,1,0,0,0,1,1,1
2,1,139,2,2,2,4520,0,0,0,0,0,1,0,1
5,1,151,4,1,5,4549,0,0,1,0,0,1,1,0
4,4,270,3,1,12,3279,0,0,0,0,0,0,1,1
3,4,225,4,1,10,4460,0,1,0,0,0,1,1,1
3,4,134,4,2,53,1887,0,0,1,0,0,1,1,1
3,5,212,4,1,9,5791,1,0,0,0,0,1,0,0
4,4,101,5,1,8,4192,0,0,0,1,0,1,0,0
3,3,261,4,2,4,4307,0,0,0,1,0,1,0,1
3,3,151,3,1,24,1139,1,0,0,0,1,0,0,1
3,5,178,3,1,7,4135,0,0,0,1,0,1,0,0
5,2,240,7,2,57,2708,0,0,1,0,1,0,0,1
5,4,141,3,2,64,1677,0,0,1,0,0,1,1,1
3,5,211,2,2,9,4577,0,0,1,0,0,1,0,1
2,4,136,3,1,43,1958,1,0,0,0,0,1,1,1
5,2,188,3,2,50,3992,0,1,0,0,0,1,0,1
3,1,202,2,2,7,4506,0,0,0,1,0,1,0,1
4,1,212,2,2,4,4969,0,0,0,1,0,1,1,0
5,4,222,3,2,10,4663,0,0,1,0,0,1,0,0
4,4,266,3,1,10,5221,0,0,0,0,0,1,1,0
3,5,166,3,1,1,1366,0,0,0,0,1,0,0,1
3,5,143,2,1,17,1422,0,0,1,0,0,1,1,1
3,1,199,6,2,7,4805,1,0,0,0,0,0,0,0
5,4,270,2,3,43,2971,0,0,0,0,0,1,0,1
6,4,271,4,1,6,1091,0,0,0,0,0,1,0,0
3,1,104,4,1,9,5211,0,0,0,0,0,0,0,1
5,5,175,6,1,2,4883,0,1,0,0,0,1,0,1
3,2,158,7,2,10,4244,0,0,0,0,0,1,1,1
4,5,168,4,2,4,4776,0,0,1,0,0,0,0,1
5,4,255,6,1,4,1255,0,0,0,0,0,1,1,1
3,1,200,2,2,8,4337,0,0,0,1,0,1,1,0
4,1,135,4,1,5,5934,0,0,1,0,0,0,0,0
5,2,233,3,2,10,4233,0,0,0,0,0,0,0,1
2,4,255,3,1,55,1663,0,0,0,1,0,1,0,1
4,5,217,3,1,3,5380,0,0,0,1,0,1,0,1
5,4,272,2,1,1,5983,0,1,0,0,0,1,0,1
5,5,275,6,1,1,1507,0,0,1,0,0,1,1,0
4,3,197,4,2,9,4429,0,0,0,0,0,1,1,0
3,3,251,2,1,3,5168,0,0,0,0,0,1,1,0
4,4,219,3,2,10,4947,0,0,0,0,0,1,1,0
4,4,168,3,2,53,1782,0,0,0,1,0,1,1,1
4,1,204,2,1,7,5795,0,1,0,0,0,1,1,0
5,4,233,3,1,8,5076,0,0,0,0,1,0,1,1
5,3,145,3,2,1,5783,1,0,0,0,0,1,1,1
6,3,260,4,1,10,1140,0,0,1,0,0,1,0,0
4,5,148,3,2,5,5216,0,1,0,0,0,1,0,0
3,1,164,3,2,9,1803,0,1,0,0,0,1,0,1
5,4,222,3,1,7,5340,0,0,0,1,0,1,1,0
5,3,213,4,2,50,2003,0,0,0,0,1,0,0,1
3,3,182,4,1,7,1869,0,1,0,0,0,1,1,1
7,3,309,4,1,1,1290,0,0,1,0,0,1,0,1
3,5,250,4,1,11,3464,1,0,0,0,0,1,0,1
6,5,245,4,1,3,1716,0,0,1,0,1,0,1,0
6,3,224,6,3,8,5661,0,0,1,0,0,1,1,0
3,3,162,3,1,3,1693,0,0,1,0,0,1,1,1
4,2,266,2,1,8,5516,0,0,0,1,0,1,0,0
3,3,149,2,2,18,1225,0,0,1,0,0,1,1,1
3,3,230,3,1,4,4018,0,0,0,0,0,1,1,1
4,3,200,4,1,10,4291,1,0,0,0,0,1,0,1
4,2,209,2,2,9,5131,0,0,0,1,1,0,0,0
4,4,224,5,1,9,4902,0,0,0,1,0,0,0,1
4,3,272,3,1,4,5654,0,0,0,1,0,1,0,0
3,5,161,3,1,10,5663,0,0,0,0,0,1,0,1
4,4,201,5,2,3,5901,0,0,0,1,0,1,1,1
4,3,136,3,1,6,4911,0,0,0,1,1,0,1,1
3,2,252,4,1,29,2353,1,0,0,0,0,1,1,1
3,4,232,3,1,6,4050,0,0,1,0,0,1,0,0
4,5,195,5,2,10,3537,0,0,1,0,0,1,0,1
5,1,270,2,3,10,5360,1,0,0,0,0,0,1,0
3,3,207,10,1,7,4423,0,1,0,0,0,1,0,0
3,1,163,4,1,20,1940,0,0,0,0,0,1,0,1
4,1,229,3,2,20,2891,0,0,0,1,0,1,0,1
5,5,165,3,2,32,1798,0,0,0,1,1,0,0,1
5,4,147,3,2,23,1132,0,0,0,1,0,0,1,1
4,1,269,3,2,23,3652,1,0,0,0,0,0,0,1
7,1,276,4,1,8,1560,0,0,0,1,1,0,0,1
3,3,166,2,1,45,1791,0,0,0,1,0,1,0,1
4,3,207,2,2,5,4286,0,0,0,0,0,1,1,0
2,4,258,3,2,7,5736,0,0,0,1,0,0,1,0
4,3,259,5,2,2,1574,0,0,0,1,0,1,1,0
5,4,236,4,2,6,4457,0,0,0,1,1,0,1,0
3,4,170,2,1,2,5664,0,0,0,0,0,0,0,0
5,3,229,5,1,1,1196,0,0,0,0,0,0,0,0
4,5,231,3,1,4,5089,0,1,0,0,0,1,1,1
7,1,265,4,2,3,1357,0,0,0,1,0,1,0,1
5,2,233,7,2,8,5519,0,0,1,0,0,1,0,1
6,1,306,4,1,1,1210,0,0,0,1,1,0,1,0
4,3,227,3,2,10,5782,0,0,1,0,0,1,1,1
5,5,231,7,3,6,5755,0,0,0,1,0,1,1,0
4,4,218,6,2,8,5101,0,0,0,1,1,0,1,1
6,1,274,5,1,8,4292,0,0,0,0,0,0,0,1
6,2,269,4,2,3,1665,0,0,0,0,0,1,0,0
4,3,266,5,3,5,1590,0,0,0,0,0,0,0,0
4,2,159,3,1,5,4985,0,0,0,1,0,1,1,1
3,3,160,3,1,1,4769,0,1,0,0,0,1,1,0
6,2,225,6,1,44,2057,0,0,0,0,0,0,1,1
5,2,278,2,1,17,2493,1,0,0,0,0,0,0,1
3,2,215,4,3,2,4673,0,1,0,0,0,1,1,1
3,1,169,2,2,1,4783,0,1,0,0,1,0,0,1
7,2,276,4,1,9,1022,0,0,0,1,0,1,1,1
3,2,188,3,1,33,3335,0,0,0,1,0,1,0,1
4,4,155,3,2,6,5033,0,0,0,1,0,0,1,1
5,1,233,5,2,6,1631,0,0,0,0,0,1,0,1
3,1,241,3,1,10,4120,0,0,0,0,0,1,0,0
4,4,262,2,2,1,4357,0,1,0,0,1,0,1,0
2,2,193,3,2,64,2867,0,0,0,1,0,1,1,1
4,1,177,3,2,5,4382,0,1,0,0,0,1,0,0
6,3,135,5,1,20,1266,0,1,0,0,0,1,0,1
6,3,272,3,1,39,2518,1,0,0,0,0,1,0,1
2,4,187,6,2,9,4388,0,0,0,1,0,1,0,0
3,1,204,3,3,9,5093,0,0,0,0,1,0,0,0
5,2,234,6,1,58,2448,0,1,0,0,1,0,0,1
4,5,142,2,2,10,5428,1,0,0,0,0,1,1,1
4,3,266,3,2,8,4493,0,1,0,0,0,1,1,0
3,3,149,2,2,2,5311,0,0,0,1,0,1,0,0
3,2,199,4,2,1,5660,0,0,0,1,0,1,0,0
3,3,265,3,2,8,5070,1,0,0,0,0,1,0,0
4,1,275,3,2,7,5382,1,0,0,0,0,1,0,1
3,3,247,2,2,55,3461,0,0,1,0,0,1,1,1
7,1,287,4,2,9,1150,0,0,0,1,0,0,1,1
5,4,263,3,2,61,2606,0,0,0,1,0,1,1,1
4,2,245,3,1,5,5226,0,0,0,0,0,1,0,0
4,3,142,3,2,6,5930,0,0,0,1,0,1,0,0
5,5,161,3,3,7,5338,1,0,0,0,0,1,0,1
3,2,194,3,1,3,5779,0,0,0,1,0,1,0,1
3,1,211,2,1,45,3332,1,0,0,0,0,0,0,1
4,4,206,4,2,9,1074,0,1,0,0,0,1,0,1
5,4,188,7,2,48,2466,1,0,0,0,1,0,0,1
3,4,236,3,2,1,5851,0,0,1,0,0,1,1,0
2,5,155,5,1,6,1639,0,0,1,0,0,1,0,0
4,5,216,3,3,26,2053,0,0,0,1,0,1,1,1
4,5,258,2,2,2,4303,0,0,0,1,1,0,0,1
7,2,203,5,2,61,1856,0,0,0,1,1,0,0,1
3,5,236,2,1,10,5755,1,0,0,0,0,1,1,1
4,2,248,2,1,10,5783,0,0,0,1,1,0,0,0
3,5,274,3,1,3,5156,1,0,0,0,0,1,0,0
2,4,144,4,1,8,5760,0,1,0,0,0,0,0,1
4,4,154,3,1,7,4106,0,0,0,0,0,1,0,1
7,4,290,4,1,10,1886,0,1,0,0,0,1,0,1
3,3,232,5,2,10,5580,0,0,0,1,0,1,1,0
5,1,160,3,2,3,5839,0,1,0,0,0,1,1,0
4,5,244,4,2,2,5365,1,0,0,0,1,0,0,1
4,1,264,2,1,8,2436,0,0,0,1,1,0,1,1
3,1,175,2,1,42,1668,1,0,0,0,1,0,1,1
3,5,246,3,2,2,5653,0,0,1,0,0,1,0,1
6,2,173,3,2,4,5970,0,0,1,0,0,1,0,0
5,4,210,3,2,6,5102,0,1,0,0,0,1,0,0
5,1,260,5,1,3,1705,0,0,0,0,1,0,0,0
4,2,263,3,1,7,5395,1,0,0,0,0,1,0,1
6,3,244,4,1,1,1317,0,0,1,0,1,0,0,1
5,2,156,2,2,19,1311,0,0,0,1,0,0,1,1
2,1,127,3,1,15,1522,0,0,1,0,0,1,0,1
7,2,244,4,2,8,1477,0,0,1,0,0,1,0,1
4,2,136,2,2,19,1387,0,0,0,0,0,1,1,1
2,1,285,3,3,7,4999,0,1,0,0,0,1,0,0
3,3,183,3,1,4,5322,0,0,1,0,0,0,1,0
2,4,195,4,2,3,5641,1,0,0,0,0,1,1,1
6,4,288,4,2,9,1575,1,0,0,0,0,1,0,0
4,5,223,3,1,9,5649,0,0,0,1,0,1,1,1
5,3,245,5,1,10,1112,0,0,0,1,0,1,0,0
3,4,188,4,1,49,3067,0,0,1,0,0,0,0,1
4,1,245,2,1,5,5324,0,0,0,0,1,0,1,1
2,3,136,3,1,19,1568,0,0,0,1,0,1,0,1
3,1,187,3,2,2,5154,0,0,0,0,0,1,1,1
3,1,154,2,1,44,1994,0,0,0,0,1,0,0,1
4,3,175,4,2,4,5685,0,1,0,0,0,1,0,0
5,3,171,2,2,1,5385,0,0,0,1,0,0,0,1
5,2,246,5,2,9,1876,0,1,0,0,0,1,0,0
2,4,141,3,2,27,1628,0,0,0,1,1,0,0,1
4,2,261,2,2,4,5926,0,0,1,0,0,1,0,1
5,1,261,5,2,3,1644,1,0,0,0,0,1,1,1
4,2,183,3,2,12,3646,0,0,0,0,0,1,0,1
2,4,239,5,1,59,2181,0,0,0,1,1,0,0,1
3,1,165,2,1,6,4445,0,0,0,0,0,1,1,0
4,5,142,2,2,9,5425,0,0,0,1,0,1,0,1
5,1,109,2,3,23,1479,1,0,0,0,1,0,1,1
4,3,229,3,1,5,5225,0,0,0,0,1,0,1,1
4,3,134,3,1,21,1955,0,0,0,1,0,0,0,1
3,5,153,4,1,10,5897,0,0,1,0,0,1,0,0
5,5,208,8,1,39,2905,0,1,0,0,0,1,1,1
4,2,233,2,1,7,5546,0,1,0,0,0,1,1,1
3,5,150,3,3,6,4565,0,1,0,0,0,1,1,0
3,2,161,3,2,2,4174,0,0,1,0,0,1,1,1
4,2,216,4,2,3,4887,0,1,0,0,0,1,1,1
2,3,151,4,1,3,1353,0,0,0,1,0,1,0,1
4,3,140,3,3,46,1072,0,0,0,1,0,1,0,1
5,1,248,2,1,6,5281,0,0,0,1,1,0,0,0
3,2,131,5,1,8,5084,0,0,0,1,0,1,0,0
4,4,186,3,1,2,4430,0,1,0,0,1,0,0,0
4,3,186,2,2,48,2805,0,1,0,0,0,1,0,1
3,1,145,2,3,25,1851,1,0,0,0,0,1,1,1
4,2,204,2,1,1,4533,0,0,1,0,0,1,0,0
6,2,139,6,2,8,1691,0,0,0,1,1,0,1,1
3,4,121,3,1,63,1611,0,0,0,0,0,1,0,1
4,2,199,3,1,64,2470,0,0,0,1,0,1,1,1
3,4,257,2,3,15,3981,0,0,1,0,0,1,1,1
3,1,112,5,2,41,1249,1,0,0,0,1,0,0,1
4,4,163,6,2,1,4584,0,1,0,0,0,1,1,0
3,1,190,3,1,1,5065,1,0,0,0,1,0,0,1
4,2,237,2,2,6,2965,0,1,0,0,0,0,0,1
6,4,300,4,1,8,1301,0,0,1,0,0,1,0,1
3,1,255,2,2,42,3459,0,0,0,0,0,1,1,1
3,3,244,4,2,10,5181,0,1,0,0,0,0,1,0
4,2,267,5,1,3,1933,0,0,0,0,0,1,1,1
2,3,133,4,1,5,5989,0,0,0,1,1,0,0,1
4,4,228,3,1,60,2715,0,0,0,1,0,1,1,1
4,2,178,8,2,5,4120,0,0,0,1,0,1,1,1
6,1,132,4,2,5,5235,0,1,0,0,1,0,1,1
3,5,162,3,2,1,4432,0,0,0,1,0,1,0,0
3,1,250,3,1,7,4760,0,0,0,0,0,1,0,0
5,5,232,3,1,2,4545,0,0,0,1,0,1,0,1
5,5,221,6,2,6,1429,1,0,0,0,0,1,1,0
7,5,285,4,1,6,1591,0,0,0,0,0,1,1,1
3,4,165,2,2,1,5745,1,0,0,0,0,1,1,0
4,5,135,3,2,6,5266,0,0,0,1,0,1,0,1
4,2,253,5,1,3,4676,0,0,1,0,1,0,0,1
2,4,225,10,3,46,2690,1,0,0,0,0,0,1,1
4,4,265,3,1,10,4741,0,0,0,1,0,1,1,0
3,5,198,2,2,62,3015,0,0,1,0,0,1,0,1
4,1,238,2,1,3,2241,0,1,0,0,0,1,0,1
4,1,268,4,2,2,4543,0,0,0,1,0,1,0,0
4,2,167,3,1,21,1637,0,0,0,1,0,1,1,1
5,2,145,3,2,2,4836,0,0,0,0,0,1,1,0
4,5,261,2,3,49,3045,0,1,0,0,0,1,1,1
4,2,187,2,1,6,3625,0,0,0,0,0,0,0,1
3,2,226,3,2,3,4940,1,0,0,0,0,1,1,1
4,3,142,4,1,29,1420,1,0,0,0,0,1,1,1
4,3,162,3,1,53,1194,0,0,0,0,0,1,1,1
6,2,244,4,2,1,1406,1,0,0,0,0,1,0,1
4,4,175,2,2,10,4927,0,0,1,0,0,1,0,0
6,5,266,4,1,6,1201,0,0,0,1,0,1,0,0
5,2,168,4,1,10,5373,0,1,0,0,0,1,1,1
4,3,250,2,3,10,4885,0,0,0,1,0,1,0,1
5,1,249,5,2,1,1654,1,0,0,0,1,0,0,1
4,1,242,2,1,34,3966,0,0,0,0,0,0,1,1
3,1,226,3,2,8,5000,1,0,0,0,0,1,0,0
5,5,218,5,1,5,4303,0,0,0,1,1,0,1,1
3,5,156,2,2,8,5848,0,0,0,1,0,1,0,0
4,5,135,3,1,3,4760,0,0,0,1,0,1,0,0
5,1,138,3,1,10,5612,0,0,0,1,0,1,1,1
4,3,203,4,1,1,5274,0,0,0,0,1,0,0,0
5,2,239,2,2,15,2471,1,0,0,0,0,1,0,1
5,3,160,3,3,25,1977,1,0,0,0,1,0,1,1
3,1,210,3,2,4,5683,0,1,0,0,0,1,1,0
3,5,150,4,2,8,4433,0,1,0,0,0,1,0,0
6,3,275,5,1,41,2491,0,0,1,0,0,1,1,1
4,1,192,4,3,10,4570,0,0,1,0,0,1,1,1
2,5,159,3,1,49,1621,0,0,0,0,1,0,0,1
7,4,291,4,3,4,1248,1,0,0,0,0,1,1,1
2,3,130,4,2,10,4363,0,1,0,0,0,1,1,0
3,4,102,3,2,9,4111,0,0,0,1,0,1,1,0
3,3,183,3,1,45,2181,0,0,0,1,1,0,0,1
3,2,175,2,2,12,1817,0,0,0,1,0,1,0,1
4,3,181,3,1,5,5398,0,0,0,1,0,0,0,1
4,3,263,3,2,3,4677,0,1,0,0,0,1,1,0
3,5,193,3,3,10,5991,0,1,0,0,0,1,0,1
3,2,240,8,1,9,4908,0,1,0,0,0,0,0,0
5,3,133,4,2,29,1094,0,0,0,1,0,1,0,1
2,4,129,3,1,48,1219,0,1,0,0,0,1,0,1
3,3,158,3,1,1,5502,1,0,0,0,0,0,1,0
6,1,293,4,1,10,1534,0,0,0,1,0,1,0,1
3,5,156,8,2,9,4733,0,1,0,0,0,1,0,1
3,2,175,2,1,9,4859,0,0,0,0,1,0,1,0
2,5,189,2,1,9,5245,0,0,1,0,0,1,1,0
5,1,234,3,1,4,5033,0,0,0,1,0,1,0,0
2,2,150,2,2,9,4917,0,1,0,0,0,1,0,1
3,4,250,6,2,1,4543,0,0,0,0,0,1,1,1
5,1,245,3,1,9,4694,1,0,0,0,0,1,0,0
5,1,183,3,2,8,4531,0,0,0,1,0,1,0,0
3,3,262,7,3,9,5097,0,0,0,0,0,1,0,0
3,4,198,2,2,19,2373,0,0,0,0,0,1,1,1
4,4,140,4,2,46,1442,0,0,0,0,0,1,0,1
4,4,154,6,2,10,4361,0,0,0,0,0,0,0,1
4,4,149,3,2,2,4241,0,0,0,1,0,1,0,1
2,4,191,3,1,58,2586,0,1,0,0,0,1,0,1
5,2,180,3,2,1,4655,0,0,1,0,0,1,1,1
4,2,163,4,2,5,5751,0,0,0,0,0,0,0,0
4,2,191,2,1,11,3985,0,1,0,0,0,1,1,1
7,5,250,4,1,1,1690,0,0,0,0,0,1,1,1
5,1,162,5,1,47,1727,0,0,1,0,0,1,0,1
3,3,172,3,2,42,1707,0,0,1,0,1,0,0,1
4,4,255,6,1,2,1430,0,0,1,0,0,1,0,1
3,4,238,2,1,3,4723,1,0,0,0,0,1,1,0
5,2,256,7,1,41,2758,0,0,0,0,1,0,0,1
2,2,160,6,2,9,4972,0,0,0,1,0,1,0,1
3,3,104,5,1,5,4643,1,0,0,0,0,1,0,0
4,2,210,3,1,16,2046,0,0,1,0,0,1,1,1
6,4,244,4,2,7,1795,0,0,1,0,1,0,1,0
3,4,211,3,1,56,3654,0,0,1,0,0,1,1,1
4,2,168,6,2,9,4030,0,0,1,0,0,1,0,0
3,3,165,3,3,35,1459,0,0,0,1,0,0,1,1
5,5,225,5,1,7,1168,0,0,1,0,0,0,1,0
5,2,263,5,2,10,1059,1,0,0,0,0,1,0,0
5,1,206,5,2,2,5766,0,0,0,1,0,1,1,0
5,3,199,4,1,24,3473,0,0,0,0,0,0,0,1
2,5,117,3,3,2,4268,0,0,1,0,0,1,0,1
4,5,170,3,2,3,4695,0,0,1,0,1,0,1,1
3,4,269,2,2,2,4177,1,0,0,0,0,1,1,0
4,2,261,5,1,8,1235,0,0,1,0,0,1,0,1
3,1,238,2,2,5,4355,0,0,1,0,0,1,1,1
4,1,187,3,2,8,5872,0,1,0,0,0,1,1,0
4,1,140,2,1,60,1950,0,1,0,0,0,1,1,1
6,3,275,6,1,4,4875,0,1,0,0,0,0,1,0
4,3,248,2,2,2,4700,0,0,0,1,0,0,0,0
4,2,140,3,2,49,1820,0,0,0,0,1,0,0,1
4,2,258,5,1,8,1878,0,0,0,0,0,0,0,0
3,4,208,2,1,37,2537,0,0,0,1,0,1,0,1
6,5,278,4,1,2,1167,0,0,0,1,0,1,1,1
4,3,186,3,1,7,5156,0,0,0,1,1,0,1,1
6,2,137,10,1,4,4490,0,0,0,1,0,1,0,0
6,3,154,2,3,7,4732,1,0,0,0,0,0,1,0
4,4,209,3,2,7,4717,0,1,0,0,0,0,1,1
4,3,235,3,2,4,5748,0,0,0,1,0,1,0,1
2,5,202,3,1,50,2587,0,1,0,0,0,0,1,1
6,5,212,2,2,38,2359,0,0,1,0,1,0,1,1
2,3,126,4,3,3,1364,0,0,0,0,1,0,0,1
3,4,184,4,2,2,4052,1,0,0,0,0,0,1,0
4,1,97,2,3,15,1836,1,0,0,0,0,1,1,1
3,2,181,3,1,4,5966,0,1,0,0,0,1,1,1
4,5,168,3,1,4,1363,0,0,0,0,0,1,0,1
4,3,149,3,2,17,1990,1,0,0,0,0,0,1,1
5,4,225,5,1,7,1476,0,0,1,0,0,1,1,0
5,4,149,3,1,51,1645,1,0,0,0,0,0,1,1
4,4,256,5,1,9,1622,0,0,0,1,0,0,1,1
3,2,220,3,2,8,4148,0,0,1,0,0,1,1,0
3,4,182,3,2,2,5281,0,0,1,0,0,1,0,1
4,3,171,4,1,55,1539,0,0,0,0,0,1,0,1
4,1,171,3,2,10,5971,1,0,0,0,1,0,1,0
5,5,184,3,2,7,4742,1,0,0,0,0,1,1,0
3,4,180,7,3,4,4408,0,1,0,0,0,0,1,0
4,1,144,4,2,6,5197,1,0,0,0,0,1,1,1
4,3,287,5,2,6,4376,0,0,0,0,0,1,1,1
4,5,163,3,2,2,4887,0,0,0,0,1,0,0,0
2,3,129,3,1,50,1111,0,0,0,0,0,1,1,1
3,5,164,3,2,43,1423,0,0,0,1,0,1,0,1
3,4,188,5,1,3,4835,0,1,0,0,0,1,0,1
3,3,150,2,2,9,4100,0,0,0,1,0,1,1,0
4,5,102,5,1,3,5767,0,0,0,0,0,1,0,0
4,4,193,2,1,6,4855,0,1,0,0,1,0,0,1
4,4,205,4,2,2,4690,1,0,0,0,0,1,0,1
4,2,141,3,2,61,1875,1,0,0,0,0,0,1,1
4,1,232,5,2,8,1943,0,0,0,1,0,1,1,0
5,3,148,3,2,48,1099,0,0,0,1,0,1,0,1
4,4,243,3,1,36,2111,0,1,0,0,0,1,0,1
4,1,224,3,2,36,3499,1,0,0,0,0,1,0,1
5,2,269,6,2,5,1097,0,0,0,0,1,0,0,0
3,5,240,6,1,21,3559,0,0,0,1,0,0,1,1
2,5,160,3,2,31,7401,1,0,0,0,0,1,0,1
4,3,192,3,1,10,4068,0,1,0,0,1,0,0,0
6,3,285,4,2,1,1606,0,0,0,1,0,1,0,0
3,2,233,3,2,7,5838,0,0,1,0,0,1,1,0
3,1,173,3,1,3,4453,0,1,0,0,0,1,0,1
3,1,236,4,2,10,1551,1,0,0,0,1,0,0,0
4,5,172,2,2,7,4559,0,0,1,0,0,1,1,0
3,1,243,3,2,2,5827,0,0,0,1,0,1,0,1
5,1,189,2,2,10,5248,0,0,0,1,0,1,1,0
4,4,161,3,3,59,1165,0,1,0,0,1,0,0,1
6,2,261,4,2,8,1891,0,1,0,0,0,1,1,0
5,5,232,6,1,2,1550,0,0,1,0,0,0,1,1
4,4,218,2,2,3,5692,1,0,0,0,1,0,0,1
5,1,234,5,2,2,1030,1,0,0,0,0,0,1,1
3,1,232,2,2,10,4719,0,0,0,0,1,0,1,0
4,3,229,2,1,6,4226,0,1,0,0,0,1,1,1
4,1,113,3,1,60,1200,1,0,0,0,0,1,0,1
6,5,285,4,2,5,1631,0,1,0,0,1,0,0,1
4,3,169,6,2,2,5607,0,0,0,1,0,1,0,0
3,1,238,2,1,9,5158,0,1,0,0,0,1,1,0
3,4,202,2,2,6,5030,0,0,1,0,0,1,0,0
3,5,252,3,1,18,3701,0,0,0,0,0,1,1,1
5,4,269,5,1,4,1537,0,0,0,0,0,1,0,1
4,1,157,2,2,3,5801,0,0,0,0,0,1,1,0
3,3,268,2,3,5,5195,0,1,0,0,0,1,0,0
7,4,285,4,2,2,1017,0,0,1,0,0,1,0,1
3,1,145,2,1,28,1313,0,0,0,0,0,0,1,1
4,3,134,3,2,13,1985,1,0,0,0,0,1,1,1
3,4,269,2,2,6,5951,0,1,0,0,1,0,1,0
4,5,142,10,3,5,4147,0,0,0,1,0,0,0,1
4,5,266,3,2,2,4867,0,0,0,0,0,1,0,0
4,2,243,5,2,8,1922,0,0,1,0,0,1,0,0
4,2,136,3,1,65,1962,0,0,1,0,0,0,0,1
4,2,198,3,1,4,5863,0,0,0,1,0,1,0,0
3,3,186,3,2,49,2356,1,0,0,0,0,1,1,1
5,3,138,3,1,5,5687,0,1,0,0,0,1,0,1
5,4,223,2,1,5,4424,0,0,1,0,1,0,1,1
5,5,264,3,3,3,5835,0,0,0,1,0,1,0,1
5,4,221,6,2,6,1488,0,1,0,0,0,1,1,1
4,5,245,3,1,7,4297,0,0,0,0,0,1,0,0
4,3,255,6,1,3,4278,0,0,0,0,0,0,1,1
3,1,207,2,1,7,4639,0,0,1,0,0,1,1,0
3,2,126,5,1,6,4372,0,0,0,1,0,1,0,1
4,1,197,3,1,6,5032,0,0,0,1,0,1,0,0
6,1,246,4,2,4,1504,0,1,0,0,1,0,1,1
3,3,246,4,1,3,4316,0,0,0,1,0,1,0,0
5,1,180,3,1,2,5013,0,0,1,0,1,0,0,1
4,5,260,3,1,14,2071,0,0,1,0,0,1,0,1
5,4,260,3,1,8,4535,1,0,0,0,1,0,1,0
5,5,236,3,2,62,3365,0,1,0,0,0,1,0,1
3,1,213,10,2,9,4862,0,0,1,0,0,0,1,0
6,4,221,5,2,8,4511,0,0,0,1,0,0,1,1
5,4,228,5,1,5,1844,0,1,0,0,1,0,1,0
4,5,242,6,1,9,1858,1,0,0,0,0,1,0,0
3,2,207,3,3,3,4909,0,0,1,0,0,1,0,1
3,4,243,2,1,14,3693,1,0,0,0,0,1,0,1
6,3,252,2,1,6,1470,0,0,0,0,0,1,1,1
5,1,245,5,1,7,1092,0,0,0,1,0,0,0,0
5,3,199,10,2,1,5865,0,0,0,0,0,1,0,0
4,3,118,5,1,15,1601,0,0,0,0,0,1,0,1
4,1,245,5,1,3,1537,0,0,0,1,0,1,0,0
6,4,279,4,1,5,1241,0,0,0,1,0,1,0,0
3,3,209,3,3,2,4036,0,0,0,1,0,1,0,1
4,5,235,5,1,6,1460,0,0,1,0,0,1,1,0
4,1,144,2,3,35,1072,1,0,0,0,0,1,1,1
3,1,264,4,1,10,4265,0,0,1,0,0,1,1,0
3,2,108,4,1,5,4787,0,0,1,0,0,1,0,0
4,3,269,6,2,62,3950,0,1,0,0,0,0,1,1
5,1,211,3,1,7,5594,0,0,0,0,0,1,1,1
5,3,210,3,2,9,5912,0,0,1,0,0,1,1,0
4,1,201,8,2,4,4295,1,0,0,0,0,1,1,0
3,3,178,2,2,4,1778,0,0,0,1,0,1,1,1
5,2,255,5,2,4,1634,0,1,0,0,0,0,1,0
5,3,194,7,2,10,5700,0,0,0,1,0,0,0,0
3,2,143,3,1,58,1785,0,0,0,1,0,1,0,1
2,1,229,3,2,9,5075,1,0,0,0,0,1,1,0
5,4,271,3,1,3,5218,0,0,0,0,0,1,1,1
4,4,127,4,3,54,1239,0,0,0,1,0,1,1,1
2,3,215,2,2,3,5052,0,0,1,0,1,0,0,1
4,4,251,2,1,2,4800,0,0,0,0,1,0,1,0
4,1,190,3,1,32,2774,0,0,1,0,1,0,0,1
4,3,137,3,2,46,1299,1,0,0,0,1,0,1,1
3,5,245,4,1,8,5600,0,0,0,1,0,1,1,0
4,3,225,8,1,8,4718,1,0,0,0,0,0,1,1
4,5,244,3,1,7,4172,0,1,0,0,1,0,0,0
3,2,134,3,1,20,1391,0,1,0,0,0,0,0,1
3,1,104,2,1,1,1021,1,0,0,0,0,0,1,1
5,2,254,3,2,8,5892,0,1,0,0,0,0,0,1
4,5,269,5,1,3,1118,0,0,1,0,0,1,0,0
5,2,243,5,2,4,1013,0,0,0,1,0,1,0,1
3,2,169,2,2,61,1511,1,0,0,0,0,0,1,1
3,2,226,4,2,8,5225,0,0,0,1,0,1,0,0
3,1,179,3,3,5,5898,0,0,1,0,0,0,1,1
5,2,249,3,3,8,5000,1,0,0,0,0,1,0,1
4,2,283,2,3,1,4115,0,0,1,0,0,0,0,0
5,1,199,10,2,8,4140,0,0,0,0,0,0,0,0
4,5,274,2,1,2,4492,0,0,0,1,0,1,0,1
4,1,245,3,1,5,4523,0,0,1,0,0,1,0,0
3,4,157,3,2,6,5611,0,0,0,1,0,0,0,0
4,1,206,3,1,4,4745,0,0,0,1,1,0,0,0
3,3,182,10,1,3,5555,0,0,0,1,0,0,1,0
4,1,245,5,2,1,1472,0,0,0,1,0,1,1,0
3,2,267,5,1,48,2622,0,0,1,0,1,0,0,1
4,3,248,5,1,7,1789,0,0,0,1,0,1,0,1
3,4,175,3,1,8,4274,0,0,0,0,0,1,1,1
5,2,233,3,3,7,5323,0,1,0,0,0,1,1,1
5,2,217,3,1,27,2999,0,0,1,0,0,0,1,1
3,4,256,3,1,7,5013,0,1,0,0,0,1,1,1
3,5,172,2,2,60,1840,0,0,1,0,0,1,1,1
4,3,223,3,1,35,2715,1,0,0,0,0,1,1,1
3,2,203,2,2,39,3845,0,0,0,1,0,1,0,1
5,2,155,3,1,10,4485,0,0,0,0,1,0,0,1
6,4,150,5,2,8,4709,0,1,0,0,1,0,0,0
4,4,214,3,2,1,4717,0,0,0,1,1,0,0,0
3,3,220,3,1,10,5234,1,0,0,0,0,0,0,1
2,5,168,3,1,37,1717,0,1,0,0,1,0,1,1
4,3,274,5,1,3,1637,0,1,0,0,1,0,0,1
2,2,146,3,2,1,1162,0,0,0,1,0,1,0,1
5,5,240,6,1,10,1986,0,0,1,0,0,1,0,0
3,2,252,3,2,7,4507,0,0,0,1,1,0,1,0
4,3,102,3,2,3,4845,1,0,0,0,1,0,0,1
5,2,162,4,2,7,5477,0,0,0,0,0,0,1,1
4,2,246,3,2,1,5113,0,0,0,0,0,0,1,0
5,2,238,5,1,4,1962,0,0,0,0,0,1,0,0
2,2,129,3,2,22,6614,0,0,0,1,1,0,0,1
4,4,251,6,2,4,1869,0,0,0,1,0,1,1,0
3,3,174,3,2,2,4221,0,0,0,1,0,1,0,0
7,2,302,4,1,6,1632,0,0,0,1,0,1,1,0
7,4,267,4,2,9,1378,0,0,0,0,0,0,0,1
3,3,120,3,1,55,1534,0,0,0,0,1,0,0,1
6,5,299,4,1,1,1629,0,1,0,0,0,1,0,1
5,3,270,5,2,7,1303,0,0,1,0,0,0,0,1
5,5,174,3,3,9,5969,0,1,0,0,1,0,0,1
4,3,253,5,1,6,1366,0,0,0,1,0,1,1,1
4,4,239,3,2,7,5297,0,0,1,0,0,1,0,1
4,4,223,4,1,3,5613,0,0,0,0,0,0,1,0
3,1,250,3,1,8,3617,0,0,0,1,0,1,0,1
5,3,269,3,1,8,4811,0,0,0,0,1,0,0,0
6,5,152,4,2,8,5351,0,1,0,0,0,1,0,0
4,4,179,3,1,48,1943,0,1,0,0,1,0,1,1
6,3,170,4,1,1,4912,0,0,0,1,0,1,1,0
4,1,211,3,3,5,5757,0,0,1,0,0,1,1,1
3,4,272,3,1,44,2548,0,0,0,1,0,1,1,1
4,4,238,2,1,4,4337,0,0,0,1,1,0,0,1
4,3,150,2,3,8,4965,0,0,1,0,0,1,0,1
3,3,259,8,3,6,5939,0,0,0,1,0,1,0,0
4,5,226,5,1,5,4833,0,0,0,1,0,1,0,0
4,3,179,3,1,3,5495,0,0,1,0,1,0,0,1
3,2,154,3,1,6,5540,0,0,0,1,0,1,0,1
3,1,250,3,2,6,5832,0,0,0,1,0,1,0,0
3,1,209,2,2,3,4184,0,0,0,1,0,1,0,0
6,3,281,5,2,8,1864,0,0,0,1,1,0,0,1
3,1,185,4,1,35,3648,0,0,0,0,0,1,0,1
5,2,186,3,2,15,2153,0,0,0,1,0,1,0,1
3,4,239,4,2,8,4537,0,0,0,1,0,1,0,0
3,1,182,2,1,3,5510,0,0,0,1,0,1,0,1
3,2,231,3,1,55,3952,0,0,1,0,0,1,1,1
5,2,174,4,2,8,5627,0,0,0,0,0,1,1,1
6,3,306,4,3,5,1261,0,0,0,1,0,1,0,1
2,2,254,2,1,8,5827,0,0,0,1,0,1,0,0
4,2,247,3,2,64,2198,0,1,0,0,0,1,0,1
3,2,189,3,2,2,4152,1,0,0,0,0,0,0,1
5,1,285,4,2,10,1428,0,0,1,0,0,1,0,0
4,2,221,2,2,54,3065,0,1,0,0,1,0,1,1
3,3,200,3,1,3,5739,0,0,0,1,0,1,1,0
3,1,129,3,2,9,5296,0,0,0,1,0,0,1,1
4,5,157,3,2,2,5791,0,0,0,1,0,1,1,1
4,4,265,3,1,9,5508,0,0,0,1,0,0,1,0
6,3,235,3,1,7,4829,0,0,1,0,1,0,0,1
4,5,243,5,1,7,1243,0,0,0,0,0,1,1,1
3,5,230,3,3,4,5189,1,0,0,0,0,0,1,1
5,5,145,3,2,37,1993,0,0,0,1,0,1,0,1
6,5,135,5,1,55,1078,0,0,0,1,0,1,1,1
3,4,175,3,1,6,5503,1,0,0,0,0,1,1,0
3,4,196,2,2,5,4342,0,1,0,0,1,0,0,1
5,5,245,5,1,5,1381,0,0,0,1,0,1,1,1
4,1,228,5,1,6,1727,0,0,1,0,0,0,0,1
4,4,271,6,3,3,5204,0,0,1,0,1,0,1,0
3,4,189,2,2,12,2888,0,1,0,0,0,0,1,1
2,2,171,2,2,6,5105,0,0,0,1,0,1,0,0
3,1,162,4,2,4,5683,0,1,0,0,1,0,0,0
4,1,162,2,1,47,1540,0,0,0,0,1,0,0,1
5,2,214,2,1,10,5192,0,1,0,0,0,1,0,0
5,2,205,4,1,6,5486,0,0,0,0,0,1,1,0
5,1,174,6,2,44,1635,0,0,0,1,0,1,1,1
6,2,247,4,2,1,1668,0,0,0,1,0,1,1,0
2,3,140,2,2,20,1832,0,0,0,0,0,1,1,1
4,4,182,3,2,8,5453,0,0,0,1,0,1,0,1
4,2,227,4,2,22,2460,0,1,0,0,0,1,0,1
5,1,263,3,2,6,4505,0,0,0,1,0,1,1,1
5,4,202,3,1,3,4559,0,0,1,0,0,0,0,1
4,2,245,2,1,3,4000,0,0,0,1,0,1,1,0
4,5,197,3,1,34,3784,0,1,0,0,1,0,0,1
4,1,150,2,1,5,4133,0,0,0,0,0,1,1,0
4,5,151,4,2,10,4796,0,1,0,0,0,1,1,0
4,5,192,2,3,4,4518,0,0,1,0,1,0,0,0
5,2,152,3,2,4,4699,0,0,0,1,0,0,1,1
5,3,263,5,2,6,1192,0,0,0,1,0,1,0,0
4,5,228,5,1,9,1381,0,0,0,1,0,1,1,0
5,4,186,2,1,3,4213,0,1,0,0,0,0,1,0
4,1,238,3,3,4,4910,0,1,0,0,0,1,0,0
6,4,310,4,2,1,1494,0,0,1,0,0,1,1,1
3,4,240,3,3,6,4412,0,0,1,0,0,1,0,0
4,1,208,3,1,6,5345,0,0,0,0,0,1,0,1
5,3,178,4,2,10,5382,0,0,1,0,0,1,1,1
6,5,290,4,1,6,1929,0,0,1,0,0,1,1,0
2,5,201,3,2,29,3894,1,0,0,0,0,1,0,1
4,1,258,3,2,4,3686,0,0,0,1,0,1,0,1
4,2,173,2,2,9,4307,0,0,0,0,0,1,1,0
3,4,267,3,3,8,5337,1,0,0,0,0,1,1,1
5,5,239,3,1,5,4122,0,0,0,1,0,1,1,0
4,4,146,3,1,10,5805,0,0,0,1,1,0,0,0
2,4,233,2,2,6,4758,0,0,0,1,0,1,0,0
5,5,260,2,1,23,3065,0,0,0,1,0,1,0,1
5,4,133,2,2,30,1161,0,0,0,1,0,1,1,1
5,2,141,2,2,1,4287,0,0,1,0,0,1,0,0
3,3,239,3,1,4,1399,0,0,0,1,0,1,0,0
5,1,279,8,1,6,5888,0,0,0,1,0,0,0,1
3,2,255,7,1,3,5936,0,1,0,0,0,1,0,0
4,2,104,7,2,46,1438,0,0,0,1,1,0,0,1
4,4,158,3,1,61,1507,1,0,0,0,1,0,0,1
3,2,226,2,1,10,4254,0,0,0,0,0,1,1,0
4,5,98,4,1,5,5188,0,0,0,1,0,0,1,0
5,3,227,5,2,9,4990,0,0,0,1,0,1,0,0
6,3,278,4,2,4,1716,0,0,0,1,0,1,1,0
6,5,310,4,2,10,1553,0,0,1,0,0,1,0,0
6,3,167,6,1,15,1278,0,0,0,1,0,1,0,1
2,4,160,3,1,50,1030,0,0,0,1,1,0,0,1
5,5,257,3,2,5,5084,0,0,0,0,0,1,0,0
5,1,125,4,2,3,5595,0,0,1,0,0,1,1,0
7,1,244,4,1,8,1817,0,0,0,1,0,1,1,1
4,1,269,2,2,8,4930,0,0,0,1,0,1,0,0
6,3,245,4,1,10,1798,0,0,0,0,0,1,1,0
4,3,145,4,2,2,5735,0,0,0,0,0,1,1,0
4,2,196,5,1,5,4994,0,0,0,1,0,1,1,0
6,5,292,4,1,10,1969,0,0,1,0,0,1,0,1
7,5,133,5,1,7,1239,0,0,1,0,0,1,0,1
4,4,247,3,3,2,5324,0,0,0,1,0,1,0,1
5,5,258,4,3,5,4562,1,0,0,0,0,1,0,0
3,1,215,6,3,5,3432,0,0,0,1,0,1,1,1
4,4,156,2,1,5,5216,1,0,0,0,0,1,0,0
4,5,232,5,1,3,1817,0,0,0,1,0,1,0,0
4,1,271,2,2,8,2401,0,0,0,1,0,1,0,1
5,2,227,6,2,6,1620,1,0,0,0,1,0,0,0
3,2,142,3,1,9,4234,0,0,1,0,0,0,1,0
5,5,261,6,2,1,1082,0,0,1,0,1,0,0,0
4,4,151,3,2,5,4732,0,0,0,1,0,1,0,0
3,4,214,2,1,50,3881,0,0,0,0,0,1,1,1
3,2,183,3,2,25,2023,0,0,0,1,0,1,0,1
3,3,248,4,1,36,3276,0,0,0,1,1,0,0,1
4,4,138,5,1,10,5401,0,0,0,1,0,1,1,0
5,2,241,3,1,10,4244,0,0,0,0,0,1,0,1
4,2,262,4,1,2,5311,0,0,0,1,0,1,1,0
3,4,199,4,2,6,5207,0,0,1,0,0,1,0,0
2,2,230,3,1,7,4889,0,0,0,1,0,1,0,0
2,3,239,6,2,4,4022,0,1,0,0,0,1,1,0
2,1,220,2,2,6,4382,1,0,0,0,0,0,0,1
3,2,251,2,1,5,3443,0,0,0,1,0,1,0,1
5,3,273,4,2,1,5119,0,1,0,0,0,1,1,0
3,1,145,2,1,34,1773,0,1,0,0,0,1,0,1
4,2,209,2,2,3,5607,0,0,1,0,1,0,1,0
3,3,187,6,1,2,4549,0,0,1,0,0,1,0,0
4,2,176,3,2,12,1750,0,0,0,1,0,1,0,1
2,1,206,2,1,7,4721,0,0,0,1,0,1,1,0
3,1,254,4,1,33,2542,1,0,0,0,0,1,0,1
4,2,222,3,1,3,5130,0,0,1,0,0,1,0,0
5,4,177,2,1,14,1735,0,0,0,0,0,1,1,1
3,4,246,3,3,1,4273,0,0,1,0,0,1,0,1
4,1,236,3,1,4,4248,0,1,0,0,0,1,0,0
4,4,201,2,2,7,4320,0,0,0,1,0,1,1,0
4,3,235,6,2,2,4689,1,0,0,0,0,1,1,0
5,4,145,6,2,6,4403,1,0,0,0,1,0,1,0
6,4,251,4,1,10,1568,0,0,0,1,0,1,0,1
4,2,180,3,1,47,1434,0,1,0,0,0,0,0,1
4,5,188,3,1,13,2409,0,0,0,0,0,1,0,1
5,1,222,4,1,63,3506,0,0,0,0,0,1,1,1
5,4,228,5,1,9,1044,0,0,0,1,0,1,1,0
3,4,236,4,2,2,1016,0,1,0,0,0,1,1,0
3,1,135,4,2,47,1840,0,0,0,0,0,1,1,1
2,5,211,3,1,3,1368,1,0,0,0,0,1,1,0
4,2,192,4,1,61,2256,0,0,0,1,0,0,0,1
4,5,148,3,3,6,5473,0,1,0,0,1,0,0,1
4,5,169,4,1,6,4213,0,0,1,0,0,1,0,0
5,4,160,3,3,2,5876,0,0,0,1,0,1,1,0
4,3,228,5,2,8,1753,0,0,1,0,1,0,1,1
4,5,264,3,2,16,2245,0,1,0,0,0,1,1,1
4,2,111,2,3,4,5393,0,1,0,0,0,0,0,0
3,5,156,4,1,6,1015,0,0,0,0,1,0,0,0
3,5,209,3,3,4,5413,1,0,0,0,0,1,0,0
2,2,145,3,2,5,6102,0,0,0,1,1,0,0,1
6,4,279,4,1,9,1128,0,0,0,1,0,1,1,0
5,5,193,3,1,3,5037,1,0,0,0,0,1,0,0
3,3,168,2,2,1,1829,0,0,0,0,0,0,0,1
5,2,192,2,1,5,4046,0,0,0,0,1,0,1,0
3,3,154,4,3,2,4921,0,0,0,0,0,1,0,1
3,4,249,3,3,10,5629,0,0,1,0,0,1,0,1
6,3,176,5,1,7,1767,0,1,0,0,0,1,0,1
5,4,187,3,1,53,3172,0,0,0,0,0,1,0,1
2,1,277,6,1,10,4165,0,0,1,0,0,1,1,0
3,5,151,2,2,8,4408,0,0,0,1,1,0,1,1
3,1,165,3,2,61,1313,1,0,0,0,0,1,1,1
5,2,271,3,2,32,3785,0,0,0,1,0,0,1,1
4,5,164,3,3,3,4454,0,0,0,1,0,1,1,0
4,3,181,2,1,4,5622,0,0,0,1,0,1,0,1
5,1,135,3,1,3,4939,0,0,0,0,1,0,1,1
4,4,203,3,2,8,4443,0,0,0,1,0,0,1,0
4,2,273,4,1,26,3223,0,1,0,0,0,1,0,1
6,4,257,4,2,9,1108,0,0,0,1,0,1,0,1
2,2,148,6,2,63,1279,0,0,0,1,1,0,0,1
4,5,253,3,1,1,5402,0,1,0,0,0,1,0,0
3,3,264,3,1,6,5482,0,0,1,0,0,0,0,1
5,4,217,5,3,3,1007,1,0,0,0,0,1,0,1
4,4,223,3,2,51,3895,1,0,0,0,0,1,0,1
4,1,179,2,2,7,4605,0,0,0,0,0,0,0,0
4,1,219,2,2,2,1752,1,0,0,0,0,1,0,0
6,2,259,4,2,6,1066,1,0,0,0,0,0,1,1
5,5,166,3,2,20,1267,0,0,0,1,0,1,0,1
4,2,223,6,1,10,1650,0,1,0,0,0,0,0,1
3,4,173,3,2,52,1587,0,0,0,0,0,1,1,1
5,2,172,5,2,5,4805,0,0,0,1,0,1,0,0
3,5,137,2,2,38,1647,0,0,1,0,0,1,1,1
5,2,197,5,1,4,4196,0,0,1,0,1,0,0,1
5,4,97,3,2,8,4577,0,0,0,1,0,0,0,0
3,5,243,3,2,5,4383,0,0,1,0,0,1,0,0
5,4,156,4,1,1,5533,0,0,0,0,0,1,1,1
4,3,248,3,1,5,4781,0,0,0,1,0,1,1,1
2,5,111,2,1,4,4473,1,0,0,0,1,0,1,1
4,4,236,2,2,6,5101,0,0,0,0,0,1,0,1
5,5,287,4,1,4,1509,0,0,1,0,0,1,1,1
2,2,242,3,3,9,4717,0,1,0,0,0,0,1,0
5,2,183,5,3,8,4820,0,0,0,1,0,1,0,0
5,2,157,2,1,58,1654,0,0,1,0,1,0,1,1
3,5,226,3,1,8,5203,0,0,0,1,0,1,1,1
4,2,247,4,3,9,4588,0,0,0,0,0,1,0,1
4,3,247,10,3,10,5882,0,0,0,0,1,0,1,0
6,5,261,4,1,3,1217,0,0,1,0,0,1,0,1
4,5,162,2,2,62,1650,0,1,0,0,1,0,1,1
6,2,99,3,1,8,5872,0,0,0,0,0,1,1,0
5,1,166,2,1,44,1647,1,0,0,0,0,1,1,1
3,3,158,2,1,10,4061,0,0,0,0,0,1,1,1
5,5,180,2,3,5,4585,0,0,0,1,0,0,1,1
4,2,108,10,2,5,4645,0,1,0,0,1,0,1,0
7,1,309,4,1,4,1151,1,0,0,0,1,0,0,0
4,2,179,3,3,30,1076,0,0,0,1,0,1,0,1
6,3,290,4,1,5,1784,0,0,0,1,0,1,1,0
5,4,168,3,1,34,1779,0,1,0,0,0,1,1,1
6,2,255,4,1,9,1157,0,0,1,0,0,1,1,0
3,1,221,3,3,3,5005,0,1,0,0,1,0,1,1
4,5,228,5,1,5,1373,1,0,0,0,0,1,1,1
3,5,221,2,1,6,5289,0,0,0,1,0,1,0,0
3,4,203,3,2,1,5543,0,0,0,0,0,1,1,0
3,5,233,3,2,52,3519,0,0,0,1,0,0,1,1
4,1,205,2,1,10,4086,1,0,0,0,0,0,1,0
3,2,231,4,2,4,5510,0,1,0,0,0,1,1,0
4,2,251,2,1,53,2673,0,0,0,1,0,1,1,1
5,2,287,3,2,3,4903,0,0,1,0,0,1,0,1
6,5,244,4,2,4,1648,1,0,0,0,0,0,0,1
3,2,189,3,2,2,4718,0,0,1,0,0,1,1,0
4,5,178,3,1,48,1819,0,0,1,0,0,1,0,1
4,3,119,5,2,5,1841,0,0,1,0,0,1,1,1
4,2,248,3,1,2,5028,0,0,0,1,0,1,1,1
5,2,167,4,1,10,4325,0,0,0,1,0,1,1,0
4,3,279,6,2,2,5405,0,1,0,0,0,1,1,0
4,1,247,2,1,3,4113,0,0,0,0,0,1,1,0
5,5,262,6,1,5,1418,0,0,0,1,0,1,0,1
5,2,223,3,1,51,3687,0,0,1,0,0,0,0,1
4,5,180,2,2,1,4332,0,1,0,0,0,1,0,0
3,5,272,2,2,6,4652,0,0,1,0,0,1,1,0
3,2,179,3,2,9,5224,0,0,0,0,1,0,1,1
5,1,241,4,2,7,5519,1,0,0,0,0,1,1,1
5,4,157,7,2,9,4272,0,0,1,0,0,1,0,0
4,4,220,3,1,4,5622,0,0,0,1,0,1,0,0
6,3,304,5,2,6,1184,0,0,0,1,1,0,0,0
3,5,155,4,1,6,5386,1,0,0,0,0,1,1,0
6,4,285,4,2,4,1244,0,1,0,0,0,1,1,1
3,4,190,10,2,38,2018,0,0,0,1,0,1,0,1
3,4,186,2,2,9,5841,0,0,0,1,0,1,0,0
4,1,240,4,1,10,5965,0,0,0,1,0,1,1,1
5,3,132,3,1,7,4462,0,0,1,0,1,0,1,1
4,2,232,3,3,46,2835,0,0,0,1,0,1,1,1
3,5,180,3,1,6,1228,0,0,0,0,0,1,1,1
4,2,216,3,1,12,2273,0,1,0,0,0,1,0,1
6,2,309,4,2,8,1289,0,0,0,0,0,1,0,1
5,4,211,2,2,7,4734,0,0,0,1,0,1,0,0
7,1,301,4,1,6,1052,0,0,0,1,0,1,0,1
5,1,111,4,3,2,5978,0,1,0,0,0,1,0,1
4,1,140,2,1,5,1274,0,0,0,1,0,0,0,1
4,5,258,3,1,8,4046,0,0,1,0,1,0,1,1
5,4,224,3,1,34,2627,0,0,0,1,0,1,0,1
5,3,270,5,1,1,1568,0,0,0,0,0,0,0,1
2,5,192,6,1,41,2673,0,0,0,0,0,1,0,1
4,2,151,2,2,6,4987,0,0,0,1,0,0,1,0
3,5,161,3,1,2,4475,0,0,0,1,0,0,1,0
6,1,249,4,2,2,1326,1,0,0,0,0,1,1,1
3,2,149,3,2,64,1920,0,1,0,0,0,1,0,1
3,5,261,3,2,15,2989,0,0,0,0,0,1,1,1
6,1,250,4,2,5,1747,0,0,0,1,0,1,1,0
5,5,262,5,1,6,1887,0,0,0,1,0,1,1,1
5,2,240,5,2,3,1079,1,0,0,0,0,1,1,0
5,1,268,5,2,1,4704,0,0,0,0,1,0,1,0
4,5,244,3,1,6,1360,0,0,1,0,0,1,1,1
3,2,165,3,2,47,1639,0,0,1,0,0,0,1,1
4,3,263,4,2,23,2960,0,1,0,0,0,1,1,1
2,3,263,3,2,10,4779,0,0,0,1,0,0,0,0
5,2,142,2,1,55,1758,0,0,0,1,1,0,0,1
3,4,202,3,2,5,5169,0,0,0,1,1,0,1,0
3,5,147,4,3,10,5164,0,0,0,1,0,1,1,1
5,1,179,2,3,8,5301,0,0,1,0,0,0,1,1
2,3,142,3,1,46,1694,0,0,0,0,1,0,0,1
4,4,258,3,2,4,4578,0,1,0,0,0,0,1,0
4,5,160,3,1,33,1837,1,0,0,0,0,0,1,1
4,5,187,2,1,6,4316,0,0,0,1,0,0,1,1
5,1,181,3,1,3,5118,0,0,0,1,0,1,0,0
4,3,154,3,2,4,4867,0,0,0,1,0,1,0,1
6,4,270,4,1,10,1199,0,0,1,0,0,1,0,1
4,1,179,3,1,63,1215,0,0,0,1,0,0,1,1
3,3,262,4,1,5,4782,0,0,1,0,0,1,1,0
4,2,216,3,1,10,4636,0,0,0,0,0,1,1,0
3,3,134,4,2,7,5370,0,0,0,1,0,1,1,1
3,2,262,4,1,1,4745,1,0,0,0,0,1,1,1
5,4,196,2,2,2,5515,0,0,1,0,0,1,1,0
3,5,245,4,2,4,2769,0,0,0,1,0,0,1,1
6,5,248,4,1,10,1005,0,1,0,0,0,1,0,0
4,1,195,3,1,43,2849,0,1,0,0,0,1,1,1
6,3,266,4,2,8,1547,0,0,0,0,0,0,0,0
5,4,140,4,1,3,4018,0,0,1,0,0,1,1,0
4,3,154,10,3,7,5317,0,0,0,1,0,1,1,0
3,3,214,2,1,21,3342,0,1,0,0,0,1,1,1
3,1,224,2,1,9,4007,0,0,0,1,0,0,1,1
3,4,148,5,2,50,1540,0,0,0,1,0,1,0,1
5,4,228,6,2,5,4974,1,0,0,0,0,1,1,1
3,3,176,3,1,1,5168,0,1,0,0,0,1,0,0
7,3,267,4,2,10,1548,0,0,0,0,0,1,0,0
5,3,233,5,2,3,1398,0,0,0,1,0,1,0,0
4,1,195,2,1,3,4165,0,0,0,0,0,0,0,0
4,5,233,4,1,6,1495,0,0,0,1,0,1,0,0
4,4,147,3,2,9,4534,0,1,0,0,0,0,1,1
4,5,139,3,1,3,5824,0,0,0,0,0,1,0,1
3,4,225,4,1,8,5209,0,0,0,0,0,1,0,0
3,4,261,4,2,7,5731,1,0,0,0,0,1,0,0
6,1,123,5,2,5,5323,0,1,0,0,0,1,1,1
5,3,199,4,2,8,5362,0,0,0,0,0,1,0,0
4,2,218,3,1,2,4949,0,0,0,1,0,1,0,0
3,2,231,3,1,56,2714,0,0,0,1,1,0,0,1
3,4,204,3,1,49,3225,0,0,1,0,1,0,0,1
6,1,247,4,1,4,1623,0,0,0,0,0,1,0,1
3,5,276,5,1,10,5302,0,1,0,0,0,1,0,1
3,2,199,4,1,47,2208,1,0,0,0,0,1,0,1
2,5,125,4,1,5,5866,0,0,0,1,0,0,1,0
3,1,188,2,1,14,2074,0,0,0,1,0,1,0,1
3,4,255,4,1,12,2266,1,0,0,0,0,1,0,1
3,5,98,3,2,48,1635,0,0,0,0,0,0,0,1
3,1,252,4,3,4,4303,0,0,0,1,0,1,1,0
4,5,275,5,1,6,4450,1,0,0,0,0,1,0,0
4,1,157,5,1,10,4871,0,0,0,0,0,0,1,0
4,2,220,3,1,9,5896,0,1,0,0,0,1,0,0
3,3,185,4,1,6,4015,1,0,0,0,0,1,0,0
4,1,223,3,2,4,4972,0,0,0,1,0,0,0,1
4,4,186,2,1,1,4519,0,0,1,0,1,0,0,0
5,3,268,5,2,10,1660,0,0,0,1,1,0,0,0
4,5,111,4,2,7,5988,0,0,0,1,0,1,1,1
6,4,243,6,1,8,5218,0,0,1,0,0,1,1,0
6,3,219,4,2,6,4885,0,0,1,0,0,1,1,1
6,5,275,4,1,8,1553,0,0,0,1,0,1,1,1
3,2,234,2,2,8,4012,1,0,0,0,0,1,1,1
3,4,145,8,1,15,1429,0,0,0,1,0,1,0,1
4,4,208,2,2,6,4983,0,1,0,0,0,1,0,1
7,4,296,4,1,10,1033,0,0,1,0,0,0,0,0
3,1,102,4,2,4,5936,0,0,0,1,0,1,0,1
3,2,192,3,1,19,3183,1,0,0,0,0,1,0,1
3,5,150,2,2,10,5187,0,0,0,1,0,1,1,0
5,4,167,7,2,23,1691,0,1,0,0,0,0,0,1
2,4,173,2,1,1,4721,0,0,1,0,0,1,1,0
4,3,246,3,1,5,5118,0,0,1,0,0,1,0,0
4,2,243,5,2,4,1633,0,0,0,0,0,1,0,1
3,2,164,3,2,29,1187,1,0,0,0,0,0,0,1
4,1,231,5,2,6,1231,0,0,1,0,0,1,1,0
3,4,255,4,1,10,4107,0,0,0,0,0,0,1,0
4,4,260,2,2,6,4474,0,0,1,0,0,1,1,0
6,2,245,4,1,9,1594,1,0,0,0,0,1,0,0
5,1,232,5,1,4,1776,0,0,0,1,0,1,1,0
5,3,156,4,1,9,4098,0,1,0,0,0,1,0,0
5,1,271,5,1,5,1869,0,0,0,1,0,1,0,1
3,5,244,3,1,3,4652,0,0,0,1,1,0,1,1
5,5,155,3,2,6,4109,0,0,0,1,0,1,0,1
5,1,259,6,1,2,1876,0,0,0,1,0,1,0,0
3,3,136,2,2,10,5749,0,1,0,0,0,0,1,0
4,4,265,3,2,47,3307,0,0,0,1,0,1,0,1
5,3,160,3,1,10,4416,0,0,0,1,1,0,0,1
4,5,145,2,1,2,4686,0,0,0,0,0,1,0,1
6,1,215,5,2,5,4362,0,1,0,0,0,1,0,0
4,2,270,5,2,9,1167,0,0,0,0,0,1,1,0
3,2,196,5,2,6,5692,0,0,0,0,0,1,0,0
3,4,187,2,2,54,3290,0,0,0,1,0,1,1,1
3,3,193,2,1,60,2581,0,0,0,0,0,1,0,1
6,5,130,6,1,60,1971,0,0,0,1,1,0,0,1
3,5,156,2,1,43,1301,0,0,0,1,0,1,0,1
4,2,246,2,1,2,4497,0,0,0,1,0,1,1,1
4,1,245,5,2,8,1923,1,0,0,0,0,0,0,0
5,1,183,6,2,2,5082,1,0,0,0,0,0,0,0
3,2,238,2,1,19,2196,0,0,0,1,0,1,1,1
5,5,267,5,1,1,1352,0,0,0,1,0,1,0,1
5,3,267,5,1,1,1505,0,0,0,1,0,1,0,0
4,2,218,2,3,1,2990,0,1,0,0,0,1,1,1
5,2,253,2,2,9,5530,1,0,0,0,1,0,0,0
4,1,263,3,3,5,4782,0,1,0,0,0,1,1,0
5,5,222,6,1,3,1861,0,1,0,0,0,1,0,0
3,1,273,6,1,1,1293,0,0,0,0,0,1,1,0
2,1,149,4,2,7,5434,0,0,0,1,0,1,0,0
4,1,140,3,2,9,1431,0,0,0,1,1,0,1,1
4,1,233,6,2,2,5406,1,0,0,0,0,1,0,0
5,3,250,4,2,4,1111,0,0,1,0,0,1,0,1
2,5,116,3,1,1,4091,0,0,0,1,0,1,0,1
4,5,226,2,3,2,5881,1,0,0,0,0,1,1,1
3,2,219,3,2,1,4918,0,0,1,0,0,1,1,1
3,5,146,3,2,7,4126,0,0,0,1,0,1,0,0
3,2,261,8,1,3,5171,0,0,0,0,0,1,0,0
5,5,163,3,1,54,1536,0,0,0,1,0,1,1,1
4,2,194,8,2,10,5995,0,0,0,1,0,1,1,0
2,2,148,3,3,35,1349,1,0,0,0,1,0,0,1
5,1,201,2,2,54,2158,0,0,0,1,0,1,0,1
3,2,148,2,1,1,4133,0,0,0,0,0,1,0,1
3,1,169,3,3,24,1740,0,0,0,0,1,0,1,1
5,1,158,3,1,9,1483,0,0,1,0,1,0,1,1
5,4,223,3,1,8,4310,0,1,0,0,0,1,1,1
5,2,224,3,3,4,4271,0,0,0,1,0,1,1,0
4,1,209,4,2,1,5057,0,0,0,1,0,1,0,0
3,2,228,2,2,2,5640,0,0,0,1,0,1,1,0
6,1,275,4,1,7,1767,0,0,0,0,0,1,1,0
2,1,139,3,1,39,1582,0,0,1,0,0,1,0,1
5,5,98,2,2,2,4125,0,0,0,0,0,1,1,1
5,5,172,2,1,5,5791,0,1,0,0,0,1,1,0
5,1,170,3,2,48,1299,0,0,0,1,0,0,0,1
4,2,252,4,1,1,4705,0,0,0,1,0,1,1,1
3,5,142,2,1,6,5974,1,0,0,0,0,1,1,1
5,1,241,3,1,7,5134,0,0,0,0,0,1,0,1
5,1,268,3,2,5,5663,0,0,0,1,1,0,0,0
7,5,278,4,1,5,1572,0,0,0,1,0,0,0,1
7,3,308,5,2,10,1152,0,0,0,1,0,1,1,1
4,3,163,3,1,52,1891,0,0,0,1,0,1,1,1
4,1,133,3,1,57,1379,0,0,0,1,1,0,1,1
5,5,219,2,2,4,4289,0,1,0,0,0,1,1,0
3,3,198,3,1,49,2446,1,0,0,0,0,1,1,1
3,4,172,10,3,9,4883,1,0,0,0,1,0,1,0
5,5,261,3,2,8,3257,0,0,1,0,1,0,0,1
3,4,254,2,3,41,3973,1,0,0,0,0,1,0,1
6,1,289,5,2,7,1223,0,1,0,0,0,1,1,0
4,4,147,4,1,8,5882,0,0,0,1,0,1,0,0
3,4,221,3,2,1,5391,1,0,0,0,1,0,0,0
4,5,261,3,3,2,4954,0,0,0,0,0,1,0,1
5,1,184,3,1,10,4674,0,0,1,0,0,1,0,1
3,5,109,2,3,2,5978,0,0,0,1,0,1,1,1
3,1,196,3,1,64,2911,0,0,0,1,0,1,0,1
3,5,133,4,1,10,4151,0,0,0,1,0,0,1,0
5,4,203,2,3,2,4190,0,0,0,0,0,1,0,1
6,4,248,4,1,6,1851,0,0,0,0,0,1,0,0
5,1,257,5,2,8,1128,0,1,0,0,1,0,0,1
2,1,241,3,2,5,5697,1,0,0,0,0,1,0,1
5,3,216,3,1,40,2146,0,0,0,1,0,1,0,1
6,4,283,4,1,8,1480,1,0,0,0,0,1,0,0
5,1,240,5,1,10,1373,0,0,0,1,0,1,1,1
3,2,244,3,2,10,4636,0,0,0,0,1,0,1,1
4,4,204,2,2,9,4462,0,0,0,1,0,1,0,0
4,1,177,3,2,6,5215,0,0,1,0,0,0,0,0
4,4,176,4,3,52,1096,1,0,0,0,0,1,0,1
6,5,213,4,2,3,5549,0,0,1,0,0,1,0,0
2,1,264,3,2,10,3409,0,0,0,1,0,1,1,1
4,5,197,2,1,3,4379,1,0,0,0,0,1,1,1
5,5,270,3,1,2,4351,0,1,0,0,0,1,1,1
5,1,227,2,1,15,3798,0,1,0,0,0,1,1,1
5,4,200,3,2,3,4225,0,0,1,0,1,0,1,0
6,3,247,4,2,3,1903,0,0,0,0,0,1,1,0
2,4,280,4,1,48,1463,0,0,1,0,0,1,1,1
4,3,211,4,2,40,3106,0,1,0,0,0,1,1,1
2,2,158,3,3,1,4149,1,0,0,0,1,0,0,0
3,1,206,3,2,5,5676,1,0,0,0,0,1,1,1
6,2,254,4,1,9,1626,1,0,0,0,0,1,0,0
4,5,182,3,2,2,4473,0,0,0,0,1,0,0,0
5,5,164,5,1,52,1644,0,0,0,1,0,1,1,1
5,2,174,3,1,10,5973,1,0,0,0,0,1,0,1
3,5,221,3,2,8,4523,0,0,0,0,1,0,0,0
5,1,253,5,1,31,3836,0,1,0,0,0,0,1,1
7,2,277,5,1,7,1260,0,0,0,1,0,1,0,1
3,2,170,3,1,9,4069,0,1,0,0,0,1,1,0
4,5,117,5,2,1,4378,0,0,1,0,0,1,0,0
4,3,226,2,1,32,2912,0,1,0,0,0,1,0,1
2,2,180,2,3,1,4407,0,0,0,0,0,1,1,0
4,3,104,4,2,3,4548,0,0,0,1,0,1,1,0
5,1,232,5,1,6,1427,0,0,1,0,0,1,1,0
5,5,171,2,3,8,4602,0,0,0,1,1,0,1,0
3,3,211,4,3,22,2942,0,0,1,0,0,1,0,1
6,2,257,4,1,4,1929,0,0,1,0,0,1,0,1
3,2,235,2,2,9,5116,0,0,0,1,1,0,0,0
4,4,176,2,2,1,5793,0,0,0,1,0,1,0,0
4,5,240,3,1,9,5794,0,0,0,0,0,1,0,1
6,4,147,3,1,4,4549,0,1,0,0,0,1,1,1
3,1,140,2,1,8,5253,1,0,0,0,0,1,0,1
3,5,156,3,2,44,1424,0,1,0,0,0,1,1,1
5,1,250,3,1,8,5845,0,1,0,0,0,1,1,0
4,4,169,3,2,5,5743,0,1,0,0,1,0,1,0
3,2,202,3,1,49,2881,0,0,0,1,0,1,1,1
3,1,200,2,2,10,5178,0,1,0,0,0,0,1,1
5,4,157,3,2,7,4199,0,0,1,0,0,0,0,1
7,3,286,4,1,3,1670,0,0,0,0,0,1,0,0
4,2,238,5,2,9,4618,1,0,0,0,1,0,1,0
4,1,132,3,1,63,1901,0,0,0,1,0,1,1,1
3,2,247,3,1,3,4338,0,0,0,0,0,0,1,0
5,2,151,6,2,12,1920,0,0,0,1,0,1,1,1
3,3,224,6,2,10,4221,0,0,1,0,0,1,1,0
5,3,187,3,1,2,5967,0,0,0,0,0,0,1,0
4,3,125,3,1,10,5883,0,0,0,1,0,1,0,0
4,3,261,4,2,9,5116,0,0,1,0,0,1,1,1
4,3,252,2,2,1,2336,0,1,0,0,0,1,1,1
4,3,135,2,3,24,1292,0,1,0,0,1,0,1,1
3,5,146,10,1,9,4128,0,0,0,1,0,1,1,0
3,2,272,3,2,40,3766,1,0,0,0,0,0,0,1
6,5,263,7,3,7,5216,0,0,1,0,0,1,1,1
5,3,169,4,1,4,5683,0,0,0,1,0,1,0,0
4,3,186,3,1,2,4437,0,0,0,1,0,1,1,1
3,3,179,3,2,12,1125,0,0,0,1,0,1,0,1
5,4,140,4,3,5,1130,0,0,0,1,1,0,0,1
5,3,252,5,1,2,1312,0,0,1,0,0,1,1,1
4,1,183,4,1,9,5157,0,0,1,0,0,0,1,0
4,2,150,3,1,48,1193,0,0,0,0,0,0,0,1
3,3,214,3,2,9,5856,1,0,0,0,0,1,0,0
4,5,263,3,2,3,4020,0,0,0,1,0,1,1,0
4,5,250,5,2,6,1662,0,0,0,1,0,0,1,0
4,4,213,3,1,1,4266,0,0,1,0,0,1,0,0
3,4,224,3,1,10,4806,0,0,0,1,0,0,0,1
3,5,198,3,2,1,3667,0,0,1,0,0,0,0,1
3,2,138,3,2,34,1159,1,0,0,0,0,1,0,1
2,5,243,3,3,7,4486,0,0,0,0,0,0,1,0
6,2,140,2,3,1,4053,0,1,0,0,1,0,1,0
6,4,256,4,2,9,1791,1,0,0,0,1,0,0,0
5,3,264,10,2,34,3441,0,0,1,0,0,1,0,1
3,1,184,3,2,49,2823,1,0,0,0,0,1,0,1
6,3,274,6,2,2,4281,1,0,0,0,0,1,0,0
3,5,245,4,3,26,2072,1,0,0,0,0,1,0,1
4,2,252,3,2,43,3273,0,0,0,0,0,1,0,1
4,3,223,3,2,7,5935,0,1,0,0,0,1,0,0
4,4,264,6,1,6,1758,0,0,0,0,0,1,0,0
3,3,157,3,1,6,5187,0,0,0,0,1,0,0,0
5,3,154,4,1,3,1066,0,1,0,0,0,0,0,1
4,1,273,6,2,1,1826,0,0,0,1,0,1,1,0
3,2,247,3,2,8,5194,0,1,0,0,0,1,1,0
4,5,219,2,2,21,3830,0,0,1,0,0,0,0,1
4,5,184,3,2,9,5594,0,0,0,1,0,1,0,0
5,5,207,2,3,8,5066,0,0,1,0,1,0,1,1
4,2,201,3,2,4,4613,0,0,0,0,0,1,0,0
4,1,191,3,1,2,5189,0,0,0,1,0,1,1,0
5,1,241,5,1,4,1348,0,1,0,0,0,1,1,1
5,2,143,3,2,12,1802,0,0,0,1,0,0,1,1
3,2,183,5,1,3,1336,1,0,0,0,0,0,1,1
7,2,279,4,2,1,1480,0,0,1,0,0,0,0,0
3,5,194,2,2,4,3496,0,0,0,1,0,1,1,1
5,1,255,3,3,6,4044,0,0,1,0,0,1,1,1
5,4,250,4,1,2,4183,1,0,0,0,0,1,1,0
3,4,226,3,2,22,3593,1,0,0,0,0,0,0,1
3,3,222,4,1,6,5284,0,0,0,1,0,1,0,1
3,2,158,3,3,59,1307,0,1,0,0,0,1,0,1
3,2,270,3,2,31,2377,0,0,0,1,0,1,1,1
3,3,257,3,1,64,3103,0,1,0,0,0,1,1,1
5,1,287,4,1,4,1579,0,1,0,0,0,0,0,0
3,4,205,8,2,5,4869,0,1,0,0,0,1,0,1
4,2,158,4,1,13,1785,0,1,0,0,0,1,0,1
3,4,172,6,2,1,4618,1,0,0,0,0,1,0,0
3,3,162,8,3,10,4842,0,0,0,1,0,1,0,0
6,2,106,5,1,9,4038,0,0,0,1,0,0,1,1
3,1,224,3,1,8,4908,0,0,1,0,0,1,1,0
5,4,164,3,1,9,5135,1,0,0,0,0,1,1,1
4,4,258,7,2,8,5069,0,0,1,0,1,0,1,0
4,1,148,3,1,30,1731,1,0,0,0,0,1,1,1
4,3,150,3,3,2,4383,0,1,0,0,0,0,0,0
5,3,199,3,1,3,4885,0,0,0,0,0,1,0,1
5,5,190,4,2,47,3644,0,0,0,1,0,0,0,1
4,5,239,3,1,6,5154,0,0,0,1,0,1,1,1
5,2,236,3,1,51,3402,0,0,0,0,0,1,0,1
3,4,148,3,1,1,4387,0,0,0,0,0,1,1,0
4,1,202,3,1,7,4788,0,0,0,0,0,1,1,0
3,3,162,7,2,42,1278,0,0,0,1,0,1,0,1
4,4,231,2,1,4,5825,0,0,1,0,1,0,0,0
3,3,140,3,2,51,1046,0,0,1,0,0,1,1,1
5,3,186,4,1,23,3981,0,0,0,1,0,1,1,1
4,1,242,2,1,2,5825,0,0,0,1,1,0,0,0
3,4,166,2,2,58,1319,0,0,0,0,0,1,0,1
4,4,135,3,1,4,4651,0,1,0,0,1,0,0,1
4,2,245,5,1,8,1122,0,0,0,1,0,0,1,1
3,5,157,3,1,7,5100,0,0,0,0,0,1,1,0
6,5,269,4,1,9,1826,0,0,0,1,0,0,1,0
4,2,172,2,1,23,1019,0,0,0,0,1,0,1,1
5,5,134,2,2,53,1088,0,1,0,0,0,1,1,1
4,1,152,7,1,5,5325,0,0,0,1,0,1,0,1
2,2,127,3,1,13,1128,0,1,0,0,1,0,1,1
3,3,188,4,2,3,3075,0,0,0,1,0,1,1,1
3,2,124,5,2,10,5348,0,0,0,0,1,0,1,0
3,3,238,4,2,57,3537,0,0,0,1,0,1,1,1
3,2,208,2,1,41,2036,0,0,0,1,0,1,1,1
3,1,171,2,2,7,4010,0,0,0,0,0,1,0,1
4,2,185,3,2,1,5338,0,0,0,0,0,1,1,0
3,3,258,3,2,7,4068,0,0,0,0,0,1,0,1
5,3,242,3,1,58,3411,0,0,1,0,0,1,1,1
6,1,235,6,2,3,5591,0,1,0,0,1,0,1,0
3,2,195,2,2,9,5779,0,0,0,1,0,1,1,1
4,2,272,2,1,21,3271,0,0,0,1,0,1,1,1
4,5,141,3,2,12,1672,1,0,0,0,0,1,1,1
4,2,168,2,3,9,5684,0,1,0,0,1,0,0,0
3,2,273,3,1,12,2154,0,0,1,0,0,1,0,1
5,5,132,3,1,2,5552,0,1,0,0,0,1,0,0
3,4,215,2,1,8,5683,0,0,0,0,0,0,0,0
6,4,266,4,1,3,1503,0,0,0,0,0,0,1,1
4,5,242,2,1,1,5682,1,0,0,0,0,1,0,1
4,2,164,3,2,15,1489,0,0,1,0,0,0,1,1
3,1,138,3,1,41,1914,1,0,0,0,0,1,0,1
3,4,211,3,3,1,5144,1,0,0,0,1,0,1,0
3,1,172,3,2,5,5696,1,0,0,0,0,1,1,1
3,4,221,3,1,10,4927,0,1,0,0,0,1,1,1
5,2,213,3,1,9,5526,0,0,1,0,0,1,1,0
5,3,202,3,3,41,3536,0,0,0,1,0,0,1,1
3,5,232,2,3,8,5146,0,0,0,1,1,0,0,0
5,4,176,3,2,10,5456,0,0,1,0,0,1,1,0
3,1,221,3,3,1,4948,0,1,0,0,0,1,1,0
3,4,206,4,2,2,4372,0,0,0,0,0,1,1,0
3,5,264,6,1,30,2751,1,0,0,0,1,0,1,1
2,1,274,10,3,1,5622,1,0,0,0,0,1,0,0
3,2,189,3,3,1,4997,0,0,0,1,0,1,1,1
3,2,262,3,2,2,5910,0,0,1,0,1,0,1,1
4,2,137,2,2,3,4622,0,0,0,1,0,1,1,1
4,1,260,2,2,2,4529,0,0,0,0,0,1,0,0
4,1,141,2,1,23,1689,0,1,0,0,0,1,0,1
4,2,166,4,1,63,1759,1,0,0,0,0,1,0,1
3,3,153,10,2,10,5772,0,0,0,1,0,1,1,0
5,2,130,4,2,1,1877,0,0,0,1,0,0,0,0
5,2,198,5,1,65,1994,0,1,0,0,0,1,1,1
6,5,212,2,1,5,4804,1,0,0,0,0,0,0,1
2,4,159,2,1,17,1686,0,0,0,1,0,1,0,1
3,1,212,3,2,10,5759,0,0,0,0,0,1,1,0
3,5,172,3,2,7,4929,0,0,1,0,1,0,0,0
4,5,228,2,1,63,3401,0,0,0,1,0,1,1,1
3,1,202,2,2,7,4598,0,0,0,1,0,1,1,0
4,3,185,10,3,1,4973,0,0,1,0,0,1,1,0
2,3,205,3,1,1,5137,0,0,0,1,0,1,1,0
5,5,139,4,2,61,1265,0,0,0,1,0,1,1,1
5,3,237,2,2,3,5113,0,0,1,0,0,1,1,0
4,2,197,3,1,4,5800,0,0,0,0,1,0,1,0
3,1,164,2,1,2,1304,0,0,0,1,0,1,1,1
3,1,199,3,3,3,5127,1,0,0,0,0,0,1,0
5,2,270,4,2,8,1631,0,0,0,1,0,1,1,1
3,5,171,2,2,1,4783,0,0,0,1,0,1,1,1
3,3,226,3,1,4,5048,0,0,0,1,0,1,1,0
3,3,175,2,2,2,4814,0,1,0,0,0,0,1,0
4,3,248,2,2,2,4701,0,0,0,1,0,1,1,1
4,5,251,2,2,8,5232,0,0,0,0,0,1,0,0
3,2,150,3,1,1,5825,0,0,0,0,0,1,1,0
6,3,295,5,1,4,1392,0,0,0,1,0,1,1,0
6,1,147,3,2,5,4012,1,0,0,0,0,1,0,0
5,5,162,2,2,6,5868,0,0,0,0,0,1,1,0
5,1,270,5,2,10,1397,0,0,0,1,0,1,1,0
2,5,180,6,2,7,4907,0,0,0,1,0,1,0,1
4,1,252,3,2,30,2669,0,0,1,0,0,1,0,1
3,3,179,8,3,3,5429,0,1,0,0,0,0,0,1
3,1,166,2,2,9,5853,1,0,0,0,1,0,0,1
5,2,244,2,2,4,4992,0,1,0,0,0,1,0,1
4,3,218,5,1,2,4823,0,0,0,1,0,1,1,1
7,1,281,4,1,9,1235,0,0,0,0,0,1,0,0
5,1,248,5,2,5,1861,1,0,0,0,0,1,0,0
4,5,219,2,2,28,2164,0,0,1,0,1,0,0,1
5,3,239,5,1,10,1784,0,0,0,0,0,1,1,0
5,2,193,2,1,1,2775,0,0,1,0,0,0,0,1
3,4,148,4,3,1,4249,0,0,0,1,0,1,0,0
5,3,229,5,1,1,1424,1,0,0,0,0,1,0,0
3,1,214,3,2,2,4958,0,0,0,0,0,1,0,0
4,4,176,3,3,34,1283,0,1,0,0,0,1,1,1
3,1,248,3,2,7,5588,0,0,0,0,0,1,1,0
2,5,275,2,1,41,2546,0,0,0,1,0,1,1,1
6,2,291,4,1,8,1019,0,0,1,0,0,0,1,0
4,3,135,3,2,11,1322,0,0,0,0,0,1,0,1
5,3,217,2,1,4,5588,0,1,0,0,0,0,0,0
7,1,296,4,1,4,1446,0,0,0,1,0,1,1,0
6,5,251,4,1,8,1038,1,0,0,0,0,1,0,0
4,4,176,4,3,63,1293,0,0,0,1,0,1,0,1
4,4,222,3,2,2,5140,0,0,1,0,1,0,1,0
5,3,216,3,2,1,2434,0,0,1,0,1,0,0,1
6,5,266,4,1,8,1709,1,0,0,0,0,1,1,0
5,5,230,3,2,43,3609,0,1,0,0,0,1,1,1
3,4,199,3,1,7,5089,0,1,0,0,0,1,1,0
7,5,258,4,1,4,1677,0,1,0,0,0,0,0,1
4,4,199,3,1,10,5002,0,0,0,1,0,1,1,1
4,4,137,4,2,5,5095,0,0,0,0,0,0,0,0
3,2,279,6,2,1,5855,0,0,1,0,0,1,1,0
5,1,137,2,1,9,4580,0,1,0,0,0,1,1,1
4,1,164,3,1,4,5910,0,0,0,1,0,1,1,0
4,5,229,3,2,21,2688,0,0,1,0,0,0,1,1
4,2,259,5,1,6,1827,0,0,0,1,1,0,1,1
3,1,135,3,1,38,1829,0,0,1,0,1,0,0,1
4,1,134,3,2,37,1818,0,0,0,1,0,1,0,1
3,1,257,2,2,37,3517,0,0,0,1,0,1,1,1
3,1,178,4,2,9,4298,0,0,1,0,1,0,1,0
4,4,248,3,1,1,5198,1,0,0,0,0,1,0,0
4,4,244,2,2,7,5543,0,0,1,0,0,0,0,1
3,2,153,10,3,7,5305,0,0,0,1,0,1,0,0
3,2,224,2,2,3,4405,1,0,0,0,0,1,0,0
4,1,186,3,1,6,4758,0,0,0,0,0,1,0,0
5,1,113,3,2,6,5509,1,0,0,0,1,0,0,1
4,4,197,5,1,8,4793,0,0,0,1,1,0,1,0
4,5,142,2,2,7,4594,0,0,0,0,0,1,0,1
4,4,255,3,2,60,2777,0,0,0,0,0,1,0,1
4,3,187,4,1,9,5699,1,0,0,0,0,1,1,1
5,5,194,3,1,47,2256,0,0,0,0,0,1,1,1
3,5,278,4,2,8,1785,0,0,0,0,0,1,0,0
6,1,185,4,3,10,5254,1,0,0,0,0,1,0,1
4,1,112,6,2,9,5248,0,0,0,1,0,1,1,1
2,5,140,3,1,30,1030,1,0,0,0,0,1,0,1
3,3,203,3,1,4,3114,0,0,0,1,1,0,1,1
3,1,100,3,1,17,1129,0,0,0,1,1,0,0,1
3,4,176,3,1,4,1095,0,0,0,0,0,1,0,1
4,1,253,7,2,37,2955,0,0,1,0,0,1,1,1
6,3,289,5,2,1,1949,0,0,1,0,0,0,0,1
3,5,192,4,2,7,4741,1,0,0,0,0,1,0,1
3,2,189,2,2,4,4160,0,0,0,1,0,1,0,0
2,3,154,3,2,3,4478,0,1,0,0,0,1,1,0
4,3,254,5,1,8,1851,0,0,0,1,0,1,0,0
4,3,224,3,2,6,5054,1,0,0,0,0,1,0,1
6,4,264,4,1,1,1711,0,0,0,1,0,1,1,1
5,1,279,4,1,3,1499,1,0,0,0,0,1,0,0
4,1,139,8,2,6,5667,1,0,0,0,1,0,1,1
2,1,164,5,1,8,1886,0,0,0,0,0,0,0,0
6,3,261,4,2,8,1397,0,0,0,0,1,0,0,1
6,1,244,4,1,7,1007,0,1,0,0,0,1,0,0
3,4,195,3,2,23,3499,0,0,0,0,0,1,1,1
3,2,229,3,1,2,4447,0,0,1,0,1,0,1,1
6,2,164,4,1,6,5264,0,0,0,1,0,1,1,0
4,3,262,3,2,46,2904,0,0,0,0,0,1,1,1
2,2,242,6,1,63,3144,0,0,0,0,0,0,0,1
3,4,257,5,2,10,4901,0,1,0,0,1,0,1,1
3,3,145,3,1,10,5696,0,0,0,1,0,1,0,0
4,5,150,2,1,30,1782,0,1,0,0,0,0,0,1
4,1,149,3,2,54,1178,0,0,0,1,0,1,1,1
3,5,209,2,1,33,2603,0,0,0,0,1,0,1,1
5,3,236,3,3,47,3519,0,0,0,0,0,1,0,1
6,3,139,6,2,8,1284,0,0,0,0,0,1,0,1
2,4,122,2,1,32,1213,0,0,0,1,0,1,0,1
4,1,261,3,1,8,5206,0,1,0,0,1,0,0,1
5,2,176,4,1,2,4893,0,0,0,1,0,1,1,0
3,1,153,2,1,6,1314,0,1,0,0,0,1,0,1
5,1,257,5,1,9,1329,0,0,0,1,0,1,1,0
3,3,176,8,2,10,4376,1,0,0,0,0,0,1,1
5,5,240,5,2,7,1255,1,0,0,0,1,0,1,0
3,2,275,2,1,5,5393,0,0,1,0,0,1,0,1
6,3,254,4,1,6,1335,0,0,0,1,0,0,1,0
5,5,265,5,2,8,1867,1,0,0,0,1,0,0,0
4,5,275,6,2,10,1400,0,0,0,1,0,0,1,1
6,4,190,3,1,7,3175,0,0,1,0,0,0,1,1
5,5,216,3,1,5,3137,0,1,0,0,0,1,0,1
6,4,294,4,2,6,1112,1,0,0,0,0,1,1,0
4,5,224,6,3,5,5659,0,0,0,1,0,1,0,1
4,2,256,4,1,7,5571,0,0,0,1,0,0,0,0
3,5,169,2,1,20,1021,0,1,0,0,0,1,0,1
6,5,212,4,2,13,3676,0,0,0,0,0,1,0,1
3,5,222,2,1,9,1321,0,0,0,1,0,1,1,0
6,5,290,4,2,3,1463,0,0,1,0,0,1,0,1
4,2,283,7,3,9,5252,0,0,0,1,0,1,0,1
2,1,240,2,1,8,1144,0,0,1,0,0,1,1,1
4,1,254,2,1,10,4230,1,0,0,0,0,0,1,1
2,3,216,3,3,9,4032,0,0,0,1,0,1,1,1
2,3,170,8,1,61,1240,0,0,1,0,1,0,1,1
5,1,139,3,2,2,5632,0,1,0,0,0,0,1,0
4,4,211,3,2,5,4812,0,1,0,0,0,1,1,0
4,2,223,3,2,3,5121,0,0,0,1,0,1,1,0
5,2,152,4,2,6,5596,0,0,0,1,0,0,1,0
4,4,272,2,1,7,4042,0,0,0,1,0,1,1,1
4,3,206,2,1,9,5076,0,1,0,0,1,0,1,1
5,2,240,3,1,7,4744,0,0,0,1,0,0,1,1
4,3,143,3,1,2,4693,0,0,0,1,1,0,0,0
5,5,262,2,2,62,3744,0,0,0,1,0,1,0,1
3,1,235,3,1,9,5735,0,0,0,0,0,1,0,0
3,5,133,3,2,7,4314,1,0,0,0,0,1,1,0
5,5,236,2,2,2,5210,0,0,0,1,0,1,1,0
5,1,171,5,2,2,5921,0,0,0,1,0,1,0,1
6,1,286,4,2,10,1177,0,1,0,0,0,1,1,1
6,2,246,4,1,4,1555,0,1,0,0,0,1,1,0
7,4,269,4,2,5,1073,0,0,0,1,0,1,1,0
4,5,151,3,3,31,1365,1,0,0,0,0,1,0,1
4,3,163,2,1,12,1092,0,0,0,1,0,0,0,1
5,3,243,6,1,10,1078,1,0,0,0,0,1,0,1
5,3,270,2,1,7,5248,0,0,1,0,0,1,0,1
5,1,244,2,1,5,4125,0,0,0,1,0,1,0,1
5,2,187,3,2,11,2936,0,0,1,0,0,0,1,1
2,4,178,4,2,8,4620,0,1,0,0,0,1,0,0
7,3,281,4,1,4,1480,0,0,1,0,1,0,0,0
4,3,200,3,2,5,5108,0,0,0,1,0,1,1,0
5,1,222,3,3,21,2351,0,0,0,0,0,0,1,1
3,3,153,3,1,8,5487,0,0,1,0,0,1,1,0
4,2,220,2,2,5,5864,0,0,0,1,0,0,1,0
6,3,295,4,1,10,1495,0,1,0,0,0,1,0,0
6,4,210,5,2,2,4651,0,0,0,1,0,1,1,0
3,1,268,3,1,47,2479,0,1,0,0,0,1,0,1
6,5,154,2,3,7,4359,1,0,0,0,1,0,1,1
2,1,123,4,1,53,1036,0,0,0,1,1,0,0,1
3,3,142,3,2,23,1897,1,0,0,0,0,0,1,1
4,4,217,5,2,6,5891,0,0,0,1,0,1,1,1
5,4,274,3,2,1,4030,0,0,0,1,1,0,0,0
5,5,242,4,2,2,5359,0,1,0,0,0,1,0,0
4,5,239,5,1,7,1380,0,0,0,1,1,0,1,0
3,4,153,4,1,5,5604,0,0,0,1,0,1,1,1
3,3,160,2,3,6,5667,0,0,1,0,0,1,1,0
6,4,276,4,1,4,1662,0,0,1,0,0,1,1,1
3,5,268,3,1,6,5603,0,0,0,1,0,1,0,0
3,1,183,2,2,10,4598,0,0,0,1,0,1,0,0
5,5,230,2,2,36,3381,0,1,0,0,1,0,0,1
5,5,223,5,2,5,1678,0,0,1,0,0,0,0,0
4,4,145,2,2,9,5070,0,0,0,1,0,1,1,0
3,1,185,3,1,61,3280,0,0,0,1,0,1,1,1
3,5,160,3,2,1,5062,0,1,0,0,0,1,0,0
4,3,201,2,1,4,4955,0,0,0,1,0,1,0,1
4,5,150,3,1,5,4512,0,0,0,0,0,0,1,0
5,5,176,3,2,8,5335,0,0,0,0,1,0,0,1
5,3,228,3,2,38,3631,1,0,0,0,0,0,0,1
3,1,164,3,2,2,5488,0,0,0,1,0,0,1,0
3,2,208,2,1,6,5344,0,1,0,0,0,1,0,0
3,5,141,2,1,52,1692,0,0,0,0,0,1,1,1
5,5,275,4,2,9,1215,0,0,0,0,0,1,1,1
4,1,269,5,2,3,4534,0,0,0,0,0,1,1,1
3,5,190,5,3,7,4457,0,0,0,0,0,0,0,0
4,2,167,2,1,5,1169,1,0,0,0,0,0,0,1
3,4,145,6,2,57,1949,0,0,0,1,0,0,1,1
4,4,251,5,2,2,1329,0,0,1,0,0,1,0,1
3,4,212,2,3,13,2733,0,0,0,1,0,1,1,1
4,3,232,5,2,8,1265,0,0,0,1,0,1,0,0
4,5,156,3,1,2,1127,0,0,0,0,0,1,0,1
5,1,217,2,1,9,4345,0,0,0,1,1,0,0,0
4,2,139,3,2,5,1674,0,0,0,0,0,1,1,1
6,1,103,4,1,2,5089,0,0,0,0,0,1,1,0
3,2,207,2,2,10,4070,0,1,0,0,0,0,0,1
3,3,169,2,2,8,4281,0,0,0,1,0,1,0,1
4,2,220,3,3,39,2459,0,0,1,0,0,1,0,1
4,4,237,2,2,21,1495,0,0,0,0,0,1,1,1
4,1,226,5,2,6,1510,0,0,0,0,0,1,1,1
3,3,169,3,1,7,5976,0,1,0,0,1,0,0,0
6,2,274,4,2,8,1626,1,0,0,0,0,1,1,1
4,3,216,2,1,4,5997,0,0,0,1,0,1,1,0
4,2,233,3,1,3,5740,0,1,0,0,1,0,0,1
3,2,141,4,1,9,1909,0,0,0,0,0,1,1,1
4,1,220,3,2,7,4552,0,0,0,0,0,0,0,1
3,1,270,3,2,61,3582,0,0,0,1,0,1,0,1
3,2,177,3,1,10,1641,1,0,0,0,0,1,1,1
7,3,251,5,1,8,1616,0,0,1,0,0,1,0,1
3,4,241,2,1,57,3671,0,0,0,0,0,1,1,1
4,4,261,2,2,9,5306,0,0,0,1,0,1,0,1
5,3,219,6,1,9,1019,0,0,0,0,0,1,0,0
4,2,273,5,2,8,2000,0,0,0,0,0,1,0,0
6,4,249,4,1,10,1318,0,0,0,0,0,1,1,0
3,4,217,3,1,5,4883,0,0,0,1,0,1,0,1
4,3,243,2,1,6,5892,0,0,0,1,0,0,0,0
4,5,134,3,1,8,5694,0,0,0,0,0,1,0,0
5,5,256,3,2,6,4145,1,0,0,0,0,0,0,1
4,2,273,2,1,5,5608,0,1,0,0,0,1,0,1
3,3,257,3,1,5,4937,0,0,1,0,0,1,1,1
4,5,158,5,2,55,1936,1,0,0,0,0,0,0,1
4,1,277,5,2,3,1527,0,1,0,0,0,1,1,1
3,1,200,4,2,9,5193,0,0,1,0,0,1,0,0
6,2,290,4,2,2,1070,0,0,0,0,0,1,1,1
4,3,261,3,1,10,2802,1,0,0,0,0,1,0,1
5,1,134,3,3,12,1775,0,0,1,0,0,1,0,1
4,3,235,3,3,10,4172,0,1,0,0,0,1,0,0
5,5,269,5,2,3,1120,0,0,0,1,1,0,0,0
4,3,192,4,3,1,5669,0,0,1,0,1,0,0,1
4,1,251,2,1,2,4839,0,0,0,0,0,1,0,1
6,2,309,4,1,7,1941,1,0,0,0,0,1,1,0
4,3,137,3,2,9,5016,1,0,0,0,0,1,1,0
6,2,281,2,2,9,1715,0,0,0,1,0,1,0,1
5,3,206,3,1,1,4645,0,0,0,1,0,1,0,0
2,3,118,4,2,7,5510,0,0,0,0,0,1,1,0
3,3,229,6,2,61,2298,0,0,0,1,0,1,0,1
3,3,195,7,2,4,4614,0,0,1,0,0,1,0,0
5,4,143,3,2,1,5165,1,0,0,0,0,1,0,1
3,2,139,3,3,4,1546,0,0,0,0,0,1,0,1
3,2,210,3,2,43,2096,0,0,0,1,0,1,0,1
4,5,116,3,2,9,1314,0,0,0,1,0,1,0,1
5,1,279,4,2,3,4607,0,0,0,0,0,1,0,0
3,1,258,2,1,4,5262,0,0,0,0,0,1,0,0
4,3,250,6,2,7,5115,0,0,0,1,0,1,1,1
5,3,159,3,1,7,5462,1,0,0,0,0,1,1,1
3,5,215,3,1,4,4828,0,1,0,0,1,0,1,1
3,3,273,3,2,6,5269,1,0,0,0,0,1,0,1
3,5,268,3,1,7,4910,1,0,0,0,0,0,1,0
3,1,158,7,2,6,4166,1,0,0,0,0,0,0,0
3,1,233,3,2,7,5331,1,0,0,0,1,0,1,0
3,5,156,4,2,26,1769,0,0,1,0,0,1,0,1
3,2,138,2,2,8,5714,0,0,1,0,0,0,1,0
5,5,240,5,1,8,1750,1,0,0,0,0,1,1,1
3,4,156,3,2,6,5255,0,0,0,1,0,1,1,1
3,1,142,2,3,18,1428,0,0,0,0,0,0,1,1
4,5,134,4,1,36,1191,0,0,0,0,0,1,1,1
4,3,220,4,1,19,3602,0,0,0,1,0,1,1,1
6,4,258,4,1,9,1104,0,1,0,0,0,1,1,0
3,1,185,2,2,42,2803,0,1,0,0,0,1,0,1
4,3,210,3,2,11,2655,0,0,1,0,0,1,1,1
4,1,161,3,1,59,1454,0,0,0,1,0,1,1,1
5,5,274,5,1,7,1875,0,1,0,0,0,1,1,1
5,4,171,4,1,7,5359,0,0,0,0,1,0,1,1
4,3,142,3,2,1,4900,0,0,0,1,0,1,1,0
3,2,154,3,1,8,5149,0,0,1,0,0,0,0,1
5,1,158,4,2,4,5687,0,1,0,0,0,0,0,1
4,4,135,2,1,10,4508,0,0,0,1,0,1,0,1
4,1,213,5,1,10,5492,0,1,0,0,1,0,1,0
3,4,187,3,1,7,5417,0,0,1,0,0,1,1,0
3,5,154,2,2,6,4675,0,0,0,1,0,1,1,1
4,1,222,2,1,10,4714,0,0,0,1,0,0,0,1
6,4,284,4,1,9,1436,0,0,0,0,0,0,0,0
3,5,240,8,1,9,4436,0,0,0,0,1,0,1,1
4,5,272,4,2,9,5034,1,0,0,0,0,1,0,1
4,4,224,4,2,2,4503,0,0,0,1,0,1,0,1
5,4,183,2,1,36,3819,0,0,0,1,0,1,0,1
6,1,152,2,1,3,1340,0,0,0,1,0,1,0,0
5,5,245,5,1,1,1924,0,0,0,0,0,1,0,1
3,4,154,3,1,2,4990,0,0,1,0,0,0,0,1
3,1,219,3,2,6,4893,0,0,0,1,0,1,1,1
4,2,201,3,2,7,5967,0,0,0,0,0,1,1,1
4,3,243,5,2,3,1634,0,0,0,1,0,1,0,1
6,2,205,5,2,61,2018,0,0,0,0,0,0,0,1
4,4,242,6,1,9,1192,0,0,0,1,0,1,0,1
3,5,146,5,3,7,4538,0,0,0,0,0,1,0,0
6,2,257,4,2,1,1513,0,1,0,0,0,1,1,0
2,3,184,4,2,3,4719,0,1,0,0,0,1,1,0
3,3,250,2,2,8,5067,0,0,1,0,0,1,0,0
4,1,256,2,2,2,5630,0,0,1,0,0,0,1,0
5,3,172,3,2,3,4056,0,0,0,1,0,1,0,0
5,2,272,2,1,1,5412,1,0,0,0,1,0,0,0
3,3,234,3,2,3,4187,0,0,0,0,0,0,0,1
4,4,140,2,1,47,1831,0,0,0,1,0,1,0,1
3,1,225,4,1,10,4080,1,0,0,0,0,1,0,1
3,4,158,2,2,7,4744,0,0,0,1,0,1,1,0
4,2,175,3,2,7,4874,0,0,0,1,0,1,1,1
4,1,220,3,3,2,3886,0,0,0,1,0,1,1,1
2,3,230,3,1,4,5127,1,0,0,0,0,1,0,0
3,2,250,3,2,4,5361,0,0,1,0,1,0,0,0
3,1,236,3,1,2,4298,1,0,0,0,0,1,1,0
3,3,253,2,1,5,4112,0,0,0,1,0,1,1,1
5,1,143,3,1,5,5146,0,0,0,1,1,0,1,1
3,1,155,3,2,6,5113,0,1,0,0,0,0,0,1
6,5,263,7,3,9,5991,0,1,0,0,1,0,1,1
3,4,214,8,3,6,2924,0,0,0,1,0,1,0,1
4,5,155,4,3,48,1972,0,0,0,0,0,1,0,1
3,3,192,7,3,36,3634,0,1,0,0,0,1,0,1
3,2,210,3,2,8,4011,0,0,0,1,0,1,1,0
2,1,111,2,3,10,1920,0,0,0,1,0,1,0,1
6,5,301,5,1,8,1443,0,0,0,1,0,1,1,0
4,4,208,5,2,7,5401,0,0,0,0,0,1,0,0
4,5,237,2,2,10,4963,0,0,0,1,0,1,0,0
5,3,226,2,3,2,4219,1,0,0,0,0,1,0,0
3,3,165,2,2,1,4768,0,0,0,0,0,1,1,0
3,5,184,3,2,1,4161,0,0,0,1,0,0,1,0
3,4,242,3,1,29,2381,0,1,0,0,0,1,1,1
4,5,209,3,1,6,5899,0,0,0,1,0,1,0,1
4,2,179,4,1,1,1063,0,0,0,1,0,1,1,1
3,3,160,3,2,65,1228,0,1,0,0,0,1,0,1
6,5,206,6,1,2,4014,0,1,0,0,0,1,1,1
3,1,269,3,1,61,3542,0,0,0,1,0,1,1,1
5,3,143,2,2,5,5612,0,0,0,0,0,0,1,1
4,1,240,8,2,1,4638,0,1,0,0,0,1,1,0
6,3,144,7,3,8,5646,0,0,0,1,0,1,0,1
4,3,262,3,1,9,4404,0,1,0,0,0,1,1,1
4,1,237,5,1,5,1041,0,0,0,1,0,1,0,0
5,2,248,5,1,4,1284,0,0,0,1,0,1,1,1
6,1,141,3,1,2,5144,0,0,0,1,0,1,0,0
3,4,265,3,2,7,5113,0,0,1,0,0,1,0,0
3,4,174,3,1,10,4998,0,0,1,0,0,0,0,1
4,3,254,2,3,3,4930,0,1,0,0,0,1,0,0
3,5,271,3,1,2,5229,0,0,0,0,0,1,1,1
3,1,266,5,1,1,5459,1,0,0,0,0,1,1,0
6,2,278,3,2,3,2974,1,0,0,0,0,1,0,1
3,3,200,3,3,2,4777,0,0,0,1,0,1,0,1
4,3,192,3,2,10,4086,0,0,0,0,0,1,0,1
4,2,191,3,2,12,3676,0,1,0,0,0,1,0,1
2,3,176,5,1,29,1254,1,0,0,0,0,1,1,1
4,1,170,2,2,5,5182,0,0,0,0,0,1,0,0
4,2,144,3,2,59,1588,1,0,0,0,0,1,1,1
4,2,255,3,1,8,5865,0,0,0,1,0,1,0,0
5,4,260,6,2,8,5440,0,1,0,0,0,1,1,1
2,4,147,3,1,5,1920,0,0,0,1,1,0,1,1
4,3,227,2,1,3,4375,0,0,1,0,1,0,1,0
4,1,173,2,2,53,1251,0,0,0,0,0,1,1,1
3,3,149,2,1,8,4556,0,1,0,0,0,1,1,0
5,2,244,5,1,10,1699,0,0,0,1,0,1,1,0
4,5,160,5,2,3,4648,0,1,0,0,0,1,0,1
5,2,196,3,1,38,2211,0,0,0,1,0,1,1,1
2,3,234,4,1,44,3134,0,1,0,0,0,1,1,1
3,2,167,2,1,3,4722,0,0,0,1,0,1,1,1
6,3,276,4,1,8,1754,0,0,0,1,0,1,0,1
6,2,235,5,1,5,1051,0,1,0,0,1,0,0,1
4,3,206,3,2,20,2247,0,0,0,1,0,1,0,1
3,1,194,3,1,1,5566,0,0,0,0,0,1,0,0
4,5,233,5,2,44,2648,0,0,1,0,0,1,0,1
6,1,264,3,3,5,4435,0,0,1,0,0,1,0,1
7,4,295,4,1,5,1239,0,0,0,1,0,1,1,0
4,4,164,4,2,1,4365,0,0,0,1,1,0,0,1
3,4,157,3,1,32,1370,0,0,0,0,0,1,0,1
4,5,248,3,1,7,5853,1,0,0,0,0,1,1,0
6,4,272,4,1,4,4098,0,1,0,0,0,1,0,0
5,2,111,5,2,3,1711,0,0,1,0,0,1,1,1
5,4,242,3,3,2,3564,1,0,0,0,0,0,0,1
5,3,254,6,1,8,1932,0,0,0,1,0,1,1,0
4,2,153,3,2,53,1185,0,1,0,0,0,1,0,1
3,5,182,3,2,34,3595,0,1,0,0,0,0,1,1
3,5,261,3,1,10,4224,0,0,0,1,0,0,0,1
4,5,173,4,1,7,4978,0,0,0,1,0,0,1,1
4,2,267,2,1,7,5746,0,1,0,0,0,0,1,1
6,2,247,4,1,10,1556,0,0,0,1,0,1,1,0
5,1,191,3,1,56,3538,0,1,0,0,0,1,1,1
5,2,254,2,1,5,4985,0,1,0,0,0,1,0,1
5,2,233,3,3,4,4140,0,1,0,0,0,0,0,0
3,1,174,3,2,2,4972,0,0,0,1,0,0,0,0
5,4,216,4,2,8,5878,0,0,1,0,0,1,0,1
3,3,220,3,1,2,5065,0,0,0,1,0,0,0,1
4,3,164,2,1,3,5735,0,0,0,1,0,1,1,0
3,2,111,2,1,4,4245,0,0,1,0,1,0,0,1
4,3,154,3,2,52,1432,1,0,0,0,0,1,1,1
5,5,236,3,3,34,3455,0,0,1,0,0,0,1,1
3,2,213,6,2,9,5418,0,0,0,0,1,0,1,1
5,5,106,5,2,4,4410,0,0,0,1,0,1,0,1
6,4,256,4,1,9,1676,1,0,0,0,0,1,0,0
6,1,271,10,2,5,5459,1,0,0,0,0,1,1,0
4,3,170,2,1,3,4587,0,0,1,0,0,1,1,1
6,5,283,4,1,3,1374,0,0,0,1,0,1,1,1
4,5,113,6,2,25,1538,0,0,0,1,0,1,1,1
3,2,150,3,3,2,5502,0,0,0,1,0,0,1,0
4,3,244,2,1,17,3125,0,0,0,1,0,1,1,1
3,1,159,3,1,10,4784,0,0,1,0,0,1,1,1
4,5,134,6,2,7,4881,0,0,0,1,0,1,1,1
6,5,285,4,1,8,1028,0,0,0,1,1,0,1,1
4,4,205,4,1,6,5064,0,0,1,0,0,1,0,0
4,1,238,3,1,33,2013,0,0,1,0,0,1,0,1
4,2,263,3,2,4,4935,0,0,0,1,0,1,1,1
3,5,147,2,2,6,4350,0,0,0,1,0,1,1,0
5,5,263,4,1,9,1551,1,0,0,0,0,1,0,0
6,2,256,3,2,1,4435,1,0,0,0,0,0,1,1
6,4,249,5,2,43,3078,0,0,0,0,0,0,1,1
3,3,205,3,2,19,2167,0,0,0,1,1,0,0,1
5,1,266,3,1,31,3157,0,0,0,1,0,1,0,1
5,1,257,3,2,7,4133,0,0,1,0,0,0,1,0
4,2,242,6,1,10,1531,0,0,0,1,0,1,0,1
4,2,231,5,1,7,4718,0,0,0,1,0,1,1,0
4,3,185,5,1,9,5648,0,1,0,0,0,1,0,0
5,1,298,4,1,4,1551,1,0,0,0,1,0,1,0
5,2,215,6,2,5,5195,0,0,0,0,0,1,0,1
4,5,252,4,1,6,4983,0,0,0,0,0,1,0,0
3,3,190,10,2,4,3062,0,0,0,1,0,1,1,1
4,3,133,2,1,10,4195,0,0,0,1,0,1,0,0
4,2,235,6,1,6,1386,0,0,0,0,0,1,1,0
4,5,163,4,1,49,1470,0,0,1,0,0,0,0,1
5,5,251,2,2,5,5178,0,0,1,0,0,1,0,1
4,5,169,4,1,6,4168,0,0,1,0,0,1,1,1
5,2,238,2,1,5,5703,0,0,0,1,0,1,1,0
2,1,222,2,2,58,3626,0,0,0,1,0,1,1,1
5,1,246,3,2,10,4078,0,0,1,0,0,1,0,1
4,3,161,6,1,6,5560,0,0,1,0,0,1,1,1
3,1,174,3,1,7,4318,0,0,1,0,1,0,1,1
3,5,242,3,2,19,3753,0,1,0,0,0,1,1,1
3,4,252,4,1,10,5495,0,0,0,1,0,0,0,0
4,3,167,2,2,2,5544,0,0,0,0,0,1,0,0
4,2,266,3,2,7,5121,1,0,0,0,0,1,1,0
3,3,163,3,2,2,5791,0,0,0,1,1,0,1,1
4,3,99,6,2,9,5903,1,0,0,0,0,1,1,0
3,2,224,3,2,1,5343,0,1,0,0,0,0,1,1
4,3,249,3,1,5,5017,0,1,0,0,0,0,1,1
6,4,164,5,1,20,1555,0,0,0,1,0,1,1,1
2,2,152,4,1,6,4606,0,1,0,0,0,1,1,1
3,2,279,3,2,6,4560,0,0,0,1,0,1,0,0
5,5,210,3,2,8,5906,0,0,0,1,1,0,1,1
3,1,133,3,2,8,4634,0,1,0,0,0,1,1,0
4,4,200,4,1,3,5583,0,0,0,1,0,1,0,1
5,4,275,5,1,4,1522,0,0,0,0,1,0,1,1
3,1,201,6,2,10,5077,0,0,0,1,1,0,1,1
3,4,204,3,2,27,2772,0,0,0,1,0,0,0,1
4,1,282,4,2,10,5065,0,0,0,1,0,1,1,0
4,5,137,2,3,6,5208,1,0,0,0,0,1,0,0
3,5,237,4,1,28,3903,0,0,0,1,0,1,1,1
3,5,237,3,1,55,2451,0,0,0,0,0,1,1,1
3,1,235,4,3,7,4833,0,1,0,0,1,0,1,1
3,1,197,5,1,45,2224,1,0,0,0,0,1,1,1
4,4,177,5,2,7,4070,0,0,0,1,0,1,1,1
4,3,240,8,2,8,4319,0,0,0,1,1,0,1,1
3,5,236,3,2,1,5220,0,1,0,0,0,1,0,0
4,1,213,3,1,21,3585,0,0,0,1,0,1,0,1
6,2,293,6,1,10,1919,0,0,0,1,0,1,0,1
3,4,203,2,1,9,5735,0,0,1,0,0,1,1,0
4,1,276,5,1,2,1246,1,0,0,0,0,1,0,0
4,5,243,3,1,9,5263,1,0,0,0,0,1,1,0
4,2,192,2,1,9,4140,0,0,0,1,0,1,1,0
4,5,184,4,2,3,5430,0,0,1,0,0,0,0,1
5,4,176,6,2,9,4605,1,0,0,0,0,1,1,0
5,1,243,3,2,10,4037,1,0,0,0,1,0,0,0
2,1,209,5,1,64,2016,0,0,0,1,0,1,0,1
3,3,152,3,1,6,5749,0,0,0,0,0,1,1,1
5,3,271,5,3,9,1813,0,0,1,0,1,0,1,1
5,3,137,3,1,6,5357,0,0,0,1,0,1,1,0
4,3,271,3,2,1,4137,1,0,0,0,0,1,1,0
4,2,265,4,2,3,4283,0,0,0,1,0,1,1,1
5,4,232,5,2,5,1337,1,0,0,0,0,1,1,0
5,1,248,5,1,3,1642,0,0,0,1,0,1,1,1
3,1,239,8,3,6,5023,0,0,0,1,0,1,1,1
3,5,230,4,2,2,5916,1,0,0,0,0,0,0,1
4,2,192,6,3,3,5173,0,0,0,0,0,1,0,0
3,3,273,2,2,16,2466,0,0,0,1,0,1,0,1
4,1,224,3,1,9,5546,1,0,0,0,0,0,1,1
5,3,98,5,2,44,1269,0,0,0,1,0,0,1,1
5,3,245,5,1,2,1937,0,0,0,1,0,1,0,0
3,1,169,10,2,15,1107,1,0,0,0,0,1,0,1
7,3,302,4,2,7,1915,0,0,1,0,0,0,0,0
4,3,135,2,2,53,1073,1,0,0,0,0,1,0,1
3,1,163,3,2,59,1005,0,0,0,1,0,0,1,1
4,1,145,3,2,8,4915,0,1,0,0,0,1,1,0
4,4,212,4,2,16,2494,0,1,0,0,0,0,1,1
4,1,196,4,1,3,5496,0,0,0,1,0,1,0,0
4,5,199,3,1,2,4462,0,0,0,0,1,0,1,0
2,5,154,3,1,21,1113,0,0,0,1,0,1,0,1
5,3,219,4,2,5,4096,0,0,0,0,0,1,1,0
5,5,243,5,2,2,1817,0,0,0,1,0,1,1,0
4,1,261,5,1,6,1129,0,1,0,0,0,1,0,0
4,1,163,8,2,9,5489,0,0,0,0,0,1,0,1
4,4,241,3,3,39,3798,0,0,0,1,0,1,1,1
4,5,178,3,3,22,1907,0,0,0,0,0,1,1,1
3,4,255,3,2,10,5291,0,1,0,0,0,1,0,1
4,3,267,4,1,7,5140,0,0,0,0,0,0,1,0
2,2,155,3,1,1,5154,0,0,0,1,0,0,1,0
3,4,255,2,1,2,4504,0,1,0,0,0,1,1,0
5,3,257,5,2,3,1953,0,0,1,0,1,0,0,0
4,4,171,3,2,11,1594,0,0,0,0,0,1,0,1
3,1,152,2,1,25,1848,0,0,0,1,0,1,0,1
3,3,209,3,1,1,5186,0,1,0,0,0,1,1,0
5,5,167,2,2,2,5908,1,0,0,0,0,1,1,0
3,1,239,3,1,2,4425,0,1,0,0,0,0,1,0
5,2,190,2,1,1,5005,1,0,0,0,0,1,1,0
5,1,172,5,2,1,4730,0,0,0,1,1,0,0,0
3,3,211,3,2,3,5379,0,0,1,0,0,1,1,1
5,2,241,2,2,2,5448,0,0,1,0,0,1,0,0
4,5,155,2,2,41,1367,1,0,0,0,0,0,1,1
4,3,217,3,2,16,3444,0,0,0,1,0,1,0,1
5,1,235,5,1,4,1259,0,0,1,0,0,1,1,1
4,5,142,3,2,2,5692,1,0,0,0,0,0,1,0
4,3,268,3,1,10,5998,0,0,0,1,0,1,0,0
2,1,235,3,2,6,4411,0,0,0,1,0,1,0,1
3,2,157,2,1,29,1115,0,0,1,0,0,1,1,1
3,3,114,6,1,26,1825,0,0,1,0,0,1,0,1
4,1,216,3,1,43,2643,0,0,0,0,0,1,0,1
4,2,249,5,2,36,3836,0,0,0,1,1,0,1,1
4,4,227,2,1,7,4916,0,0,0,1,0,1,0,0
4,3,229,2,2,8,5868,0,1,0,0,0,1,0,0
5,3,221,6,2,3,1960,1,0,0,0,0,1,0,1
5,1,215,2,1,3,4700,0,0,0,1,1,0,1,0
2,4,168,3,1,15,1886,0,1,0,0,0,0,0,1
4,3,242,6,1,5,1411,0,0,0,1,0,1,1,0
7,4,284,4,1,3,1751,0,1,0,0,0,1,1,1
6,4,217,4,2,4,4247,0,0,0,1,0,1,0,1
3,1,162,3,1,7,5073,0,0,0,1,0,1,1,0
7,2,275,4,2,6,1513,1,0,0,0,0,0,0,0
2,1,212,2,3,8,4128,1,0,0,0,0,1,0,0
5,3,237,3,1,8,5131,0,0,0,1,1,0,0,0
4,3,254,5,1,3,1248,0,0,0,1,0,1,0,0
4,1,257,4,1,5,5875,0,1,0,0,0,1,1,1
3,2,146,3,3,4,5846,0,1,0,0,0,1,0,1
4,3,148,5,2,6,4802,0,0,0,1,0,0,0,0
6,3,247,4,2,4,1476,1,0,0,0,0,0,0,1
5,4,134,2,1,20,1549,0,0,0,0,0,1,0,1
3,4,180,3,1,2,5659,0,1,0,0,0,1,1,1
4,4,204,4,2,35,2513,0,0,0,0,1,0,0,1
6,5,302,4,1,7,1592,0,0,1,0,0,0,0,0
5,5,193,5,3,4,5087,0,0,0,0,0,1,0,1
6,3,202,4,2,3,4496,0,0,0,0,0,1,0,1
7,4,302,5,2,7,1503,0,0,0,1,0,1,1,1
6,1,208,5,1,6,4537,0,0,0,1,0,1,1,0
6,4,292,4,1,9,1056,0,0,0,1,0,1,1,1
4,3,253,3,1,5,5703,0,0,0,0,0,1,0,0
3,1,245,3,1,4,5449,0,0,0,0,0,0,0,0
4,1,178,2,3,39,1362,0,0,0,1,0,1,1,1
6,2,298,4,1,2,1648,0,1,0,0,0,1,1,0
3,4,247,3,2,9,5383,0,0,0,1,0,1,1,0
4,2,223,5,2,8,1559,0,0,1,0,0,1,0,1
4,3,249,4,2,10,4933,0,1,0,0,0,0,1,0
4,2,259,6,2,8,1096,1,0,0,0,0,1,1,1
4,3,140,2,2,2,5042,0,0,0,1,0,1,0,0
4,2,161,3,2,10,1928,0,1,0,0,1,0,0,1
5,1,159,2,2,5,4382,1,0,0,0,0,1,0,0
3,5,233,2,2,2,4193,1,0,0,0,0,1,0,0
4,3,274,3,3,7,5517,1,0,0,0,1,0,0,0
2,4,193,2,1,5,5706,1,0,0,0,0,1,0,0
5,1,136,3,2,19,1420,0,0,0,1,0,1,1,1
3,3,152,3,2,5,1385,0,0,0,1,0,1,1,1
5,4,196,3,2,2,5427,0,1,0,0,0,1,1,1
5,4,285,6,3,63,3151,0,0,1,0,0,1,1,1
4,3,140,8,2,8,4065,0,0,0,1,1,0,1,1
3,3,225,2,2,55,2259,0,0,0,1,0,1,1,1
4,2,258,3,1,5,5393,0,0,0,0,0,1,0,1
4,1,240,4,2,7,4818,0,0,0,1,0,1,1,1
3,2,191,3,3,42,2374,0,0,0,1,0,1,0,1
3,2,137,3,2,23,1246,0,0,0,1,0,1,0,1
5,1,228,2,3,6,4984,0,0,1,0,0,0,1,1
4,3,185,3,2,10,2263,0,0,0,0,0,1,0,1
4,1,245,5,1,3,1496,1,0,0,0,1,0,1,1
4,3,252,4,1,2,5226,1,0,0,0,0,1,1,0
3,1,171,3,2,28,1075,1,0,0,0,0,1,1,1
4,5,188,3,1,6,3361,0,0,0,0,0,1,0,1
5,3,181,4,1,2,5332,0,0,1,0,0,1,0,0
3,1,266,3,1,8,4574,0,0,0,0,0,1,0,0
4,3,273,10,2,8,4896,0,1,0,0,0,1,0,0
5,4,231,5,1,10,1247,0,0,0,0,0,1,1,0
3,2,150,3,1,2,4660,0,0,1,0,0,1,1,1
6,3,183,4,2,3,4842,0,0,0,1,0,1,1,0
3,1,238,3,2,6,5092,0,0,0,1,1,0,0,0
3,4,247,2,2,2,5016,0,0,1,0,1,0,0,1
3,3,231,2,1,46,2962,1,0,0,0,0,0,1,1
3,2,152,6,1,7,1674,0,0,0,1,0,0,0,1
6,4,299,4,1,9,1817,1,0,0,0,0,1,0,0
6,5,276,4,1,9,1319,0,0,0,0,0,0,1,0
3,4,249,3,1,31,3489,0,0,0,1,0,1,1,1
3,1,190,3,2,2,4312,0,0,1,0,0,1,0,0
3,3,180,7,2,4,5068,0,1,0,0,0,0,0,1
3,2,232,3,1,64,3131,0,0,0,0,0,1,0,1
3,5,242,5,2,61,3688,0,0,0,1,0,1,0,1
4,1,206,3,2,23,3807,1,0,0,0,0,1,1,1
3,1,162,3,2,12,1417,0,0,0,1,0,0,0,1
3,3,166,2,2,8,5871,0,0,0,1,0,1,0,0
6,3,286,4,2,4,1169,1,0,0,0,0,1,1,0
5,4,151,3,1,10,4611,0,0,0,1,0,1,0,0
5,1,142,4,2,2,4735,0,0,0,0,1,0,0,1
4,1,250,2,2,45,3021,0,0,1,0,0,0,1,1
5,1,258,3,2,7,4466,0,1,0,0,0,1,1,1
3,1,212,6,1,5,5339,0,1,0,0,0,1,1,0
4,4,260,5,1,5,1178,0,0,0,1,0,0,0,1
3,4,247,2,1,2,4975,1,0,0,0,0,1,1,1
3,4,285,3,1,9,4768,0,0,0,1,0,1,1,1
5,1,225,5,1,2,1812,0,0,0,1,1,0,1,0
4,2,170,2,1,1,1446,0,1,0,0,0,1,0,1
3,3,183,3,1,3,5538,0,0,0,1,0,1,0,0
6,1,304,4,1,4,1236,0,0,0,0,0,1,0,1
6,5,309,4,1,6,1463,0,0,0,1,1,0,1,1
3,5,161,2,2,9,4623,0,1,0,0,0,1,1,0
4,2,249,5,1,2,1195,0,0,0,0,0,1,1,0
6,3,297,4,2,1,1080,0,0,0,1,0,0,1,0
3,3,161,3,1,24,1920,0,0,0,1,0,0,0,1
4,1,139,3,1,7,5317,0,0,0,1,0,1,0,0
5,1,163,3,1,4,4200,0,1,0,0,1,0,1,0
4,4,200,3,1,19,2976,0,0,1,0,0,0,1,1
4,2,223,5,2,3,1395,0,0,0,1,1,0,1,1
4,1,148,8,2,5,4851,0,0,0,0,0,0,1,1
5,5,230,5,1,8,1067,0,0,0,1,0,1,0,0
4,5,262,6,2,1,1249,0,1,0,0,1,0,1,0
4,4,177,2,1,6,1112,1,0,0,0,0,1,1,1
5,5,232,3,2,33,2998,0,0,1,0,0,1,0,1
5,3,182,2,1,4,5579,1,0,0,0,0,1,1,0
4,2,167,4,3,5,5250,0,0,0,1,0,1,1,0
3,2,145,2,1,44,1212,0,0,1,0,0,1,0,1
3,1,183,2,1,5,5329,0,0,0,0,0,1,1,1
3,3,221,2,2,5,4205,1,0,0,0,0,0,0,1
3,3,176,8,2,1,4895,0,0,0,1,0,1,0,1
6,2,292,4,1,2,1565,0,0,0,1,0,1,0,0
4,5,178,3,1,23,1695,1,0,0,0,1,0,0,1
3,4,148,2,1,54,1778,0,0,0,0,0,1,1,1
4,3,233,2,1,45,2732,0,0,0,0,0,1,0,1
4,4,240,2,2,4,5101,0,0,0,1,0,1,0,0
3,2,278,4,2,7,1879,0,0,1,0,0,1,1,0
5,3,181,3,3,7,5675,0,0,0,1,0,1,1,1
7,3,296,4,1,4,1392,0,0,0,1,0,1,1,0
4,1,165,2,2,5,5014,0,1,0,0,0,1,0,1
3,3,170,4,1,3,4049,1,0,0,0,0,0,1,0
3,4,232,5,2,9,5759,0,0,0,0,1,0,1,0
3,5,268,2,2,5,1707,0,0,0,1,1,0,1,0
4,1,202,3,2,18,3940,0,1,0,0,0,1,0,1
5,3,265,5,1,3,1005,1,0,0,0,1,0,0,1
4,4,218,4,2,10,4967,0,0,0,0,0,1,0,0
4,4,189,4,2,9,5838,0,0,0,0,0,1,0,1
3,3,126,6,1,8,5084,0,0,0,0,0,1,1,1
2,3,123,2,2,11,1383,0,0,1,0,0,1,1,1
3,2,204,10,2,10,4534,0,0,1,0,0,1,0,0
3,2,179,2,3,8,5589,0,0,0,1,0,1,0,0
3,2,268,10,2,9,4483,1,0,0,0,1,0,1,0
5,3,206,4,1,18,3104,0,1,0,0,0,1,1,1
3,5,159,3,2,9,4555,0,0,1,0,0,1,1,0
4,5,254,3,2,3,4404,0,1,0,0,0,1,0,0
3,2,157,3,3,1,5398,0,0,0,1,0,1,0,0
4,1,199,2,1,46,3371,0,0,0,0,0,1,0,1
3,3,223,2,2,30,3622,1,0,0,0,0,0,1,1
3,3,157,3,1,9,5807,0,0,1,0,0,1,1,1
3,2,251,4,3,7,4038,0,0,0,1,0,1,0,0
4,5,208,3,1,8,4632,1,0,0,0,0,1,0,0
4,4,161,4,1,5,5038,0,0,1,0,0,1,1,0
3,4,268,2,2,8,1991,1,0,0,0,0,1,1,1
3,3,221,3,3,5,4568,1,0,0,0,0,1,1,1
4,3,216,2,1,6,4005,0,0,0,0,0,1,0,0
6,3,296,4,2,7,1515,1,0,0,0,0,1,1,0
6,1,247,4,2,10,1783,0,0,1,0,0,1,0,0
5,3,139,2,2,3,5261,0,0,0,1,0,1,0,0
4,3,232,5,1,9,1856,1,0,0,0,0,1,0,0
4,5,147,2,2,19,1940,0,0,1,0,0,1,0,1
5,1,251,5,1,7,1924,0,0,1,0,0,1,0,1
3,5,152,3,1,43,1282,0,0,1,0,0,1,1,1
3,3,253,5,1,63,3788,0,0,0,1,0,1,0,1
3,5,257,2,2,56,3711,0,0,0,1,0,1,0,1
3,4,155,3,2,4,1548,0,0,0,1,0,0,1,1
2,5,185,3,1,9,5810,0,1,0,0,0,1,0,0
6,1,251,4,1,2,1679,0,1,0,0,0,1,1,0
3,4,212,2,1,7,4742,0,0,0,1,0,0,1,0
6,5,246,4,2,50,3618,0,1,0,0,1,0,1,1
5,4,136,3,2,4,5413,0,0,0,1,0,1,1,0
5,1,163,3,2,1,5194,0,0,0,0,0,1,0,0
4,3,153,4,1,36,1171,0,0,1,0,0,0,1,1
4,3,245,4,2,8,5982,0,0,0,1,0,1,1,1
3,5,162,2,3,1,4573,0,1,0,0,0,0,1,1
4,5,268,6,2,7,4709,0,0,0,1,1,0,0,0
4,3,207,4,1,5,5008,1,0,0,0,1,0,1,1
5,3,182,4,2,5,4770,0,0,0,1,0,1,1,1
4,3,163,3,1,10,5002,1,0,0,0,0,1,0,1
4,5,171,3,1,21,1683,1,0,0,0,0,1,0,1
6,4,283,5,2,35,2686,1,0,0,0,0,1,0,1
3,2,151,3,1,40,1173,0,1,0,0,0,1,1,1
4,5,162,3,2,10,4850,0,0,1,0,0,1,0,1
5,5,198,3,1,5,4754,0,1,0,0,0,1,0,1
5,3,194,3,1,7,5545,1,0,0,0,0,1,1,0
4,1,259,3,1,9,5148,0,0,0,0,0,1,1,1
5,2,161,3,1,8,5804,0,0,0,1,0,0,1,1
5,5,161,3,1,5,4702,0,0,0,0,0,1,0,0
2,3,192,3,2,8,5787,0,0,0,1,0,1,0,1
4,5,188,2,1,4,4433,1,0,0,0,1,0,0,0
5,1,203,5,2,2,4845,0,0,0,1,0,1,1,0
4,4,273,3,1,3,5749,0,0,0,1,0,1,0,1
6,1,287,4,2,1,1581,0,0,0,1,0,1,0,0
4,5,134,3,2,4,5423,0,0,0,0,1,0,0,0
5,5,244,2,1,10,5794,0,0,0,0,0,1,1,0
3,4,160,2,2,32,1085,1,0,0,0,0,1,1,1
6,3,270,4,1,7,1079,1,0,0,0,0,1,0,0
3,5,181,2,1,29,2217,0,1,0,0,0,1,1,1
5,1,173,4,2,2,4615,0,0,0,1,1,0,0,0
3,1,251,3,2,42,3698,0,0,0,0,1,0,1,1
3,1,165,3,1,10,5823,0,0,0,0,0,1,1,0
4,1,173,5,1,5,5049,1,0,0,0,0,0,0,1
6,3,155,2,2,1,4182,0,1,0,0,0,1,0,1
6,1,160,5,2,8,5982,0,0,0,1,0,1,1,0
5,3,177,4,2,60,1159,0,0,0,1,0,0,1,1
4,5,154,3,2,9,5489,1,0,0,0,0,1,0,1
4,4,224,3,3,60,3145,0,0,0,0,0,1,1,1
3,1,146,3,2,16,1714,0,0,0,1,0,1,1,1
5,2,243,6,2,7,1752,0,0,0,1,0,1,1,0
3,5,181,3,2,9,4191,1,0,0,0,1,0,1,0
4,1,177,2,3,7,5599,0,1,0,0,1,0,0,1
6,3,297,4,2,2,1954,0,1,0,0,0,1,1,0
7,1,287,4,1,1,1660,0,0,1,0,1,0,1,0
3,1,238,3,1,17,2624,0,1,0,0,0,1,1,1
3,3,214,3,2,3,4056,0,1,0,0,0,1,1,1
2,1,187,3,2,3,5922,0,0,0,1,0,1,0,0
3,3,211,3,3,4,4354,0,0,0,1,1,0,0,1
3,1,143,4,1,6,5474,0,1,0,0,0,0,1,0
4,1,215,3,1,9,4551,1,0,0,0,1,0,1,0
5,4,249,3,3,2,4397,1,0,0,0,1,0,0,1
7,5,250,4,1,2,1296,0,0,1,0,1,0,0,0
6,5,304,4,1,6,1864,0,0,0,1,0,1,0,1
4,1,145,3,1,3,5618,1,0,0,0,0,1,1,1
3,3,160,4,2,7,5147,0,0,1,0,0,1,0,0
7,5,255,4,1,9,1367,0,0,1,0,0,1,0,0
2,2,149,3,1,4,4819,0,0,1,0,0,0,0,1
4,2,220,3,1,3,5020,0,0,1,0,0,1,1,0
4,3,175,2,1,25,1816,0,1,0,0,1,0,1,1
3,5,216,3,3,2,4242,0,0,0,0,0,1,0,0
4,2,255,5,1,7,1378,0,0,0,0,0,1,0,0
4,2,255,5,1,1,1353,0,0,1,0,1,0,1,1
3,5,162,3,2,1,4480,1,0,0,0,0,0,1,0
6,5,278,5,2,2,4361,0,0,1,0,0,1,0,1
3,5,154,3,3,2,4219,0,0,0,0,0,1,0,0
5,5,185,5,1,5,4078,0,0,0,0,0,0,1,0
2,2,219,2,2,8,4518,0,1,0,0,0,1,1,0
4,3,169,2,3,7,4032,0,0,0,1,0,1,1,1
4,2,215,3,2,48,2953,0,0,0,1,0,1,0,1
6,1,276,2,1,10,5108,0,0,1,0,0,1,1,0
5,2,256,3,2,6,5604,0,0,0,1,1,0,1,1
4,1,192,3,1,15,3460,0,0,0,0,0,1,0,1
5,5,254,5,1,2,4426,0,1,0,0,0,1,0,0
6,1,250,4,1,2,1783,0,0,0,1,0,0,0,1
4,3,148,4,1,1,4243,0,0,0,0,0,1,0,0
2,3,274,4,2,10,4798,0,0,0,0,0,1,0,1
4,2,233,7,2,5,5361,0,0,0,0,1,0,0,0
2,1,228,3,3,1,5500,0,0,1,0,0,1,0,1
6,2,269,4,1,6,1073,0,0,1,0,0,1,1,0
3,1,188,4,2,8,5884,0,0,1,0,0,1,0,1
4,2,142,3,1,2,4790,0,1,0,0,1,0,1,1
3,4,200,3,1,7,5400,0,0,0,1,1,0,0,0
4,1,269,3,1,3,4409,0,0,0,1,0,0,0,1
5,5,227,3,2,36,3952,0,0,0,1,0,1,1,1
4,3,266,3,1,9,5621,0,0,0,1,1,0,1,1
2,3,158,3,1,10,1515,0,0,0,1,0,1,1,1
4,2,244,5,1,7,5337,0,1,0,0,0,1,0,0
4,3,150,2,2,31,1588,0,0,0,1,0,1,1,1
4,3,257,3,1,2,5198,0,0,1,0,0,1,0,1
5,5,195,3,1,55,2641,0,1,0,0,0,0,1,1
6,4,148,4,1,10,5088,0,0,1,0,0,0,0,0
7,1,244,5,2,3,1418,1,0,0,0,0,1,0,1
3,1,250,4,1,8,4028,0,0,0,1,0,1,0,1
3,1,267,3,2,8,5415,0,0,0,1,1,0,0,1
4,1,241,3,1,4,4493,0,0,1,0,1,0,1,1
6,3,250,2,2,1,4747,1,0,0,0,0,1,0,0
4,5,135,3,1,6,4557,1,0,0,0,0,1,0,0
3,4,260,5,1,2,4461,0,0,1,0,1,0,1,0
4,4,229,5,1,7,1049,0,0,1,0,0,1,1,1
3,2,226,3,1,11,3708,0,0,1,0,0,1,1,1
3,3,202,3,2,8,5486,0,0,0,1,0,1,0,1
3,2,229,3,2,9,4491,0,1,0,0,0,0,1,1
3,4,247,3,1,10,5749,0,0,0,0,1,0,1,1
3,4,218,3,1,22,3818,0,0,0,1,0,1,1,1
4,2,170,10,2,4,4696,0,0,0,1,0,1,0,1
5,5,232,4,1,3,5447,0,0,0,0,1,0,1,0
3,5,227,4,1,9,4647,0,0,1,0,0,1,0,0
4,3,185,10,3,7,4818,0,0,0,0,0,0,0,1
6,3,255,4,2,8,1805,0,0,0,1,0,0,0,0
3,4,162,2,2,8,4972,0,0,0,1,0,1,0,0
4,5,247,5,1,9,1499,0,0,0,0,0,1,1,0
3,3,213,10,2,2,4847,0,0,0,0,0,1,1,0
4,3,206,3,2,58,2135,0,0,0,0,0,1,1,1
5,2,132,2,2,8,1665,1,0,0,0,0,1,1,1
3,4,201,3,1,6,5722,0,0,1,0,0,1,0,1
2,2,137,3,1,20,1823,0,0,1,0,0,1,0,1
4,4,246,3,2,5,5029,0,0,0,1,1,0,1,1
5,1,193,6,2,4,5964,0,0,0,1,0,1,0,0
6,3,274,4,1,10,1174,0,1,0,0,0,1,1,0
3,4,266,3,2,9,5908,1,0,0,0,0,1,1,1
4,1,227,3,1,5,3100,0,0,1,0,1,0,1,1
3,3,241,5,1,8,2182,0,0,1,0,0,1,1,1
4,2,296,2,2,2,1233,0,0,0,0,0,1,0,0
3,1,154,2,1,10,5594,0,0,0,0,0,0,0,1
2,2,198,2,1,11,3686,0,0,0,1,0,1,1,1
3,4,232,2,1,10,5678,0,0,0,1,0,1,1,0
4,1,155,3,1,4,4397,1,0,0,0,0,1,0,0
7,5,296,4,1,8,1686,0,0,0,1,1,0,1,1
4,2,124,2,2,50,1592,0,0,0,1,0,1,1,1
4,2,198,2,3,2,5662,0,0,0,1,0,1,1,0
3,1,217,4,2,1,5761,0,0,0,1,0,1,0,1
3,2,241,3,1,22,3030,0,0,0,1,0,1,1,1
3,4,262,2,1,15,3287,0,0,0,0,0,0,1,1
3,5,205,4,1,2,1648,1,0,0,0,0,1,1,0
2,2,128,2,1,17,1824,0,0,1,0,0,0,1,1
6,3,98,6,1,9,4787,0,0,0,1,0,1,1,1
5,2,176,4,1,1,5810,0,0,1,0,0,1,1,0
3,2,138,2,2,46,1436,1,0,0,0,0,1,0,1
4,5,183,2,1,1,4741,0,0,0,1,0,1,0,0
4,3,214,2,1,57,2078,0,0,0,0,0,1,1,1
5,1,259,3,3,37,3023,0,1,0,0,0,1,0,1
3,1,232,2,1,3,4562,0,0,1,0,0,1,0,1
3,4,196,4,1,4,5031,0,0,0,0,0,1,0,0
3,1,236,3,2,8,5341,0,0,0,0,1,0,0,1
2,5,163,3,2,37,1079,0,0,0,1,0,1,0,1
5,2,265,5,2,5,1864,0,0,1,0,0,1,0,0
4,2,255,4,1,62,3198,0,0,0,0,0,1,0,1
3,1,256,3,1,5,5643,0,0,0,1,1,0,0,0
3,3,205,2,2,6,4989,1,0,0,0,0,0,1,1
5,1,227,3,1,14,2589,1,0,0,0,0,1,0,1
4,5,221,5,1,5,1608,1,0,0,0,0,1,0,1
3,5,139,2,1,7,4449,0,1,0,0,0,1,0,1
7,5,278,4,1,5,1126,0,1,0,0,0,1,0,1
3,3,245,2,1,4,4719,0,0,0,0,1,0,0,1
5,1,261,5,1,10,1713,1,0,0,0,0,0,0,0
4,3,202,3,1,7,5678,0,0,1,0,0,0,1,1
4,1,198,4,2,9,5382,0,0,0,1,1,0,0,0
3,5,225,3,2,8,3813,1,0,0,0,0,1,1,1
3,1,178,5,1,15,1242,0,0,0,0,0,1,0,1
3,2,253,2,2,2,4567,0,1,0,0,0,1,0,0
3,4,209,2,1,62,2935,0,0,0,0,0,1,1,1
4,5,162,2,2,64,1918,0,0,1,0,0,1,1,1
6,1,232,6,1,4,5877,1,0,0,0,0,1,1,0
5,1,208,2,1,8,5218,0,0,0,1,0,1,0,0
3,4,189,6,1,9,4668,0,0,0,1,0,1,0,1
3,1,164,2,1,2,1104,0,0,0,0,1,0,1,1
4,4,157,4,1,6,4175,0,0,0,1,0,1,1,0
4,3,210,3,1,3,2742,0,0,0,0,1,0,1,1
5,3,239,4,1,3,3734,0,0,0,1,0,1,1,1
4,4,216,2,1,4,5984,0,0,1,0,1,0,0,0
5,1,261,3,1,25,3494,0,1,0,0,0,1,1,1
3,3,141,2,1,2,5923,0,1,0,0,0,1,1,0
5,3,258,5,1,4,1665,0,0,0,1,0,1,0,1
5,5,233,6,2,4,1924,0,0,0,0,0,0,0,1
3,4,209,3,2,60,2240,1,0,0,0,0,1,0,1
4,2,227,10,1,10,4619,1,0,0,0,0,0,0,0
5,1,182,5,3,6,5398,0,0,0,0,0,0,0,0
4,3,142,6,1,6,1459,0,0,0,0,0,1,1,1
4,3,160,2,2,38,1961,0,0,0,1,0,1,0,1
3,3,143,3,2,16,1343,0,0,0,0,0,1,0,1
3,4,268,2,2,4,1442,0,0,1,0,0,1,0,1
3,1,264,3,1,5,5043,0,0,0,1,0,1,0,0
4,2,145,3,2,4,5122,0,0,0,1,0,1,0,1
4,2,202,3,1,8,4575,0,0,1,0,1,0,1,1
6,1,260,4,1,6,1766,0,0,0,1,0,1,0,0
5,4,252,3,2,2,4162,1,0,0,0,0,1,1,0
4,3,225,2,1,2,4520,0,0,0,1,0,1,1,1
4,3,174,3,2,2,4069,0,0,0,1,0,1,1,1
4,3,226,6,2,10,1174,0,0,0,1,0,0,1,0
5,4,250,6,1,1,4343,0,0,0,0,0,1,0,0
5,3,135,3,3,4,5858,0,1,0,0,0,1,1,0
3,4,166,4,1,1,5533,0,0,0,1,0,0,0,1
3,3,232,2,1,5,4255,1,0,0,0,0,1,1,1
5,1,198,4,1,5,5719,1,0,0,0,0,1,0,0
4,3,183,2,1,32,3709,0,1,0,0,0,1,0,1
5,2,211,3,2,8,4962,0,0,0,1,0,0,0,0
7,3,307,4,1,1,1589,0,0,0,1,0,1,0,1
4,1,147,3,2,32,1666,1,0,0,0,0,1,1,1
3,3,220,7,1,25,2141,0,0,0,0,0,1,1,1
3,3,279,4,1,3,4620,0,0,0,1,0,1,1,0
4,5,193,4,1,33,2173,1,0,0,0,0,1,1,1
4,3,196,3,1,10,4194,0,0,1,0,0,1,0,1
6,5,148,4,1,1,5216,0,1,0,0,1,0,1,1
6,4,281,3,1,7,5180,0,0,0,0,0,1,0,0
5,2,232,3,1,5,5607,1,0,0,0,0,0,1,1
3,5,251,2,1,4,4015,0,0,0,1,0,1,1,0
7,1,250,4,1,9,1890,0,0,0,1,1,0,1,1
4,5,232,2,1,54,2526,0,0,1,0,0,1,1,1
4,5,219,5,1,2,1260,1,0,0,0,1,0,1,0
5,5,237,3,2,5,4285,1,0,0,0,1,0,1,1
3,4,150,2,1,1,4742,0,0,0,0,0,1,1,0
5,2,246,2,2,13,2652,0,0,0,1,0,1,1,1
5,4,219,5,1,5,1388,0,0,0,1,0,1,1,1
4,1,271,4,1,9,5853,0,0,0,1,0,1,1,1
4,5,205,3,2,9,4411,0,0,0,1,0,1,0,0
5,5,254,5,1,7,1967,1,0,0,0,0,1,1,0
5,3,238,5,3,7,1848,0,0,1,0,0,1,1,0
5,2,151,4,1,12,1145,0,0,0,1,0,1,1,1
3,5,175,2,1,59,1051,0,0,0,0,0,1,1,1
3,3,154,4,2,62,1616,0,0,0,1,0,0,0,1
5,1,269,3,1,5,5031,0,0,0,0,0,1,0,0
4,5,116,3,2,54,1314,1,0,0,0,0,1,1,1
4,2,239,5,1,10,1429,0,1,0,0,0,0,0,0
4,3,151,4,2,13,1583,0,0,1,0,0,1,1,1
5,1,185,2,2,10,5973,0,0,0,1,0,1,0,1
4,1,233,2,1,7,4403,0,0,0,0,0,0,1,1
3,5,195,3,2,9,4224,0,0,1,0,0,1,0,0
4,2,272,3,3,7,5927,0,0,0,1,0,1,1,0
5,3,254,5,1,10,1501,0,0,0,0,1,0,1,1
7,3,272,4,2,7,1067,0,1,0,0,0,1,1,1
3,2,180,2,3,10,4024,0,0,0,1,1,0,1,0
3,5,283,5,1,50,2848,0,0,0,1,0,1,0,1
6,3,153,6,2,7,4975,0,1,0,0,0,1,0,1
5,4,229,2,2,44,2419,1,0,0,0,0,1,0,1
6,4,287,4,2,7,1141,0,0,0,0,0,1,1,1
5,5,271,5,1,4,1667,0,0,1,0,0,0,0,0
3,1,194,4,1,64,2026,0,0,0,1,0,1,1,1
3,2,183,3,1,44,2896,1,0,0,0,0,1,0,1
4,1,236,5,2,4,1953,0,0,0,1,0,1,1,0
3,1,219,2,2,10,4390,0,1,0,0,0,1,0,1
6,4,268,4,2,3,1586,0,0,0,1,0,1,0,0
4,2,273,5,1,1,5012,0,1,0,0,1,0,0,0
3,2,225,3,1,3,5529,0,1,0,0,0,1,1,0
4,2,221,3,1,10,5632,0,0,0,0,1,0,1,0
4,2,185,3,1,8,4322,0,0,0,1,0,0,1,1
3,5,242,3,2,3,2268,0,0,0,0,1,0,0,1
5,3,191,3,3,6,4244,0,0,0,0,0,1,0,0
3,3,132,2,2,8,5810,1,0,0,0,0,1,0,1
4,5,272,2,2,9,5055,0,0,1,0,0,1,1,1
3,3,307,5,1,3,1578,0,0,0,0,0,1,0,1
4,4,271,3,1,3,4152,0,1,0,0,0,0,1,0
3,4,132,2,2,12,1493,1,0,0,0,0,0,1,1
3,5,254,3,1,6,4703,0,0,0,0,0,0,1,0
4,3,210,3,2,6,2568,1,0,0,0,0,1,0,1
4,4,164,2,1,9,1949,0,0,1,0,1,0,0,1
4,2,183,4,1,15,3632,0,0,0,0,0,1,1,1
5,4,175,4,1,4,4505,0,0,0,0,0,0,1,0
2,1,219,4,1,7,5573,0,0,1,0,0,1,1,1
5,1,257,6,1,2,1258,0,0,0,1,0,1,1,1
4,4,144,3,1,6,4137,0,0,0,1,0,1,1,1
4,4,224,2,1,8,5754,0,0,0,0,0,1,0,1
5,3,206,2,2,7,4531,1,0,0,0,0,0,1,1
2,2,264,3,2,1,4518,0,1,0,0,0,0,1,0
3,3,260,2,1,7,5738,0,1,0,0,0,1,1,0
3,5,185,2,2,27,3624,0,0,0,0,0,1,1,1
3,1,242,8,2,4,4943,0,0,0,0,0,1,1,0
5,5,272,2,1,1,4883,0,0,0,0,0,0,1,1
3,2,164,4,2,10,4560,0,0,0,1,0,1,0,1
5,3,243,5,1,9,1312,0,1,0,0,0,1,0,1
3,2,169,2,1,6,4033,0,0,0,1,0,1,1,0
4,2,275,3,2,26,2449,0,1,0,0,0,1,1,1
4,5,160,6,1,4,4684,0,1,0,0,0,1,0,1
5,2,260,3,1,22,2935,0,0,0,0,0,0,0,1
3,4,134,2,2,43,1198,0,1,0,0,0,1,1,1
5,2,275,4,2,10,1141,0,0,0,0,0,0,0,1
3,2,147,4,1,13,1657,0,0,0,0,0,1,1,1
6,4,286,4,2,1,1570,0,0,0,0,0,1,0,0
5,4,242,5,2,2,1717,0,0,1,0,0,0,0,1
6,4,294,4,2,5,1174,0,1,0,0,1,0,1,0
3,4,111,5,2,1,4102,0,0,0,1,0,1,0,0
3,4,212,3,1,6,5935,0,0,1,0,1,0,1,1
4,3,251,3,2,5,4206,1,0,0,0,0,1,1,0
6,1,232,5,3,10,4345,0,0,0,0,0,1,1,0
4,5,253,7,2,11,3825,0,0,0,0,0,1,0,1
3,1,239,2,2,2,5757,1,0,0,0,0,1,0,1
5,5,265,5,2,1,1568,0,0,0,1,0,1,1,0
5,3,242,5,1,6,1681,0,0,0,1,0,1,0,0
3,4,262,3,1,7,2424,0,1,0,0,1,0,1,1
5,1,269,6,2,8,1341,0,0,1,0,0,1,0,0
5,1,274,3,2,58,2098,0,0,0,0,0,0,1,1
6,4,305,4,1,1,1384,0,0,1,0,1,0,0,0
4,2,161,3,1,8,4382,0,0,0,1,0,1,0,0
4,2,168,2,2,1,5154,0,1,0,0,0,1,1,0
4,1,180,3,1,1,5677,0,0,1,0,0,1,0,0
4,4,219,2,2,7,4604,0,1,0,0,0,1,1,0
4,4,184,3,3,27,3967,0,0,0,0,1,0,0,1
5,3,238,5,1,1,1871,0,0,0,1,0,0,1,1
7,3,307,4,1,1,1793,0,1,0,0,0,0,1,1
2,1,180,2,2,31,1078,0,1,0,0,0,1,0,1
6,4,265,4,1,9,1511,0,0,0,0,0,1,0,0
3,3,267,2,1,18,2435,0,0,1,0,0,1,1,1
5,5,251,5,2,10,1683,0,1,0,0,0,1,0,0
3,4,223,10,1,9,4337,0,0,0,1,0,0,0,0
2,5,270,6,2,1,5675,0,0,1,0,0,1,0,0
4,3,157,3,2,9,4990,0,0,0,1,0,1,1,0
5,1,172,2,1,9,1723,0,0,0,0,0,1,0,0
3,2,173,3,1,15,1992,0,0,0,0,0,1,0,1
5,4,274,5,1,6,1969,0,0,0,1,0,1,1,0
4,5,143,3,2,2,5286,0,1,0,0,0,1,1,1
4,3,239,3,1,28,2741,0,0,0,1,0,1,0,1
4,1,214,5,2,6,4573,0,0,0,1,0,0,0,1
5,1,217,2,2,6,5518,0,0,0,0,0,1,1,0
4,3,266,2,2,6,4286,0,0,0,1,0,1,1,1
4,5,273,5,1,2,1441,0,0,0,0,0,0,1,0
4,5,264,3,2,57,3753,0,0,1,0,0,1,1,1
4,2,271,3,2,50,3448,0,0,1,0,0,1,1,1
3,3,172,6,2,5,5366,0,0,0,1,0,1,0,1
4,4,242,2,2,6,5866,0,0,0,1,0,0,1,0
4,4,146,2,2,5,4356,0,0,1,0,1,0,0,0
5,1,240,5,1,2,1400,0,1,0,0,0,1,1,1
5,3,203,2,2,4,4311,0,0,0,0,1,0,1,1
6,5,289,4,1,5,1600,1,0,0,0,0,1,1,1
4,1,214,2,1,10,4447,0,1,0,0,0,1,0,0
4,2,237,2,1,1,5261,0,0,0,1,0,1,0,0
4,5,189,2,2,6,5439,1,0,0,0,0,1,1,1
5,1,194,3,2,32,3003,0,1,0,0,0,1,0,1
4,3,144,2,1,5,4882,0,0,0,1,0,1,0,0
6,2,260,5,1,9,1667,1,0,0,0,0,1,0,1
4,1,181,4,1,46,2399,0,0,1,0,0,1,0,1
4,2,185,3,1,27,3410,0,0,0,1,0,0,1,1
4,2,211,2,1,9,5883,0,0,0,1,0,1,0,1
4,4,196,3,1,11,3244,1,0,0,0,0,1,0,1
4,4,221,4,2,14,2932,0,0,0,1,0,0,1,1
3,1,159,2,2,44,1806,0,0,0,0,1,0,0,1
6,3,219,5,1,9,1483,1,0,0,0,0,1,1,1
6,2,271,4,2,3,1636,0,1,0,0,0,0,1,0
5,2,192,3,3,7,5695,1,0,0,0,0,1,0,1
7,2,300,4,2,10,1179,0,0,1,0,0,1,0,0
2,1,249,3,1,11,2534,0,1,0,0,0,1,1,1
3,4,134,3,3,6,5680,1,0,0,0,0,1,0,0
5,5,270,5,1,5,1852,0,1,0,0,0,1,1,1
5,2,225,5,1,5,1015,1,0,0,0,0,1,1,0
4,4,245,6,1,6,1437,1,0,0,0,0,1,0,1
4,5,192,4,1,10,4691,1,0,0,0,0,0,0,0
3,1,204,10,2,5,5375,0,0,0,1,0,1,1,0
5,2,222,5,1,5,1329,0,0,0,1,0,1,0,0
4,4,171,2,1,4,4962,1,0,0,0,0,1,1,0
6,4,257,6,1,7,4265,1,0,0,0,0,1,0,0
4,3,184,4,1,4,4030,0,1,0,0,0,1,1,1
3,4,230,2,2,15,2302,1,0,0,0,0,1,0,1
5,3,266,3,2,4,4195,0,0,0,0,0,1,0,0
4,5,200,4,1,1,4885,0,0,1,0,0,1,0,0
3,3,225,3,2,7,4961,0,0,0,0,0,1,0,1
5,1,177,2,2,9,4881,0,0,0,0,1,0,1,0
7,3,296,4,2,8,1826,0,0,0,0,0,1,1,1
3,1,186,2,2,3,5818,0,1,0,0,1,0,1,0
4,1,168,2,2,1,5698,0,1,0,0,0,1,0,1
2,1,168,4,1,6,4800,1,0,0,0,0,0,1,0
4,1,208,3,2,8,4890,0,0,0,1,0,1,0,1
4,2,208,3,3,17,2777,0,0,0,1,0,1,1,1
4,1,136,3,2,4,5060,1,0,0,0,0,1,0,1
3,2,102,4,2,57,1220,0,0,0,1,0,1,1,1
3,3,135,3,1,8,1074,0,0,0,1,0,1,1,1
4,2,177,3,2,5,5757,0,0,0,0,0,1,1,0
4,4,161,3,1,2,5257,0,1,0,0,0,1,1,0
4,5,170,2,1,57,1533,0,0,0,1,0,1,0,1
4,3,191,3,2,1,4219,0,0,0,1,0,1,1,0
3,2,227,3,2,6,5058,0,1,0,0,0,1,1,0
3,1,218,3,1,4,2304,0,1,0,0,0,1,1,1
3,1,236,3,2,28,3290,1,0,0,0,0,1,1,1
4,3,274,5,1,5,1512,0,0,0,1,0,1,1,0
4,3,217,2,2,2,5442,0,0,1,0,1,0,0,0
4,5,250,3,1,2,5206,0,1,0,0,0,1,0,0
2,1,255,2,2,9,5936,0,0,0,0,0,1,1,1
5,2,264,8,3,2,5252,0,0,0,0,0,0,1,1
5,5,192,3,2,3,4015,0,0,0,1,0,1,1,1
5,4,229,3,1,1,5660,0,0,0,1,0,1,1,0
4,5,248,2,2,4,4789,0,0,0,1,1,0,1,1
3,3,145,3,2,1,5709,0,0,1,0,1,0,1,0
3,2,221,2,1,10,4312,0,1,0,0,1,0,0,0
4,5,217,5,1,3,1572,1,0,0,0,1,0,0,1
4,1,224,2,1,10,4653,0,1,0,0,0,1,1,1
6,4,292,4,2,1,1372,0,0,0,0,0,1,0,1
2,1,255,3,2,1,5929,0,0,0,0,0,1,0,0
4,4,216,6,1,5,1272,0,0,0,0,0,0,1,0
4,2,250,3,1,5,4488,0,0,1,0,0,0,1,1
4,2,173,3,3,3,5364,0,1,0,0,0,1,0,0
4,3,264,6,2,10,1962,0,0,0,1,0,1,0,1
4,3,141,2,1,8,4331,1,0,0,0,1,0,0,0
3,1,257,4,1,8,4692,0,0,0,0,0,1,1,1
6,5,154,10,2,48,1990,0,0,0,1,0,1,0,1
4,2,204,8,1,1,4038,0,1,0,0,0,1,0,1
5,4,236,3,2,1,5711,0,0,0,0,0,0,0,0
5,1,251,4,1,1,5011,0,1,0,0,0,1,1,1
5,2,181,3,1,4,4323,0,1,0,0,0,1,1,0
6,5,244,4,2,2,1980,0,0,0,1,0,1,0,0
5,5,259,5,1,9,1624,1,0,0,0,1,0,0,0
4,5,254,3,1,7,4363,0,1,0,0,0,1,0,0
4,5,171,4,1,4,5265,0,0,0,0,0,1,0,0
4,4,224,10,2,9,4149,1,0,0,0,0,1,0,0
4,4,218,5,2,36,2995,0,0,0,0,1,0,0,1
3,1,135,2,2,2,4163,0,1,0,0,0,1,1,0
4,2,222,2,2,16,2518,0,0,0,0,0,1,0,1
5,4,250,3,1,11,3373,0,0,0,0,0,0,0,1
5,1,248,4,1,6,1944,0,0,0,1,0,0,0,1
7,2,307,4,2,2,1073,0,0,0,0,0,0,1,0
6,2,293,4,1,7,1477,0,0,0,0,0,0,0,0
3,4,176,3,2,4,5623,0,0,0,1,0,1,1,0
5,1,170,4,3,6,5258,0,0,0,1,0,1,1,1
6,3,253,4,2,9,1823,0,1,0,0,0,1,0,0
3,5,198,4,1,10,4829,0,1,0,0,0,1,0,0
7,1,264,4,2,2,1540,0,0,0,0,1,0,0,0
3,2,243,2,2,26,2719,0,0,0,1,0,1,1,1
6,3,223,6,2,29,2980,0,0,0,1,0,1,1,1
5,4,230,3,2,6,4257,1,0,0,0,0,1,1,0
6,5,281,4,1,8,1241,1,0,0,0,0,1,1,1
2,3,226,3,2,8,5106,1,0,0,0,0,1,1,1
3,5,136,2,3,1,4971,0,0,0,1,1,0,0,0
6,4,279,4,1,10,1462,0,0,0,0,0,0,0,1
3,2,200,2,2,46,3174,0,0,0,1,0,1,0,1
4,1,240,3,1,50,2430,0,0,0,0,0,1,1,1
6,4,116,3,1,6,4649,0,0,1,0,1,0,1,0
2,1,296,5,2,29,1648,0,0,0,1,1,0,1,1
5,4,178,6,2,10,5197,0,1,0,0,0,1,1,0
6,2,294,4,2,10,1148,0,0,0,0,1,0,1,0
4,5,223,3,2,7,5832,0,0,1,0,0,0,1,1
4,1,221,5,2,22,3075,0,0,0,1,0,1,1,1
3,4,156,2,2,10,5107,1,0,0,0,0,1,0,1
5,5,147,2,2,19,1936,0,0,1,0,0,0,1,1
2,4,134,3,1,58,1067,0,1,0,0,0,1,1,1
4,1,272,2,2,5,5252,1,0,0,0,0,1,0,0
5,3,210,3,1,5,4560,0,0,1,0,0,1,1,1
3,5,198,3,1,2,3417,0,0,0,1,0,1,1,1
3,1,201,4,2,9,5721,0,0,0,0,1,0,0,1
5,1,169,4,2,4,4541,0,0,1,0,0,1,1,0
5,4,236,5,2,4,1948,0,0,1,0,1,0,0,0
6,5,299,4,1,2,1192,0,0,1,0,0,0,1,0
5,3,229,2,2,1,5294,0,0,0,1,0,1,0,1
5,4,269,3,2,15,2522,0,0,1,0,1,0,1,1
4,5,135,3,1,1,5013,1,0,0,0,0,1,1,0
3,4,148,2,1,5,4693,0,1,0,0,0,0,0,1
5,1,262,5,2,9,1893,0,1,0,0,0,1,0,0
3,1,150,2,1,6,5355,0,1,0,0,0,1,0,0
5,4,275,2,2,7,5292,0,0,0,1,0,1,1,0
5,1,168,2,1,10,4240,1,0,0,0,1,0,0,0
5,2,221,5,1,2,1855,0,0,0,1,1,0,0,0
4,2,172,3,1,1,1182,0,0,1,0,0,1,1,1
4,2,255,5,2,2,1186,0,0,1,0,1,0,1,1
4,4,148,2,1,4,5437,0,0,0,1,0,0,1,0
5,2,243,2,2,58,2758,0,1,0,0,0,1,1,1
4,5,113,3,1,52,1741,1,0,0,0,0,1,0,1
5,3,265,3,2,30,2293,1,0,0,0,0,0,1,1
4,1,227,3,2,54,3043,0,1,0,0,0,0,1,1
3,2,214,2,2,3,1983,0,0,0,0,0,1,1,1
3,5,204,4,1,6,4879,1,0,0,0,0,1,1,1
2,4,264,3,2,6,4025,0,0,0,1,0,0,0,1
2,1,202,2,2,5,4456,0,0,0,0,0,1,0,0
5,1,267,6,1,3,1803,0,1,0,0,0,1,1,0
4,4,258,2,2,5,4562,0,1,0,0,0,1,0,0
4,5,229,2,2,1,4869,1,0,0,0,0,1,0,0
3,4,186,3,2,4,5501,0,0,0,1,0,1,0,1
3,1,207,2,1,7,5596,0,0,0,1,0,1,0,0
5,5,147,4,3,42,1642,0,0,1,0,0,0,0,1
4,4,184,3,1,52,3128,0,0,1,0,0,1,0,1
4,5,230,2,1,38,2890,0,0,1,0,0,0,0,1
3,1,140,2,2,55,1339,0,0,0,0,0,1,0,1
3,2,169,2,3,30,1698,0,0,0,1,0,1,1,1
3,1,258,2,2,11,2791,0,0,0,1,1,0,1,1
6,5,285,7,2,9,4112,0,0,0,0,0,1,1,0
6,2,256,4,1,6,1507,0,0,1,0,0,1,0,0
2,1,228,2,1,2,5435,1,0,0,0,0,1,0,0
4,5,151,3,2,10,5275,0,1,0,0,0,1,0,0
3,5,191,4,1,4,4008,0,0,1,0,0,1,1,1
5,3,194,3,1,1,4331,0,0,0,1,0,1,0,0
5,4,145,4,1,4,4790,0,1,0,0,0,1,1,0
3,3,181,2,2,52,3236,0,0,0,1,1,0,0,1
4,4,183,2,1,7,4572,0,0,0,1,1,0,0,1
5,3,154,2,1,3,5440,0,0,1,0,0,0,1,1
2,3,275,3,2,10,4183,1,0,0,0,0,1,1,1
5,3,257,5,1,7,1451,0,0,0,0,1,0,0,1
4,1,261,6,1,6,5861,0,0,0,0,0,1,0,0
5,2,253,5,2,6,1326,0,1,0,0,0,1,1,0
2,5,135,6,2,9,5777,0,0,0,1,0,1,0,1
4,3,170,3,2,2,5330,0,0,1,0,0,1,0,1
6,4,286,4,2,5,4262,0,1,0,0,1,0,0,0
7,1,245,4,2,4,1653,1,0,0,0,0,1,1,1
6,2,251,4,2,6,1864,0,0,0,1,0,1,0,0
3,4,240,2,2,2,3729,0,0,0,0,0,1,0,1
2,3,130,3,1,48,1801,0,0,0,0,0,1,0,1
3,2,156,8,2,6,5637,0,0,0,0,0,1,1,1
2,4,162,3,3,2,5893,0,0,0,1,0,1,0,1
3,2,233,3,1,63,2143,0,0,0,1,0,1,1,1
4,2,187,2,2,7,4470,1,0,0,0,0,1,1,1
3,1,110,4,2,6,5474,0,0,0,0,0,1,0,1
4,4,185,2,2,1,4729,0,1,0,0,1,0,0,0
3,1,144,2,2,8,5378,0,0,0,0,0,1,1,1
4,4,169,4,2,8,5493,0,0,1,0,0,1,0,0
4,5,247,5,2,6,1737,0,0,0,1,0,0,1,0
5,5,263,8,2,9,2236,0,0,0,1,0,1,0,1
4,5,237,5,1,2,1357,0,0,0,1,0,1,1,1
3,1,234,3,3,60,2596,0,1,0,0,0,1,0,1
3,2,185,3,2,47,2467,0,0,1,0,0,1,1,1
4,3,235,3,1,4,5289,0,0,1,0,0,0,0,1
4,5,190,3,1,2,4554,0,0,0,1,0,1,1,0
3,5,253,2,2,17,2205,1,0,0,0,0,1,1,1
4,5,208,2,1,4,5831,0,0,0,0,0,1,0,0
3,2,134,3,2,54,1932,0,1,0,0,0,1,0,1
3,1,171,2,2,6,5704,0,0,0,0,0,1,0,1
3,5,138,2,2,1,4881,0,1,0,0,0,0,1,1
2,3,274,3,3,24,3829,0,1,0,0,0,1,0,1
4,5,198,3,1,2,4272,0,0,0,0,1,0,1,0
6,1,206,6,2,8,4243,0,1,0,0,0,1,0,1
3,3,206,2,2,62,3558,0,0,0,0,0,0,1,1
4,2,133,3,2,5,5950,0,0,0,1,1,0,0,0
4,2,158,4,1,45,1758,1,0,0,0,0,1,0,1
3,1,156,3,2,9,4278,0,0,1,0,0,1,1,0
4,5,134,10,2,5,4244,1,0,0,0,1,0,1,0
4,3,226,2,1,8,4526,1,0,0,0,0,1,0,0
5,2,263,4,1,3,1740,0,1,0,0,0,1,1,1
4,1,237,5,2,5,1154,0,1,0,0,0,1,1,1
3,4,200,3,2,49,2942,1,0,0,0,1,0,0,1
4,5,196,4,1,10,1694,0,0,0,1,0,1,1,1
3,3,219,6,1,10,1116,0,0,1,0,0,1,1,0
5,1,248,3,1,37,3830,0,1,0,0,0,1,1,1
4,4,140,8,2,2,5481,0,1,0,0,0,1,0,0
6,5,260,4,3,10,2756,0,0,0,0,1,0,1,1
4,5,219,2,3,4,4069,0,0,1,0,0,1,1,1
4,4,249,6,1,1,1398,0,0,0,0,1,0,0,1
5,1,162,3,2,1,5537,0,0,0,1,0,0,0,0
5,4,173,3,1,9,5432,0,0,1,0,1,0,1,0
3,4,199,3,2,3,4067,0,0,0,1,0,1,0,0
4,5,212,4,1,21,1014,1,0,0,0,0,1,1,1
6,2,271,10,2,2,4145,0,0,1,0,0,1,0,0
4,2,265,4,2,3,4120,0,0,0,1,0,1,0,1
5,1,242,5,2,8,1382,0,0,0,1,0,1,1,1
5,2,222,3,2,10,5644,0,1,0,0,1,0,1,1
4,5,198,6,2,6,5380,1,0,0,0,0,1,0,0
2,5,170,5,1,10,5621,0,0,1,0,1,0,0,1
2,1,163,3,1,3,5873,1,0,0,0,0,1,0,1
4,4,272,2,1,10,4826,0,1,0,0,0,1,1,1
3,5,193,3,2,4,5817,1,0,0,0,0,1,0,0
4,3,161,3,3,7,4799,0,1,0,0,0,1,0,1
6,1,256,4,1,7,1372,0,0,0,1,1,0,0,1
4,2,166,3,1,62,1944,0,0,0,0,0,1,1,1
2,2,310,3,1,1,1549,1,0,0,0,0,0,1,1
2,5,248,6,1,62,2750,0,0,0,1,0,1,0,1
3,2,257,2,2,8,4242,0,0,0,1,1,0,1,1
5,4,237,6,2,2,4541,1,0,0,0,0,1,1,0
3,2,236,2,2,2,4239,0,0,0,0,0,1,1,1
5,2,214,6,1,3,3234,1,0,0,0,0,1,0,1
5,5,261,5,2,9,5385,1,0,0,0,0,1,1,0
3,3,199,2,1,4,3553,0,0,1,0,1,0,1,1
4,1,132,2,2,1,5025,0,0,0,1,0,1,1,1
3,5,189,3,1,61,2203,0,1,0,0,1,0,0,1
5,3,146,3,1,41,1204,0,0,0,1,0,0,1,1
4,4,264,2,1,35,2336,0,0,0,1,0,1,1,1
3,1,235,10,1,7,2991,0,0,0,0,0,1,1,1
3,2,176,3,1,29,1953,0,0,0,1,0,1,0,1
4,4,141,3,1,22,1735,1,0,0,0,0,1,1,1
3,4,192,4,2,3,4030,0,0,1,0,1,0,1,0
3,4,151,4,2,1,4587,0,0,1,0,1,0,0,1
3,3,243,3,2,27,2052,0,0,0,1,0,1,0,1
5,5,141,3,3,41,1367,0,1,0,0,0,1,1,1
4,2,199,2,2,4,3351,0,0,0,1,0,1,0,1
3,2,269,2,2,1,4978,1,0,0,0,0,0,0,0
3,3,268,3,1,33,3872,0,0,1,0,0,0,0,1
3,5,251,3,2,59,3651,1,0,0,0,0,1,1,1
4,4,213,4,1,2,5857,0,0,0,1,0,0,1,1
6,4,271,4,1,6,1503,0,0,0,1,0,1,0,0
5,5,228,3,2,8,4731,0,0,0,0,0,1,0,1
5,5,141,3,1,4,4534,0,0,0,1,0,1,1,0
3,3,238,2,2,4,4206,1,0,0,0,0,1,0,0
3,3,150,3,1,5,5328,1,0,0,0,0,1,1,0
2,2,184,3,2,46,2484,0,1,0,0,0,0,0,1
4,5,260,3,1,10,4331,0,1,0,0,0,0,1,0
4,5,144,2,1,2,4978,0,1,0,0,0,1,1,0
5,2,156,4,1,8,5014,0,1,0,0,0,1,1,0
3,1,196,2,1,10,4141,0,1,0,0,0,1,1,1
5,1,186,2,3,52,3981,0,0,1,0,0,1,0,1
3,4,274,3,2,19,3076,0,0,0,1,0,1,1,1
2,5,147,2,2,8,5499,0,0,0,1,1,0,0,0
5,1,233,3,1,10,5289,0,0,0,0,0,1,1,0
4,2,223,3,3,5,4282,0,0,0,1,0,1,1,0
5,1,210,3,1,9,2944,1,0,0,0,0,1,0,1
5,2,249,3,1,9,5978,1,0,0,0,0,1,1,1
3,5,196,3,1,1,5303,0,1,0,0,0,1,1,1
4,4,229,2,1,9,5672,0,0,1,0,0,1,0,1
5,4,269,2,1,9,5517,0,0,0,0,0,1,0,0
4,4,206,3,2,33,2804,1,0,0,0,1,0,0,1
4,3,257,3,2,5,2489,0,0,0,1,0,1,1,1
3,5,214,8,3,50,3628,0,0,0,0,0,0,1,1
2,2,168,5,2,1,1885,0,0,1,0,0,1,0,1
5,3,236,4,2,7,4308,0,0,0,1,0,1,1,0
4,4,248,3,2,59,2868,1,0,0,0,1,0,1,1
3,2,220,3,1,7,5503,0,0,0,1,0,1,0,0
2,4,221,3,1,3,4076,0,1,0,0,0,1,0,0
5,3,201,2,1,4,3757,1,0,0,0,0,1,1,1
3,2,204,2,2,35,2090,0,0,1,0,1,0,0,1
5,2,225,3,2,29,2411,0,0,1,0,1,0,0,1
4,3,175,2,2,3,4961,0,0,1,0,0,1,1,1
5,1,241,5,1,5,1116,0,0,0,1,0,1,0,1
5,1,217,2,2,10,4264,0,1,0,0,0,1,0,0
4,2,252,6,2,2,5476,1,0,0,0,1,0,1,0
3,4,254,3,3,4,5830,0,0,0,0,0,1,1,1
4,2,142,2,2,5,4062,0,0,0,0,0,1,0,0
5,1,199,2,2,7,4660,0,0,0,1,1,0,1,1
2,4,121,5,1,32,1788,0,0,1,0,0,1,1,1
6,4,275,4,1,3,1182,0,0,1,0,0,1,0,0
3,1,135,2,1,7,5682,0,0,0,1,1,0,1,0
4,2,201,2,2,6,5729,0,0,0,1,0,1,1,0
4,1,200,2,1,9,4808,0,0,0,0,0,0,0,1
3,4,176,3,2,8,1567,1,0,0,0,0,0,0,1
4,3,244,3,2,8,3318,1,0,0,0,0,1,1,1
4,5,138,3,2,23,1785,0,0,0,0,0,1,1,1
3,3,193,3,2,29,3453,1,0,0,0,0,1,0,1
3,1,263,3,2,4,4616,0,1,0,0,0,0,1,0
3,5,107,5,1,4,5624,1,0,0,0,0,1,0,0
4,4,245,2,1,6,5772,0,0,0,0,0,1,1,0
4,2,275,6,2,9,1890,1,0,0,0,0,1,1,0
3,5,188,4,2,3,4033,0,1,0,0,0,1,1,0
4,1,254,5,2,3,1880,0,0,0,1,0,1,0,1
2,2,162,3,3,10,4489,0,0,0,1,0,1,1,1
5,2,137,3,1,6,4883,0,1,0,0,0,1,1,0
3,1,215,2,2,9,4940,1,0,0,0,0,1,0,0
4,1,152,5,2,8,5711,0,0,0,1,0,0,1,0
4,2,164,2,1,7,1116,0,0,1,0,1,0,0,0
6,1,157,6,1,1,4631,0,0,0,0,0,0,1,1
2,3,198,2,2,6,1730,0,0,1,0,0,1,0,1
5,5,177,2,3,31,2000,0,0,0,0,0,0,0,1
3,2,201,4,2,10,5565,0,0,1,0,0,1,1,0
4,3,275,3,1,3,4824,0,0,0,1,0,1,0,0
4,5,273,3,1,1,5043,0,0,0,0,0,1,0,1
5,3,206,4,3,1,4583,0,0,0,1,0,1,0,0
6,1,300,5,1,10,1787,0,0,1,0,0,1,0,0
5,2,249,6,1,8,5633,0,0,0,0,0,1,1,0
4,5,218,3,1,40,3200,0,0,0,0,1,0,0,1
3,1,131,6,2,8,5352,0,0,1,0,0,1,1,0
3,2,180,4,2,52,1329,0,0,0,0,0,0,1,1
3,1,132,2,2,2,4129,0,0,0,1,0,1,1,0
4,5,135,2,3,22,1195,0,0,0,1,1,0,0,1
3,5,157,4,2,26,1969,0,0,1,0,0,0,1,1
4,3,157,7,1,3,4878,0,0,0,1,0,1,0,1
3,5,171,3,2,5,4075,0,0,0,1,0,1,1,1
5,3,218,5,1,6,1278,0,0,0,1,0,0,0,1
3,1,224,3,1,45,3624,0,0,1,0,1,0,0,1
6,3,274,4,1,5,1452,0,0,0,1,0,1,0,0
3,5,173,2,1,14,1638,0,0,0,1,0,0,1,1
3,2,177,3,1,9,5427,1,0,0,0,0,1,0,0
6,4,217,5,1,7,3725,0,0,0,0,0,1,0,1
4,1,142,2,1,26,1683,0,1,0,0,0,1,1,1
3,4,164,6,2,4,5567,0,0,0,1,0,1,0,1
4,3,253,4,3,4,4868,1,0,0,0,0,1,1,1
5,2,280,3,3,8,5858,0,0,0,1,0,1,0,1
4,2,247,2,2,7,4955,0,1,0,0,0,1,1,1
4,2,219,4,3,2,4422,0,0,1,0,0,0,0,1
5,5,239,3,2,8,4975,1,0,0,0,0,0,1,0
4,2,252,2,2,6,5414,0,0,0,0,0,0,0,0
3,2,206,2,1,3,2261,1,0,0,0,0,1,1,1
4,3,247,3,3,1,5214,0,0,0,0,1,0,0,0
3,5,140,5,1,7,4370,1,0,0,0,0,0,1,1
4,3,167,3,2,5,5791,0,1,0,0,0,1,1,0
3,2,139,5,1,8,4595,0,1,0,0,0,1,1,0
7,1,269,4,2,4,1118,1,0,0,0,0,1,1,1
3,4,245,4,1,9,4139,0,0,0,1,0,1,1,0
5,2,244,6,1,7,1315,0,0,0,1,0,0,0,0
6,5,253,4,2,1,1977,0,1,0,0,0,0,1,0
4,3,247,2,2,3,4862,0,0,0,1,0,1,0,1
6,2,191,5,1,1,4314,0,0,0,1,0,1,1,0
6,2,290,5,2,8,1512,0,0,0,0,1,0,1,1
4,1,270,5,2,9,1280,0,0,0,0,0,0,1,1
4,1,272,2,1,8,5328,0,0,0,1,1,0,0,1
4,4,162,2,2,8,1386,1,0,0,0,0,1,1,1
4,1,167,3,1,57,1782,0,0,0,1,0,0,0,1
2,3,197,2,2,2,4277,0,1,0,0,0,1,0,0
5,2,261,5,2,9,1227,0,0,0,1,0,1,1,1
4,4,181,3,1,44,2070,1,0,0,0,0,1,1,1
3,1,213,2,1,6,4747,0,0,0,1,0,1,1,0
4,3,171,3,1,24,1304,0,0,0,0,0,0,0,1
4,3,272,3,2,38,3705,0,0,0,1,0,1,1,1
6,5,295,4,2,1,1159,0,1,0,0,0,1,1,0
4,5,209,2,1,8,4047,0,1,0,0,0,1,0,0
5,4,269,3,1,3,4489,0,0,0,1,0,1,0,0
5,1,255,6,1,3,1014,0,0,0,1,0,1,0,0
5,5,237,5,1,1,1526,0,0,0,0,0,1,0,0
2,3,192,2,1,31,2621,0,0,0,1,0,1,0,1
4,2,242,6,2,10,5655,1,0,0,0,0,1,0,1
4,3,228,4,1,61,3583,1,0,0,0,0,1,1,1
2,4,204,10,1,4,4679,0,0,0,1,0,1,0,1
4,2,266,3,2,4,4197,1,0,0,0,0,0,1,1
3,5,205,3,2,9,4565,0,0,0,0,0,1,0,1
5,1,261,5,1,5,1837,1,0,0,0,0,1,1,1
3,2,216,3,1,10,4083,0,0,0,1,0,1,0,0
4,4,149,2,2,9,4605,0,0,0,1,0,1,0,0
4,2,239,3,2,5,5978,0,0,0,1,0,1,0,0
2,2,225,7,3,9,4947,0,0,0,1,0,0,1,1
4,1,258,3,2,10,5916,0,1,0,0,0,1,1,0
4,3,237,6,1,8,5588,0,1,0,0,0,1,1,0
5,4,245,6,2,9,1660,1,0,0,0,0,1,1,0
6,2,168,2,1,3,5853,1,0,0,0,0,1,1,0
2,3,158,2,2,36,1788,0,1,0,0,0,1,0,1
5,1,176,4,1,1,4270,0,0,1,0,0,1,0,1
3,2,231,3,1,5,5046,1,0,0,0,0,1,0,0
2,5,277,3,2,6,1057,0,0,0,0,0,0,0,0
5,5,234,2,2,43,3822,0,0,0,1,0,1,0,1
7,2,254,4,2,9,1788,1,0,0,0,0,1,0,0
3,1,265,3,2,11,2194,0,0,0,1,0,0,1,1
4,5,240,3,1,5,5734,0,0,1,0,1,0,0,1
4,5,257,5,2,6,1008,1,0,0,0,1,0,1,0
3,1,107,3,3,13,1861,1,0,0,0,0,0,0,1
3,2,165,3,1,19,1111,1,0,0,0,0,1,0,1
4,3,169,6,2,3,5957,0,0,0,0,0,0,1,1
3,2,138,10,1,1,5721,0,0,1,0,0,1,1,1
3,4,220,3,2,5,5078,0,0,0,1,0,1,0,0
4,1,202,2,1,40,2327,0,1,0,0,0,1,1,1
6,3,232,5,3,10,4576,0,0,0,0,1,0,1,1
5,2,184,3,2,8,4581,0,0,0,1,0,1,0,0
5,2,144,3,1,49,1202,0,0,0,0,0,1,1,1
4,2,151,3,2,10,5698,0,1,0,0,0,1,1,0
5,1,143,3,2,3,4907,0,0,1,0,0,1,0,1
3,2,268,3,1,9,4215,0,0,0,1,0,1,1,0
5,3,267,6,1,8,1421,0,0,1,0,0,1,0,1
4,3,178,3,2,3,5669,0,0,0,1,0,0,1,0
6,2,290,4,2,9,1339,0,0,0,0,0,0,0,0
3,1,160,2,1,10,5642,0,0,0,1,1,0,0,1
3,1,150,2,2,46,1431,0,0,0,1,0,1,0,1
3,4,235,2,2,7,4013,0,0,0,1,0,1,1,1
4,3,186,3,2,9,5131,0,1,0,0,0,0,0,1
5,3,212,2,1,7,5219,1,0,0,0,0,1,0,0
5,5,240,2,1,2,5655,0,0,1,0,0,1,0,0
5,1,303,5,2,9,1203,0,0,0,0,0,0,0,0
3,4,229,2,1,51,2628,0,0,0,0,0,0,1,1
5,1,126,5,2,2,5659,0,1,0,0,0,1,0,1
3,3,227,3,2,3,5644,0,0,1,0,1,0,1,0
3,2,185,2,3,49,3864,0,0,0,0,1,0,0,1
4,1,263,5,1,3,1777,0,1,0,0,0,1,1,0
3,3,168,4,1,2,4541,0,0,0,1,0,0,0,1
7,3,279,4,2,8,1060,0,0,0,1,1,0,1,0
3,5,161,3,2,10,1978,0,0,1,0,1,0,0,1
2,3,225,7,3,7,4009,1,0,0,0,1,0,1,1
5,5,275,3,1,9,1691,0,0,0,1,1,0,0,1
4,3,170,2,1,2,5607,0,0,0,0,0,0,1,0
3,3,275,4,2,6,4687,0,1,0,0,0,1,1,1
2,1,248,6,1,2,5182,0,1,0,0,0,1,0,0
3,2,257,2,1,9,5085,1,0,0,0,0,0,0,1
6,4,289,4,1,1,1656,0,1,0,0,1,0,0,0
3,4,198,2,2,20,2266,0,0,0,0,0,1,0,1
3,4,172,2,1,5,5919,0,1,0,0,0,1,1,0
3,1,158,5,1,4,1171,1,0,0,0,0,1,1,1
3,1,182,3,1,2,5760,0,1,0,0,1,0,1,0
3,3,218,3,2,6,5288,0,0,1,0,0,1,1,1
3,1,231,6,2,64,3627,0,0,1,0,0,0,0,1
3,1,247,4,1,8,5376,0,0,1,0,0,1,0,1
2,2,259,3,1,6,4840,0,0,0,1,0,1,1,1
5,4,240,4,2,2,5215,0,0,0,1,0,0,0,0
4,2,174,3,2,10,4318,0,0,0,0,0,1,0,0
3,5,267,2,2,4,4703,0,1,0,0,0,1,1,0
3,4,150,3,2,47,1511,0,0,0,1,0,1,1,1
4,3,265,2,2,31,2326,1,0,0,0,1,0,0,1
5,5,253,6,2,59,2627,0,0,1,0,0,1,1,1
2,3,198,2,2,28,3514,0,0,0,1,0,0,1,1
5,5,216,2,3,33,3202,1,0,0,0,0,0,1,1
5,1,245,3,1,6,4343,0,0,0,1,0,1,1,1
4,4,222,4,2,6,4733,0,0,1,0,0,1,1,0
6,3,113,2,2,4,5130,0,0,1,0,1,0,0,1
3,2,231,4,2,48,3370,1,0,0,0,0,1,1,1
6,1,260,3,1,4,1338,0,1,0,0,0,1,0,1
3,1,202,3,1,51,3551,0,0,0,1,0,1,0,1
4,1,173,2,2,8,4893,1,0,0,0,0,1,0,0
6,2,291,4,1,9,1241,0,0,0,0,0,1,1,1
4,4,170,3,2,4,4062,1,0,0,0,0,1,1,0
2,2,157,2,2,9,5875,0,0,0,0,0,1,1,0
3,5,244,5,2,10,4163,1,0,0,0,1,0,0,0
4,5,213,3,1,7,4490,1,0,0,0,1,0,0,0
3,4,266,2,3,55,2779,0,0,0,1,0,1,0,1
5,2,172,2,3,1,5112,1,0,0,0,0,1,0,0
2,3,134,3,1,6,4444,0,0,0,1,0,1,1,1
4,2,238,2,1,1,5229,0,0,0,1,0,0,1,0
3,1,221,3,1,64,2794,0,0,1,0,0,1,0,1
4,2,238,3,1,28,1915,0,0,1,0,0,1,0,1
3,4,172,10,3,23,1875,0,0,1,0,0,1,0,1
6,5,258,4,1,5,1966,1,0,0,0,0,1,1,1
5,1,195,6,1,29,1039,0,0,0,1,0,1,0,1
4,4,254,5,1,9,1654,0,0,0,0,0,1,1,1
4,5,220,3,2,1,4912,0,0,0,0,0,1,0,1
5,2,243,3,1,8,4133,0,0,1,0,0,1,0,1
3,3,261,3,2,14,3479,0,0,0,1,0,1,1,1
4,5,154,3,2,9,5208,0,0,0,0,0,0,0,0
3,2,211,3,3,7,4145,0,0,1,0,0,1,1,1
4,3,158,3,2,57,1911,0,0,0,1,0,0,0,1
3,3,253,3,2,5,4754,0,0,0,0,0,1,1,1
4,1,174,3,1,8,5549,0,1,0,0,0,0,0,0
4,4,149,3,1,8,5658,0,1,0,0,0,1,0,1
6,1,289,4,1,3,1181,0,0,0,0,0,1,1,1
5,5,187,4,2,9,5326,0,0,0,1,1,0,0,0
5,4,191,3,3,7,4435,1,0,0,0,0,1,0,1
6,5,286,4,1,9,1282,0,0,1,0,0,1,1,1
4,1,237,4,2,22,2231,0,0,0,0,0,1,0,1
2,1,180,3,1,2,4615,0,1,0,0,0,1,1,1
6,1,271,4,1,9,1302,0,0,0,0,0,1,0,0
4,5,223,5,2,4,4704,0,0,0,0,0,1,1,0
6,3,277,4,2,6,1433,0,0,1,0,0,1,0,0
3,4,245,10,2,1,5363,0,0,1,0,0,1,1,0
6,5,282,4,2,3,1385,0,0,0,1,1,0,1,0
4,3,145,3,1,5,5802,0,1,0,0,0,1,0,1
4,2,160,3,1,5,4492,0,0,1,0,0,1,1,0
3,3,265,4,1,47,2557,0,0,0,1,0,1,1,1
6,1,281,4,2,2,1592,0,0,1,0,0,1,1,0
5,4,200,3,2,24,2078,0,0,0,0,0,1,1,1
5,4,229,2,2,9,3667,1,0,0,0,0,0,1,1
6,4,253,4,2,6,1961,0,0,0,1,1,0,0,0
3,3,141,3,1,7,4954,0,0,0,1,0,1,0,1
3,4,254,2,2,44,3786,0,0,1,0,0,1,0,1
3,4,195,2,1,5,4660,0,0,1,0,0,1,0,1
4,4,225,5,1,5,5060,0,0,0,0,0,0,1,1
6,3,244,5,2,5,1092,0,0,0,1,0,1,0,0
4,3,220,3,1,6,4894,0,1,0,0,0,1,0,1
3,5,159,3,2,1,4314,0,0,0,1,0,1,0,1
4,4,261,3,3,9,5515,0,0,0,1,0,1,1,0
4,1,167,3,1,42,1197,1,0,0,0,0,0,1,1
2,1,113,5,1,9,1957,0,1,0,0,1,0,0,1
4,3,242,2,2,2,5879,0,0,0,1,0,1,1,0
3,4,149,3,2,3,4540,0,0,0,1,0,0,0,0
4,1,230,3,2,40,2225,0,0,1,0,0,1,1,1
3,2,151,2,1,26,1793,0,0,0,1,1,0,1,1
3,4,136,3,2,2,4524,0,0,0,1,0,1,1,1
3,3,254,2,3,17,3153,0,0,1,0,0,1,1,1
3,2,140,2,3,7,1401,1,0,0,0,1,0,0,1
5,1,258,3,3,3,4908,0,1,0,0,1,0,1,0
7,3,274,5,1,9,1764,0,0,0,1,1,0,0,0
4,5,246,3,2,7,4956,0,1,0,0,0,1,0,0
5,3,274,3,2,54,2905,0,1,0,0,0,1,0,1
5,3,169,2,1,8,5352,0,0,1,0,0,1,1,1
3,5,221,3,2,7,4741,0,0,0,1,0,1,1,1
6,4,270,4,1,10,1698,0,0,1,0,0,0,0,0
2,1,210,2,2,6,5250,0,1,0,0,0,1,0,0
4,4,247,2,2,6,5833,1,0,0,0,0,1,0,1
3,1,250,3,2,8,5509,0,0,0,1,0,0,0,0
5,4,193,3,1,55,2758,0,0,0,1,0,1,1,1
3,3,124,3,2,59,1959,0,0,1,0,0,1,1,1
6,4,275,4,1,10,1266,1,0,0,0,0,1,1,1
5,2,231,2,2,55,3894,0,0,0,1,0,0,0,1
6,3,273,5,1,8,1746,0,0,0,0,0,1,1,1
4,4,150,4,1,5,1263,0,0,0,1,1,0,1,1
3,1,101,5,1,3,4807,0,0,0,0,0,1,0,0
5,3,242,5,1,10,1846,0,0,0,1,0,1,0,1
5,5,204,5,2,10,4251,0,0,1,0,0,1,0,0
3,5,171,3,2,24,1300,0,1,0,0,0,1,0,1
5,1,255,4,2,9,4881,0,0,1,0,0,0,1,1
5,5,156,3,1,5,5398,0,0,0,1,1,0,0,1
4,2,201,3,2,39,2066,0,1,0,0,0,1,0,1
4,3,170,4,2,9,4375,0,0,0,0,0,1,0,0
3,1,180,3,3,21,1047,0,0,0,0,1,0,0,1
3,5,169,3,1,4,5659,0,1,0,0,0,0,0,0
4,5,242,2,2,2,4806,0,0,0,1,0,1,0,1
2,2,226,3,1,5,5875,0,1,0,0,0,1,1,0
5,2,233,3,1,5,5756,0,0,0,1,0,1,0,1
3,1,132,4,2,58,1067,0,0,0,0,1,0,1,1
4,4,233,3,1,5,5421,0,0,0,0,0,1,0,0
2,3,146,3,2,18,1289,0,1,0,0,0,1,1,1
5,2,172,2,1,9,1097,0,0,0,1,0,1,1,0
5,2,152,3,1,4,4770,0,0,0,1,1,0,0,1
5,4,251,2,1,3,5347,0,0,0,1,1,0,0,1
3,3,250,3,2,9,2752,1,0,0,0,0,1,1,1
7,5,133,5,1,3,1544,0,0,0,1,1,0,0,1
5,2,223,5,1,5,1010,1,0,0,0,0,0,0,1
4,1,258,5,1,8,1306,1,0,0,0,0,1,1,0
4,1,258,2,1,56,3186,0,0,1,0,0,0,0,1
5,3,231,3,2,2,4735,0,0,0,0,0,1,0,0
6,4,195,5,3,10,4225,0,0,0,1,0,1,0,0
4,2,225,3,1,52,3189,1,0,0,0,0,1,1,1
4,3,236,2,3,23,3123,0,0,1,0,1,0,1,1
5,3,230,3,2,4,4914,0,0,0,0,1,0,1,1
2,5,193,5,2,13,2882,1,0,0,0,0,0,0,1
4,3,197,3,1,20,3617,0,0,0,1,0,1,0,1
4,4,263,3,2,8,5475,0,1,0,0,0,1,0,0
3,1,252,3,3,6,5101,0,0,0,1,0,1,0,0
3,3,101,2,2,9,4860,0,0,0,1,0,1,1,0
5,5,105,4,1,6,5135,0,0,0,0,0,0,1,1
6,5,301,4,2,2,1943,0,0,1,0,0,1,0,0
3,2,167,3,2,5,5995,0,0,0,0,0,1,1,1
4,4,156,2,1,7,5017,0,1,0,0,0,1,1,0
3,4,142,2,2,7,5346,0,1,0,0,0,1,0,0
4,1,180,3,2,27,1551,0,1,0,0,0,1,1,1
3,5,144,4,2,5,1104,0,0,0,0,0,1,1,1
3,2,254,2,1,1,4334,0,0,1,0,0,1,1,0
3,2,220,3,1,8,5032,0,0,1,0,0,0,1,1
6,1,174,10,2,1,5784,0,0,0,1,1,0,0,1
4,1,238,5,2,3,1913,1,0,0,0,1,0,0,0
3,4,261,2,1,1,5844,0,0,0,1,0,1,0,0
3,3,145,3,2,8,4522,0,0,1,0,0,1,0,0
3,1,223,4,1,1,4195,0,1,0,0,0,1,1,0
4,4,263,2,2,2,5797,0,0,0,1,0,0,1,1
3,4,199,3,2,1,4490,0,1,0,0,1,0,1,1
3,1,244,3,3,7,5140,0,1,0,0,0,1,1,1
2,2,167,2,2,3,5894,0,0,0,1,0,0,0,1
4,4,237,3,2,4,4747,0,0,0,0,0,0,1,1
5,1,151,2,2,30,1377,1,0,0,0,0,0,0,1
4,5,239,5,1,7,1001,1,0,0,0,0,1,0,1
3,5,208,3,1,1,4803,0,0,0,1,0,0,1,0
3,4,175,3,2,10,4771,0,0,0,1,0,1,1,1
6,2,191,6,2,7,5333,0,1,0,0,1,0,1,1
4,5,202,3,1,38,2651,0,0,0,0,0,1,0,1
4,3,245,6,1,3,1155,1,0,0,0,0,1,0,0
6,2,232,3,2,7,5219,0,0,1,0,0,1,0,1
3,1,203,4,2,12,2779,0,0,1,0,0,1,1,1
4,3,174,3,1,3,4846,0,0,0,1,1,0,0,1
3,4,178,2,1,35,1183,0,0,0,0,0,1,0,1
5,1,187,4,3,14,3849,0,1,0,0,0,1,1,1
5,1,205,2,1,3,5682,0,0,0,0,0,1,0,1
4,3,180,3,2,4,5471,0,0,0,1,1,0,1,0
3,2,254,2,2,2,3239,0,0,1,0,0,1,0,1
3,2,143,4,1,3,5845,0,0,0,0,0,1,0,0
4,3,204,3,1,30,3774,0,0,0,1,0,1,1,1
3,1,237,3,2,4,5860,0,0,0,1,0,1,0,0
5,3,204,2,1,40,2181,0,0,0,0,1,0,1,1
4,1,240,2,1,14,2437,0,0,1,0,0,1,1,1
6,2,282,4,2,8,1553,0,0,0,0,0,1,1,0
6,1,231,4,2,23,2455,0,0,1,0,0,0,0,1
3,2,181,4,1,18,3696,0,1,0,0,0,0,0,1
4,3,171,6,2,9,1909,1,0,0,0,0,1,0,1
4,5,188,3,1,38,3031,0,0,1,0,0,1,1,1
4,3,206,2,2,4,5194,0,0,1,0,0,1,0,1
2,2,156,3,1,5,5628,0,0,1,0,0,1,0,1
4,4,207,3,2,1,4019,0,0,0,1,0,1,0,0
3,4,266,2,2,38,2741,0,0,1,0,0,1,0,1
3,5,274,3,2,5,4710,0,0,1,0,0,1,1,1
6,4,293,6,1,7,1117,0,0,1,0,0,1,0,1
3,4,196,4,1,5,4749,0,0,0,1,0,0,1,1
4,5,146,4,1,25,1606,0,1,0,0,0,1,0,1
4,5,137,2,1,7,4068,0,0,0,1,0,0,1,0
4,4,213,2,1,27,2938,0,1,0,0,0,1,0,1
5,2,182,3,1,10,4128,0,0,0,1,0,1,0,1
4,5,296,2,2,1,1678,0,0,0,1,0,1,1,0
6,1,302,4,1,1,1622,0,1,0,0,1,0,0,1
4,3,271,4,1,24,3499,1,0,0,0,0,1,0,1
4,2,261,2,2,7,5764,1,0,0,0,0,1,1,0
6,1,282,4,1,7,1758,0,0,0,0,0,1,1,0
2,5,209,5,2,9,5565,0,0,1,0,0,1,0,0
4,1,213,4,3,35,2343,0,1,0,0,0,1,0,1
5,3,260,5,2,8,1001,1,0,0,0,0,0,1,0
3,2,180,2,1,53,1853,1,0,0,0,1,0,1,1
4,4,133,4,3,10,5296,0,0,0,1,0,1,0,0
3,4,171,3,2,5,4310,0,0,0,1,0,0,0,1
5,4,215,2,1,1,5669,0,0,0,0,0,1,0,0
5,3,131,8,1,5,4149,0,0,0,0,0,1,0,1
3,1,263,3,1,25,3689,0,0,0,1,0,1,1,1
3,4,144,3,2,8,5867,0,0,1,0,1,0,1,1
5,5,246,5,1,6,1911,0,0,0,0,0,1,0,0
3,4,180,2,2,49,1942,0,0,0,0,0,1,0,1
2,4,257,6,1,5,3986,0,0,0,1,1,0,1,1
3,2,219,4,1,6,4314,0,0,0,1,0,0,0,1
3,3,192,7,3,25,2152,0,0,0,1,0,0,0,1
6,1,309,4,2,10,1904,0,1,0,0,0,1,0,1
2,4,172,5,1,4,4668,0,0,1,0,0,1,1,0
4,1,154,2,1,1,5578,0,0,0,1,0,1,1,0
5,2,254,6,1,5,1951,0,0,0,1,1,0,0,0
3,4,190,10,2,32,2064,0,0,0,1,0,0,0,1
3,4,181,3,1,10,5276,0,0,0,1,0,0,1,1
4,4,152,3,1,8,4430,1,0,0,0,0,1,1,0
3,2,254,2,1,37,2469,0,1,0,0,1,0,1,1
3,4,185,2,1,62,2849,1,0,0,0,0,1,0,1
3,2,169,3,1,3,5673,0,0,1,0,0,1,0,0
3,1,257,2,2,2,5815,0,1,0,0,0,1,0,0
5,4,257,3,2,3,4895,0,1,0,0,1,0,0,1
3,1,166,2,1,7,4375,0,0,0,0,0,0,0,0
4,2,262,3,1,2,4015,0,0,1,0,0,1,1,0
3,1,156,3,2,1,1517,0,1,0,0,0,0,0,1
5,2,181,3,1,7,5875,0,0,0,0,0,1,1,0
5,5,154,3,2,50,1389,0,0,1,0,1,0,0,1
4,4,251,3,2,9,5350,0,0,1,0,0,1,0,1
3,3,253,3,3,1,4263,0,0,0,1,0,1,1,1
3,3,255,2,2,3,2894,0,0,1,0,1,0,1,1
3,2,135,7,2,8,4901,0,0,1,0,0,0,1,0
4,4,201,2,2,8,5790,0,0,0,0,0,1,0,0
3,5,270,3,3,1,4078,0,0,0,0,0,1,1,1
3,1,213,3,3,6,5535,0,0,0,0,0,1,0,0
5,2,116,5,3,56,1130,0,1,0,0,0,0,0,1
5,3,149,3,2,43,1005,0,0,1,0,0,1,0,1
5,5,177,4,2,2,4873,1,0,0,0,0,1,0,0
6,5,210,5,3,37,3236,0,0,0,1,0,1,1,1
3,4,201,2,1,8,4394,0,0,0,1,0,1,0,0
6,4,138,3,2,4,4225,0,0,1,0,0,1,0,0
4,5,267,4,1,20,3132,0,0,0,1,0,1,1,1
4,3,171,5,1,2,5242,1,0,0,0,0,1,0,1
6,4,136,3,1,2,1187,0,0,0,1,1,0,1,0
2,4,252,4,2,4,4787,0,0,1,0,0,1,1,0
2,3,248,4,3,2,4521,0,1,0,0,0,1,0,0
4,4,121,5,1,8,4233,0,0,1,0,0,1,0,1
3,4,273,3,3,8,4530,0,0,1,0,0,1,0,1
3,3,236,2,2,58,3360,0,0,0,1,1,0,0,1
5,5,213,3,2,5,5247,0,0,0,0,0,0,1,0
4,2,183,2,1,8,4921,1,0,0,0,0,1,0,0
4,2,229,3,1,6,5691,0,1,0,0,0,1,0,1
3,5,256,2,2,6,5375,0,1,0,0,0,1,0,0
3,1,146,5,1,10,1737,0,0,0,0,1,0,1,0
3,3,158,3,1,2,5205,0,0,1,0,1,0,0,1
5,3,121,2,2,4,5231,0,0,0,1,0,1,0,1
7,2,272,4,2,9,1188,0,1,0,0,0,1,1,1
3,1,167,2,1,1,5749,0,0,1,0,0,1,1,0
4,2,258,3,2,9,4977,0,1,0,0,0,1,0,1
4,1,160,2,3,65,1861,0,0,0,1,0,1,0,1
5,2,228,5,1,6,1726,0,1,0,0,0,1,1,1
7,5,289,4,1,10,1385,0,0,0,0,0,0,1,0
4,5,164,3,3,7,4657,1,0,0,0,1,0,1,0
5,1,202,4,1,2,5748,1,0,0,0,0,0,0,0
6,2,279,4,1,1,1150,0,0,0,1,0,1,1,1
3,5,134,3,1,10,4693,0,0,1,0,1,0,0,0
3,5,190,3,2,4,5069,0,0,0,1,0,0,1,0
7,4,281,4,1,9,1970,0,1,0,0,0,1,1,0
4,4,181,4,1,4,5767,0,0,0,1,0,1,1,0
3,4,213,2,2,6,5374,0,0,0,0,0,1,0,1
5,2,203,2,2,2,4712,0,1,0,0,0,1,0,1
3,1,160,3,1,57,1833,0,0,0,1,0,1,1,1
3,3,189,3,3,9,4278,0,0,1,0,1,0,1,1
5,3,243,3,2,10,4524,0,0,0,1,0,1,0,1
4,1,193,3,1,3,5919,0,1,0,0,0,1,0,0
3,3,168,4,1,4,4096,0,0,0,1,0,1,0,1
4,4,196,5,1,6,4258,0,0,0,1,0,0,0,0
2,5,233,3,1,9,4751,0,1,0,0,0,1,1,1
4,2,185,3,1,1,4786,0,0,0,1,0,1,1,0
4,1,261,4,1,58,3427,0,0,1,0,0,1,0,1
3,4,260,4,2,10,5425,0,0,0,1,0,1,1,0
7,3,305,4,2,6,1167,0,1,0,0,0,1,0,0
3,5,213,2,1,39,2857,0,0,0,1,0,1,0,1
3,5,213,4,2,9,5550,1,0,0,0,1,0,1,1
4,4,238,4,3,1,5702,0,0,0,1,1,0,1,1
7,4,264,4,2,6,1265,0,0,0,1,0,0,1,0
3,5,151,2,1,3,5039,0,0,0,1,0,1,1,0
4,3,208,2,2,1,5826,0,1,0,0,0,0,0,0
3,1,209,2,3,1,5779,0,0,0,0,1,0,0,1
3,4,252,2,1,6,4630,0,0,1,0,0,1,1,1
5,1,193,4,2,10,5280,0,0,0,0,0,1,0,0
5,5,247,3,1,1,5226,1,0,0,0,0,1,1,0
5,3,226,2,3,6,5033,0,0,0,1,0,1,0,0
4,4,280,5,1,3,5034,0,0,0,0,0,1,0,0
2,1,207,4,1,1,5742,1,0,0,0,0,1,1,0
6,4,253,2,1,9,5972,0,0,0,1,1,0,0,0
5,3,262,5,1,7,4157,1,0,0,0,0,1,1,0
3,3,249,3,2,51,2173,1,0,0,0,1,0,1,1
5,5,265,3,1,3,5637,0,0,0,1,0,1,1,0
4,1,241,3,2,61,3812,0,0,0,0,1,0,0,1
3,2,144,3,3,9,4428,0,0,0,1,1,0,0,1
3,3,147,3,1,4,5805,0,1,0,0,0,1,1,0
3,2,204,2,3,2,5526,0,0,0,1,0,1,0,0
4,5,210,4,1,3,5432,1,0,0,0,1,0,1,1
4,5,229,5,1,3,1954,0,0,0,0,1,0,0,0
3,5,270,3,2,5,4843,0,0,0,0,0,1,1,1
4,4,181,3,2,9,4425,1,0,0,0,0,1,0,1
3,3,234,3,1,8,4839,0,0,0,0,0,1,0,1
2,1,177,4,1,63,1058,0,1,0,0,0,1,1,1
3,1,176,3,1,7,4276,0,0,0,1,0,1,0,0
3,1,273,6,1,9,1198,0,0,1,0,0,1,0,1
4,5,249,2,2,10,4562,0,0,0,1,0,1,0,0
4,5,262,4,1,16,2871,1,0,0,0,0,1,1,1
3,5,254,3,2,3,4072,0,0,1,0,0,1,1,0
3,3,197,3,2,8,4568,0,1,0,0,0,0,1,0
5,2,174,2,2,54,1091,1,0,0,0,0,1,1,1
3,5,241,3,2,10,5099,0,0,0,1,1,0,1,1
3,1,241,3,2,9,5184,0,0,0,1,0,1,1,0
3,3,176,3,2,9,5575,0,1,0,0,1,0,1,0
3,5,286,6,2,3,4424,0,0,0,1,0,1,1,0
4,5,190,3,2,6,4671,0,0,1,0,0,1,1,1
6,2,282,4,2,9,1385,0,0,0,1,0,0,0,0
5,2,152,3,3,5,5502,1,0,0,0,1,0,0,1
2,5,238,4,2,9,4086,0,0,1,0,0,1,1,0
7,2,229,3,1,43,1793,0,1,0,0,0,1,0,1
7,1,280,5,1,10,1199,0,0,1,0,0,0,1,1
4,2,238,3,1,30,3423,1,0,0,0,0,0,1,1
3,1,202,2,3,52,2312,0,0,0,1,1,0,1,1
4,2,266,3,2,2,5252,1,0,0,0,0,1,0,1
5,4,263,3,2,59,3978,0,0,1,0,0,0,1,1
4,4,150,2,2,3,1285,0,0,0,1,0,1,1,1
4,5,227,4,1,20,2217,0,0,0,1,0,0,0,1
6,5,174,3,2,32,1921,1,0,0,0,0,1,0,1
4,2,246,3,1,7,5616,0,0,0,1,0,0,0,0
4,4,146,3,2,6,4672,0,0,0,1,0,0,0,1
3,2,173,3,3,60,1582,0,0,0,0,0,0,1,1
5,4,193,3,2,3,4559,0,0,1,0,0,1,1,0
3,2,177,4,1,3,4199,0,0,0,0,0,1,0,1
6,3,304,4,1,3,1752,0,0,0,1,0,1,1,1
3,1,133,3,1,9,5724,1,0,0,0,1,0,0,0
5,2,269,2,2,9,5672,0,0,0,1,0,1,0,0
5,5,222,3,2,5,4949,0,0,0,0,0,0,1,0
4,2,252,3,2,8,4262,0,1,0,0,0,1,1,1
4,5,152,7,1,9,4224,0,0,0,1,0,0,1,0
6,4,271,4,2,8,1867,0,0,0,0,0,1,1,0
5,5,104,4,3,9,5652,0,0,0,1,0,1,0,0
5,2,239,5,2,6,1365,1,0,0,0,0,1,0,1
3,4,154,2,3,2,4998,0,1,0,0,0,1,0,0
3,3,225,4,1,10,5690,0,1,0,0,0,1,1,0
3,2,211,4,3,1,5831,1,0,0,0,0,1,1,1
4,5,244,3,2,3,5857,0,0,0,0,1,0,1,1
2,4,194,6,2,39,3770,0,1,0,0,0,1,0,1
5,5,232,7,2,6,5139,0,0,0,1,0,1,1,0
4,5,198,2,2,51,2820,0,0,0,1,0,1,1,1
3,5,241,3,1,2,4976,0,0,1,0,0,1,1,1
4,4,185,3,1,13,2080,1,0,0,0,0,1,1,1
4,1,209,3,1,7,4808,0,0,0,1,0,1,0,1
5,1,187,4,2,8,5164,0,0,0,1,0,1,0,0
4,3,243,3,2,1,5021,1,0,0,0,0,1,1,0
6,2,292,4,2,2,1149,0,0,1,0,0,1,1,1
3,4,260,4,3,17,2666,0,0,0,1,0,1,1,1
4,5,189,2,1,15,2457,0,1,0,0,1,0,0,1
6,5,157,5,1,10,1133,1,0,0,0,0,1,0,0
6,3,272,4,1,5,1355,0,0,0,1,0,1,1,1
4,4,172,3,2,1,4201,0,1,0,0,0,1,0,0
5,1,203,3,1,2,4162,1,0,0,0,1,0,0,1
5,2,243,3,3,2,5734,0,0,0,1,0,1,1,1
2,3,128,2,2,53,1530,0,0,1,0,1,0,0,1
3,5,144,2,2,2,4629,1,0,0,0,0,1,1,1
4,2,134,3,2,1,4064,0,1,0,0,0,0,0,1
5,4,111,5,2,42,1587,0,0,0,0,0,0,0,1
6,5,244,4,2,6,1185,0,0,1,0,0,1,0,0
3,4,134,3,2,9,4230,0,0,1,0,1,0,0,1
4,3,153,7,2,4,4499,0,0,0,1,1,0,0,1
5,5,228,5,1,6,4506,0,0,0,1,0,1,0,0
7,5,273,4,1,7,1364,0,1,0,0,0,1,0,0
3,4,197,3,2,56,3427,0,0,1,0,0,1,0,1
5,3,171,3,2,7,4994,1,0,0,0,0,0,0,0
4,5,207,2,1,3,5270,1,0,0,0,0,1,0,1
3,5,143,2,1,6,4253,0,0,0,0,0,1,0,0
4,2,212,3,2,3,5427,0,1,0,0,0,1,1,1
5,5,224,8,1,48,2627,0,0,0,1,0,1,0,1
4,1,225,2,2,10,4577,0,1,0,0,0,1,0,1
4,5,147,2,1,17,1057,0,0,0,1,0,1,1,1
3,1,109,6,1,6,5457,0,0,0,1,0,1,0,1
3,2,236,3,2,8,5783,0,0,0,1,1,0,1,0
6,3,276,4,1,6,1670,0,1,0,0,0,0,1,1
4,1,233,4,1,2,1809,0,0,0,1,0,1,1,0
2,2,203,4,2,10,5764,1,0,0,0,0,1,1,0
3,4,243,2,2,1,5840,0,0,0,1,0,1,1,1
6,4,291,4,1,5,1112,0,1,0,0,0,1,0,1
3,1,257,2,1,45,3496,0,0,0,1,0,0,0,1
3,3,270,3,1,7,4152,0,0,0,1,0,0,1,0
4,4,217,3,3,26,2875,0,1,0,0,0,1,0,1
4,4,270,3,1,4,5888,0,0,1,0,0,1,0,0
3,1,255,7,1,3,4477,0,1,0,0,0,0,0,0
6,4,299,4,1,9,1527,0,0,0,1,0,1,1,0
4,1,190,4,2,5,5570,0,1,0,0,0,0,0,1
6,4,151,3,1,10,5414,0,0,0,1,0,1,0,1
2,1,148,2,1,10,5939,0,0,1,0,0,1,1,1
3,5,230,3,1,49,3477,1,0,0,0,1,0,0,1
4,2,260,3,1,4,5504,1,0,0,0,0,1,1,1
5,2,270,3,1,3,5266,0,0,1,0,0,1,1,1
4,5,270,3,2,2,5272,1,0,0,0,0,1,0,0
6,4,221,5,1,9,4360,1,0,0,0,0,1,1,0
4,2,194,3,1,3,5174,0,0,1,0,0,0,0,0
2,5,164,4,2,2,1439,0,1,0,0,0,1,1,1
5,5,249,4,2,2,1727,0,1,0,0,0,1,1,1
5,4,165,3,1,20,1150,0,0,0,1,0,0,0,1
5,5,192,2,1,10,5564,0,0,1,0,0,1,1,0
3,2,206,3,3,1,4431,0,0,0,0,0,1,0,1
5,4,154,2,1,5,5528,0,0,0,1,0,1,0,0
2,4,136,6,2,58,1479,0,0,0,0,0,1,1,1
7,2,305,4,2,7,1813,0,0,0,1,0,1,1,0
3,1,231,3,1,1,5392,0,0,0,0,0,1,1,1
4,3,198,3,2,1,5846,1,0,0,0,0,1,0,1
4,4,233,2,3,1,5320,0,0,0,1,0,1,0,0
4,5,247,2,2,18,2404,0,0,0,1,0,1,0,1
4,3,151,3,2,8,4025,1,0,0,0,0,1,0,1
5,1,229,6,1,9,1883,0,0,0,1,0,1,1,1
4,2,163,3,1,27,1639,0,0,0,0,1,0,0,1
3,1,266,3,1,6,4010,0,0,0,1,0,1,1,0
6,5,294,4,2,2,1273,0,0,0,1,0,1,0,1
7,5,265,4,1,9,1393,1,0,0,0,0,1,0,0
3,1,209,3,1,20,3181,0,1,0,0,1,0,0,1
7,5,253,4,1,10,1166,0,0,0,1,0,1,1,1
2,2,135,3,1,15,1339,0,1,0,0,0,1,1,1
2,5,284,3,2,6,4575,0,0,1,0,0,1,1,0
4,5,248,4,3,56,2840,0,0,0,0,0,1,0,1
4,3,218,3,3,57,3311,0,0,0,1,0,1,0,1
6,3,301,4,1,2,1083,0,0,0,1,0,1,0,0
5,1,182,2,2,23,2707,0,0,0,1,0,0,0,1
4,4,159,3,1,9,4265,1,0,0,0,0,1,1,1
5,1,174,3,1,10,4008,1,0,0,0,0,1,1,0
5,2,249,3,2,6,5212,0,0,0,1,0,1,1,0
3,5,181,3,2,22,3575,0,1,0,0,0,1,1,1
4,2,238,2,1,2,4002,0,0,0,0,0,1,0,0
4,3,261,3,1,9,5994,0,1,0,0,0,1,0,1
5,5,131,5,1,1,5299,0,1,0,0,0,0,0,1
4,1,178,3,2,9,1006,0,0,0,1,0,1,1,1
6,2,282,4,2,6,1674,0,0,0,1,0,1,1,0
5,3,280,3,3,2,5273,0,0,0,1,1,0,1,0
4,2,268,2,2,8,4219,0,0,0,1,0,1,0,0
3,2,159,2,2,8,4326,0,0,0,0,0,1,1,0
3,2,270,3,2,9,5873,1,0,0,0,0,1,1,1
5,5,264,3,2,27,2019,0,0,0,0,0,1,0,1
3,4,247,4,1,59,2939,1,0,0,0,0,1,1,1
3,3,136,3,1,10,5175,0,1,0,0,1,0,1,0
4,2,116,3,1,2,5602,1,0,0,0,0,0,0,1
3,3,129,3,3,7,5197,0,0,0,1,0,1,1,1
4,3,176,2,1,6,5149,0,0,0,1,1,0,0,1
3,1,146,2,1,54,1528,0,0,0,0,0,1,0,1
5,2,226,6,1,5,1981,0,0,1,0,0,1,0,1
3,4,195,7,2,9,5829,0,0,1,0,1,0,0,0
3,4,160,3,1,10,4602,0,1,0,0,1,0,1,0
5,3,242,5,2,5,1820,0,0,0,1,0,1,0,0
4,4,184,3,2,2,4124,0,0,0,1,0,1,0,1
2,2,169,3,2,4,5485,0,0,1,0,0,1,0,1
3,4,179,3,3,57,1582,0,0,0,0,0,1,1,1
5,2,154,3,1,40,1238,0,0,0,0,1,0,1,1
4,2,243,2,2,6,4573,0,0,0,0,0,0,0,0
4,5,240,6,2,9,5498,0,1,0,0,0,1,0,1
4,5,251,5,2,7,1381,0,0,1,0,0,1,0,0
6,3,178,5,1,5,4567,0,0,0,1,0,0,0,0
3,5,151,3,1,3,1273,0,0,0,0,0,0,1,1
3,3,252,2,3,1,5707,0,0,0,1,0,0,1,1
4,2,197,3,1,2,5707,0,1,0,0,1,0,0,0
3,5,241,10,2,31,2724,0,1,0,0,0,1,0,1
3,2,238,3,3,54,3142,0,0,0,1,0,1,0,1
3,5,147,3,2,5,5357,0,0,0,1,1,0,1,1
4,3,225,5,1,10,1310,0,0,0,1,0,1,0,0
3,4,228,4,2,6,4947,1,0,0,0,1,0,1,0
2,1,181,4,1,2,4747,0,0,1,0,0,0,0,0
5,5,235,5,2,9,1032,1,0,0,0,0,1,1,1
4,4,231,5,1,6,5482,1,0,0,0,0,1,0,0
4,1,217,3,2,2,2692,0,0,0,1,0,1,1,1
4,2,200,3,2,45,2486,1,0,0,0,0,1,1,1
4,5,198,3,2,33,2129,0,1,0,0,0,1,1,1
3,3,242,2,2,7,4960,0,0,0,1,1,0,0,0
3,5,207,4,1,10,4092,0,0,0,1,0,0,1,1
3,2,210,3,1,9,4731,0,0,0,1,0,0,0,1
5,5,242,5,2,3,1444,1,0,0,0,0,1,1,1
4,1,208,3,2,7,4592,0,0,1,0,1,0,0,0
5,3,257,5,2,10,1812,0,0,0,0,0,1,0,0
3,1,166,2,3,6,5905,0,0,1,0,0,1,0,1
3,5,183,3,2,44,3158,0,0,0,0,0,0,0,1
6,4,278,4,1,3,1141,1,0,0,0,0,1,1,1
5,4,182,5,2,23,3398,1,0,0,0,0,1,0,1
5,4,248,4,2,5,4271,0,0,0,0,0,1,0,1
4,5,234,3,2,3,5142,1,0,0,0,0,1,0,1
5,5,125,3,1,10,4997,0,0,0,1,0,1,1,0
4,2,233,7,2,64,3146,1,0,0,0,0,0,1,1
5,5,161,3,2,59,1037,0,0,0,0,0,0,0,1
5,4,165,3,2,48,1240,0,1,0,0,0,1,0,1
5,3,223,3,1,2,4671,0,0,1,0,0,1,0,1
5,5,286,3,1,18,3163,0,0,0,1,0,1,0,1
3,5,180,4,2,59,1481,0,1,0,0,0,1,0,1
3,1,226,2,1,4,4804,0,0,1,0,0,1,1,0
3,4,136,2,2,54,1056,0,0,0,1,0,1,0,1
3,5,247,3,2,7,4966,1,0,0,0,0,1,0,0
4,1,243,5,2,1,4624,0,0,1,0,0,1,0,1
5,5,257,4,2,10,5180,1,0,0,0,1,0,1,1
5,1,257,5,2,1,1102,0,1,0,0,0,1,1,1
4,2,262,6,2,2,1069,0,0,1,0,0,1,0,0
3,2,270,2,2,59,3706,0,0,0,1,0,1,0,1
4,2,156,4,2,2,5795,0,0,0,0,0,1,0,1
3,3,201,6,2,2,4984,0,0,0,1,0,1,1,0
2,4,274,10,3,3,4167,0,0,0,1,0,0,1,1
3,4,195,10,1,5,5950,0,0,0,0,0,1,1,1
4,4,256,3,2,1,5784,0,0,0,1,0,1,1,1
3,4,240,2,1,8,3883,1,0,0,0,0,1,1,1
3,1,139,2,2,3,4226,0,0,0,1,0,1,1,0
5,4,168,3,1,13,1317,0,0,1,0,0,1,0,1
5,2,248,8,1,10,4583,0,0,0,0,0,1,0,0
3,2,223,2,1,64,3595,0,0,0,0,0,1,1,1
5,4,223,5,1,2,1400,0,0,0,0,0,1,1,0
5,4,227,2,2,10,4734,1,0,0,0,0,1,1,0
3,3,167,3,2,42,1363,0,0,0,1,0,1,0,1
6,3,305,4,2,9,1479,1,0,0,0,1,0,0,1
3,5,196,3,3,4,4569,0,0,1,0,0,1,0,0
2,1,173,2,3,1,4135,0,1,0,0,0,0,1,1
5,3,163,3,2,9,4419,0,0,1,0,0,1,1,1
6,5,178,3,1,5,4096,0,1,0,0,0,1,0,0
6,5,277,4,2,5,1845,1,0,0,0,0,0,0,1
5,1,183,3,1,10,5023,0,0,0,1,0,1,0,0
4,1,227,3,1,54,3972,0,0,1,0,0,1,1,1
3,1,153,3,1,10,5121,0,0,1,0,0,1,1,1
4,1,253,2,1,9,4299,0,1,0,0,0,1,0,0
5,1,224,3,1,7,5870,0,0,1,0,0,1,1,1
5,3,175,3,1,7,4833,0,0,0,0,0,0,1,1
5,2,285,4,2,7,1666,0,0,0,1,0,1,0,1
7,4,301,4,1,1,1150,0,0,0,1,0,1,0,0
4,4,259,2,2,8,4672,0,0,0,1,1,0,0,0
6,3,266,4,1,9,1876,0,0,0,1,0,0,0,0
2,4,151,4,1,6,1803,0,0,0,0,0,0,0,0
4,3,245,5,1,4,1470,0,0,0,1,0,0,1,0
6,5,251,4,2,3,1660,0,0,0,0,0,1,0,0
4,2,282,4,2,5,5422,1,0,0,0,0,0,1,1
3,2,145,2,1,3,4409,0,0,0,1,1,0,1,0
6,5,254,4,3,10,1217,0,0,1,0,0,1,0,0
3,2,262,2,2,4,5738,0,0,1,0,0,0,1,0
3,3,229,3,1,49,2339,0,1,0,0,0,1,1,1
3,5,129,3,2,52,1513,0,1,0,0,1,0,0,1
5,2,264,5,1,27,3118,0,0,1,0,1,0,0,1
3,1,202,3,1,1,3738,0,0,0,1,0,1,0,1
5,1,170,3,2,60,1883,0,1,0,0,0,1,0,1
3,2,237,2,3,26,3103,0,0,0,0,1,0,1,1
6,5,167,2,1,10,4013,0,0,0,1,0,1,1,1
5,1,160,5,1,1,4672,0,0,1,0,0,0,0,0
3,1,231,3,2,9,5148,1,0,0,0,0,1,1,1
5,2,254,5,2,2,5655,0,0,0,1,0,0,0,1
4,5,158,4,1,4,1595,0,0,0,1,0,1,0,1
5,2,191,2,3,6,2059,0,1,0,0,0,1,0,1
4,3,233,3,2,26,2624,0,0,1,0,0,1,1,1
3,2,251,2,2,4,4074,0,1,0,0,0,0,0,0
2,4,147,2,2,65,1738,1,0,0,0,0,1,0,1
3,2,154,3,2,1,5322,1,0,0,0,0,1,1,1
6,3,210,4,2,9,5440,0,0,0,0,0,1,1,0
5,3,262,5,1,10,1197,1,0,0,0,0,1,0,1
4,5,173,3,1,7,4410,0,0,0,1,0,1,0,0
3,1,187,2,1,8,4292,0,0,0,1,0,0,0,1
3,3,112,4,1,7,5716,0,0,0,1,0,1,0,1
3,1,271,2,2,7,4569,0,0,0,0,0,1,0,0
3,4,245,4,1,20,2534,0,1,0,0,0,0,1,1
3,5,187,4,2,4,5640,0,0,0,1,0,1,0,0
6,1,260,3,2,1,5134,0,0,0,1,0,1,1,0
3,3,219,3,2,17,3387,1,0,0,0,0,1,0,1
3,2,243,3,2,8,4093,0,1,0,0,0,1,0,0
3,4,136,3,2,6,4631,0,0,0,1,1,0,1,0
6,3,236,3,2,6,2639,0,0,0,0,1,0,1,1
2,3,204,4,1,20,3135,0,0,0,0,0,1,0,1
5,3,223,5,2,4,1817,0,0,0,1,0,1,1,0
4,1,140,5,2,6,4001,0,0,0,1,1,0,1,1
3,1,238,3,2,5,4399,0,0,0,0,0,1,0,1
2,5,188,2,2,9,4610,1,0,0,0,0,1,0,0
6,5,229,8,2,2,4271,0,1,0,0,0,1,0,1
3,4,246,3,1,1,4020,0,0,1,0,0,1,1,1
5,5,106,5,1,46,1275,0,0,0,1,0,1,0,1
4,5,160,2,2,8,5234,0,0,0,1,0,1,0,0
5,3,245,2,2,8,3231,0,0,0,1,0,1,0,1
4,3,187,4,3,29,3141,1,0,0,0,0,1,0,1
5,1,246,2,1,4,5461,0,0,0,0,0,1,0,0
5,4,163,4,2,57,1613,0,0,1,0,0,1,1,1
5,1,152,3,2,6,4735,0,1,0,0,0,1,0,0
4,5,270,3,2,20,3185,0,0,0,0,0,0,1,1
4,2,239,4,2,8,4039,0,0,0,1,0,1,1,0
5,4,136,4,1,9,5469,0,0,0,0,0,0,1,0
5,2,173,4,1,21,1674,1,0,0,0,0,1,1,1
3,1,147,8,2,6,4575,0,0,1,0,0,1,1,0
4,2,163,3,1,11,1926,0,0,0,0,0,1,0,1
3,2,143,4,2,7,4486,0,0,0,1,0,1,0,0
5,4,178,2,1,4,5307,0,0,0,1,0,1,0,0
4,3,139,3,1,64,1814,0,0,0,0,0,1,1,1
4,3,197,5,1,8,4209,0,0,0,1,0,0,0,1
3,1,203,3,2,3,4137,0,1,0,0,0,0,0,0
3,3,209,3,2,5,5831,1,0,0,0,0,1,0,0
4,1,239,2,3,16,2504,0,1,0,0,0,1,1,1
4,5,253,2,1,8,5652,0,0,1,0,0,1,1,0
3,2,208,2,1,7,4582,1,0,0,0,0,1,0,1
4,1,231,2,2,3,4696,1,0,0,0,0,1,1,0
2,5,212,2,3,3,4389,0,0,0,0,0,1,0,0
6,5,305,4,2,10,1418,0,1,0,0,0,0,1,1
2,1,252,3,1,12,2800,0,0,1,0,0,1,0,1
4,3,217,2,2,22,2138,0,1,0,0,1,0,1,1
4,4,279,6,2,5,4898,0,0,0,1,0,0,1,1
4,4,202,3,2,2,4299,1,0,0,0,0,1,1,1
6,4,284,4,1,9,1845,0,0,0,1,0,1,0,1
3,3,157,4,1,7,5974,0,0,0,1,0,0,1,1
4,4,253,2,2,5,5624,0,0,0,1,0,1,0,0
5,4,182,4,1,61,3063,0,0,0,1,0,0,1,1
5,4,262,6,2,1,1177,0,0,0,0,1,0,0,0
2,2,201,3,3,2,4865,0,0,0,1,0,1,1,1
5,2,196,3,2,4,4868,0,0,0,1,0,1,1,1
6,3,279,4,1,7,1090,0,0,0,1,0,1,1,1
5,5,179,5,1,38,1437,0,0,0,1,1,0,1,1
4,1,139,3,2,7,4550,0,0,0,0,0,1,1,0
6,5,295,4,2,2,1981,1,0,0,0,1,0,1,0
3,4,232,2,1,8,5629,0,0,1,0,0,1,0,1
4,4,195,4,2,2,5464,1,0,0,0,0,1,1,0
4,3,146,3,1,41,1140,0,1,0,0,1,0,1,1
5,4,286,5,1,3,5208,0,0,1,0,0,0,0,0
3,2,166,2,2,6,4765,1,0,0,0,0,1,1,0
5,2,240,7,2,47,2174,0,0,0,0,0,0,0,1
5,4,180,4,2,7,4200,1,0,0,0,1,0,0,1
4,3,232,3,1,11,2624,0,0,0,1,0,1,1,1
2,5,264,2,1,9,5898,0,0,0,1,0,1,1,1
3,4,134,3,1,9,4436,0,0,0,1,0,1,0,0
3,2,160,3,1,4,4683,0,0,0,1,0,1,0,0
4,3,171,3,2,8,4826,0,0,0,1,0,1,0,0
3,4,201,10,3,7,4699,0,0,0,1,1,0,0,0
2,2,273,3,1,56,2633,0,0,0,0,0,1,1,1
3,4,160,4,1,1,5341,0,0,0,1,1,0,1,0
4,3,156,3,2,8,4701,0,0,1,0,0,1,0,1
4,4,220,2,2,7,2551,0,0,1,0,0,0,0,1
4,3,164,4,2,1,4257,0,0,0,1,0,1,1,0
5,2,266,2,1,3,4030,0,0,0,0,0,1,1,0
6,1,290,4,2,6,1505,0,0,1,0,0,0,1,1
3,4,194,3,2,3,2169,1,0,0,0,0,1,1,1
5,2,178,5,1,5,5167,1,0,0,0,0,1,0,0
3,2,158,3,2,4,5335,0,0,0,1,1,0,1,0
7,3,133,5,1,4,1783,0,0,0,1,0,1,0,1
4,5,258,5,2,2,1481,0,0,0,0,0,1,1,0
5,5,232,3,1,5,5338,1,0,0,0,0,1,0,0
4,3,150,4,1,4,1021,1,0,0,0,0,1,0,0
4,2,189,10,2,5,5470,0,0,0,1,1,0,0,0
5,4,140,3,2,4,4623,0,1,0,0,1,0,1,0
3,2,227,2,1,10,5401,1,0,0,0,1,0,1,0
3,5,256,2,2,9,5750,0,0,0,1,1,0,0,0
6,5,237,5,3,63,2573,0,0,0,1,0,1,0,1
3,3,213,2,1,10,5495,0,0,1,0,1,0,1,0
4,5,178,2,3,5,5403,0,0,0,0,0,0,1,0
4,3,257,5,2,9,1080,0,1,0,0,0,1,0,0
4,5,234,5,1,2,1087,0,1,0,0,0,1,0,1
6,2,310,4,2,5,1791,1,0,0,0,0,1,0,1
4,1,182,2,2,10,5638,0,0,0,1,0,1,0,0
5,2,165,2,2,6,4819,0,0,0,1,0,0,0,1
7,3,289,4,1,3,1037,0,1,0,0,0,1,0,1
4,2,185,5,1,7,4694,0,0,0,1,0,0,1,1
5,1,245,2,2,2,4882,0,0,0,1,0,1,0,1
5,2,139,4,1,9,5070,0,0,1,0,0,1,0,1
3,4,153,3,2,9,5474,1,0,0,0,0,1,0,0
5,2,255,6,1,6,1610,0,0,1,0,1,0,1,0
3,1,171,4,2,6,5398,0,1,0,0,0,1,0,0
4,3,192,3,1,1,4045,1,0,0,0,0,1,1,1
3,2,183,5,1,2,1158,0,0,0,1,0,1,0,1
5,2,223,6,2,2,1210,0,0,0,1,0,1,1,0
6,2,118,2,1,40,1014,0,1,0,0,0,0,1,1
3,1,140,2,1,6,1435,0,0,0,1,0,1,0,1
3,3,264,2,1,2,4350,0,1,0,0,0,1,1,0
3,4,162,5,1,1,4240,0,0,0,0,1,0,0,1
5,4,215,3,1,5,5552,0,1,0,0,0,1,0,1
4,4,205,3,1,6,4254,0,1,0,0,1,0,1,0
4,3,218,4,1,50,3990,0,0,0,0,1,0,0,1
4,2,251,2,2,24,2405,0,0,0,1,0,0,1,1
6,2,130,5,1,3,5654,0,0,0,0,0,1,1,0
3,1,168,3,1,46,1886,0,0,0,1,0,0,1,1
5,5,239,6,1,1,1384,0,1,0,0,0,1,1,0
3,5,110,3,1,55,1875,0,0,1,0,0,1,1,1
4,3,141,4,2,38,1599,0,0,1,0,0,1,0,1
5,3,170,3,2,6,5226,0,0,0,1,0,1,1,0
4,5,202,3,1,6,2616,0,0,0,0,1,0,0,1
4,1,200,2,1,5,5072,0,0,1,0,0,1,1,1
5,3,237,5,2,4,1567,0,1,0,0,0,1,0,0
4,1,229,4,2,2,5378,0,1,0,0,0,1,0,1
3,2,182,3,2,39,3828,0,1,0,0,0,1,0,1
3,2,263,3,2,8,5447,0,1,0,0,0,1,1,1
4,1,248,2,1,6,5621,0,0,0,1,0,1,0,0
3,2,187,3,2,7,5334,0,0,0,0,0,1,0,0
4,1,264,2,1,3,5258,0,0,0,1,0,1,0,0
3,4,260,3,1,8,5215,0,0,0,1,0,1,0,0
5,1,151,3,2,2,4172,0,0,0,0,0,1,1,1
3,4,212,8,1,56,3337,0,0,0,0,0,1,0,1
4,5,270,3,1,1,4131,0,0,0,1,1,0,1,0
6,5,204,3,2,7,4119,0,1,0,0,0,1,1,0
2,5,247,4,2,4,5255,0,0,0,0,0,1,1,1
7,5,267,4,2,10,1067,0,0,0,1,0,1,0,0
5,1,276,5,1,6,1793,0,0,0,0,0,1,0,0
6,1,260,4,2,2,1131,0,0,1,0,0,0,0,0
4,2,247,5,1,10,1515,0,0,0,1,1,0,1,0
3,3,227,2,3,5,4269,0,0,1,0,0,1,1,1
3,5,202,2,2,3,5746,0,0,1,0,0,1,1,1
6,2,240,4,1,9,4099,0,0,0,0,1,0,1,0
6,1,168,5,3,65,1601,0,0,0,1,0,1,0,1
4,5,268,3,2,9,5521,1,0,0,0,1,0,1,1
3,3,249,3,1,55,3375,0,0,0,1,0,1,1,1
3,5,243,3,2,4,4130,0,0,0,1,0,1,0,1
5,3,210,7,2,4,4362,0,0,0,1,0,1,0,0
5,1,150,4,1,1,5098,0,0,1,0,0,1,0,0
4,1,272,3,2,49,2803,0,0,1,0,0,1,1,1
4,5,268,3,1,64,2386,1,0,0,0,0,1,0,1
3,3,271,4,3,3,4006,0,1,0,0,0,1,1,1
4,3,266,3,3,2,5298,1,0,0,0,0,1,0,0
4,4,258,5,1,9,1947,0,0,0,0,0,1,1,1
4,1,155,4,1,1,4985,1,0,0,0,0,1,0,0
4,4,184,3,2,2,5381,0,0,0,1,0,1,0,0
6,4,306,4,1,5,1703,0,1,0,0,0,1,0,1
3,3,264,3,1,3,4970,1,0,0,0,0,1,1,0
3,3,141,2,2,48,1758,0,0,0,0,0,1,0,1
5,1,231,2,1,10,4892,0,1,0,0,0,0,1,1
4,5,139,2,2,1,4606,0,0,0,0,1,0,0,0
4,1,263,5,1,8,1426,0,1,0,0,0,1,1,1
3,1,270,2,2,6,4966,0,0,0,1,0,1,1,0
5,1,144,2,1,20,1082,0,0,0,1,0,1,0,1
6,4,287,4,2,9,1936,0,0,0,1,1,0,0,1
4,4,150,3,3,9,1620,0,0,0,1,0,1,1,1
7,1,282,4,1,2,1566,0,1,0,0,1,0,0,0
3,4,272,4,1,23,2048,0,0,1,0,0,1,0,1
4,3,250,2,2,4,4808,0,1,0,0,0,0,1,1
3,2,158,3,2,1,5438,0,0,0,1,0,1,0,0
3,5,217,2,2,6,5182,0,1,0,0,0,1,0,0
6,2,266,4,1,9,1220,0,1,0,0,0,1,0,0
5,3,225,7,2,17,3516,0,0,1,0,0,1,0,1
5,1,248,3,1,2,4075,0,0,0,1,0,1,0,0
4,4,146,4,1,12,1899,0,0,0,0,0,1,1,1
4,2,231,4,2,9,5194,0,0,0,0,0,1,1,0
3,4,229,3,2,46,3223,0,0,0,1,0,1,0,1
4,2,231,6,1,8,5227,0,1,0,0,1,0,1,0
6,3,171,5,3,61,1947,0,0,0,1,0,0,1,1
7,1,291,4,2,1,1796,0,0,0,0,0,1,0,0
3,4,138,2,2,8,4837,0,1,0,0,0,0,0,0
4,3,260,2,1,38,2526,0,1,0,0,0,1,1,1
4,4,246,3,1,2,5473,0,0,0,1,0,1,1,1
3,3,173,5,2,10,5840,0,0,0,0,0,1,0,0
5,3,206,2,2,59,3278,0,0,0,1,0,1,0,1
4,4,199,2,2,25,3705,0,0,1,0,0,1,1,1
5,3,250,2,1,14,2064,0,0,1,0,0,1,0,1
4,1,211,7,3,4,4476,0,0,1,0,0,1,1,1
4,2,139,8,2,2,5012,1,0,0,0,0,1,0,1
5,5,269,5,1,6,1630,0,0,0,1,0,1,0,0
4,1,161,7,2,18,1294,0,0,1,0,0,1,0,1
5,1,267,3,1,7,5789,0,0,1,0,0,1,1,1
5,2,237,4,1,9,5922,0,0,0,1,1,0,0,0
3,5,286,3,2,12,3817,0,0,0,1,1,0,0,1
6,3,262,4,1,5,1563,0,0,0,1,0,1,0,0
6,1,142,5,1,30,1464,0,0,0,1,0,1,0,1
3,4,211,3,1,6,5890,0,0,0,1,0,1,0,0
4,1,250,6,2,7,1292,0,0,0,1,0,1,0,0
2,1,271,2,1,7,5875,1,0,0,0,0,1,1,0
4,1,204,8,1,7,5359,0,0,1,0,1,0,0,0
4,4,162,2,2,30,1158,0,0,0,1,1,0,1,1
5,4,139,2,2,2,4217,0,0,0,1,0,1,0,1
4,2,232,3,2,7,5737,0,0,0,1,0,1,0,1
3,2,209,2,1,9,5203,0,1,0,0,0,1,1,0
3,1,141,3,2,39,1838,0,0,0,1,1,0,0,1
4,4,174,2,2,2,5892,0,0,1,0,0,1,0,0
5,3,230,5,1,7,1996,0,0,0,1,0,1,1,0
6,1,308,4,1,7,1260,0,1,0,0,1,0,0,1
3,2,209,3,2,54,3001,0,0,0,1,0,1,1,1
5,1,274,2,3,8,4647,1,0,0,0,1,0,0,1
4,3,258,3,1,12,2017,0,1,0,0,0,1,0,1
4,4,263,4,2,7,4041,0,0,0,0,0,1,1,1
4,5,234,3,1,5,5213,0,0,0,0,0,0,1,0
6,2,142,3,1,54,1332,0,0,0,0,0,1,0,1
3,2,260,3,2,2,2176,0,1,0,0,0,1,0,1
4,2,177,3,1,44,1233,0,0,1,0,0,0,0,1
3,5,145,2,1,2,4232,0,0,1,0,0,1,0,1
4,4,179,3,3,1,5242,1,0,0,0,0,1,0,1
4,2,252,3,2,2,5769,1,0,0,0,0,1,1,0
2,1,222,2,2,5,3778,0,0,0,1,0,1,1,1
4,3,96,4,2,1,4984,1,0,0,0,0,0,1,1
6,4,144,4,1,5,4631,0,0,0,0,0,0,0,0
5,5,253,5,1,4,1482,0,0,0,0,1,0,0,0
4,2,203,5,1,20,3098,0,0,1,0,0,0,0,1
6,5,282,4,1,5,1364,1,0,0,0,0,1,1,1
4,1,151,6,1,7,4387,0,0,0,0,0,1,1,0
5,5,232,5,1,1,1127,0,1,0,0,0,1,1,0
6,5,305,4,1,7,1099,0,0,0,1,0,0,0,1
3,5,157,3,2,4,1889,1,0,0,0,0,0,0,1
3,4,191,5,2,4,4243,0,0,0,1,1,0,0,1
2,4,143,6,2,1,5514,0,0,0,1,0,1,0,0
6,3,260,4,1,9,1131,0,0,0,1,0,1,1,1
3,5,154,2,2,6,4744,0,0,0,1,0,1,1,0
5,2,203,6,2,7,5289,1,0,0,0,0,1,0,0
4,2,133,3,1,2,1212,0,0,0,0,0,1,1,1
4,1,151,2,1,47,1682,0,1,0,0,0,1,0,1
5,4,222,3,1,20,3632,0,1,0,0,0,1,0,1
6,4,250,4,1,3,1490,0,0,0,1,0,1,1,1
2,5,263,4,2,4,4042,0,0,1,0,0,0,0,1
3,1,248,3,1,9,2616,1,0,0,0,0,0,1,1
3,4,266,2,3,49,2643,0,0,0,1,0,1,1,1
4,2,224,2,1,9,5603,1,0,0,0,1,0,1,1
5,4,257,5,1,1,1778,1,0,0,0,0,0,0,1
4,2,259,2,2,54,2244,0,0,0,1,0,1,1,1
5,5,263,5,2,1,1114,0,0,0,1,0,1,0,1
4,2,273,3,1,2,5712,0,1,0,0,0,1,1,0
3,4,176,2,1,10,4920,1,0,0,0,0,1,0,0
4,5,157,3,1,20,1487,0,0,0,1,0,1,1,1
3,3,223,10,1,7,4273,1,0,0,0,0,1,0,1
6,5,261,5,1,1,5442,0,0,0,1,0,1,1,0
4,4,236,4,1,65,2280,0,0,1,0,1,0,1,1
3,4,219,6,1,2,1837,0,0,0,1,1,0,0,0
3,1,220,2,1,7,5653,0,0,0,1,0,1,0,0
2,2,177,5,1,36,1249,0,0,0,1,0,1,1,1
2,5,139,3,1,27,1233,0,0,0,0,0,1,0,1
5,1,275,5,1,6,1156,1,0,0,0,0,1,1,1
5,4,243,3,1,43,2866,0,0,1,0,0,1,0,1
6,5,246,4,2,2,1581,0,0,0,1,1,0,1,0
3,4,157,2,2,12,1694,1,0,0,0,1,0,1,1
5,2,241,2,2,6,4741,0,0,1,0,0,1,1,0
5,3,194,4,1,9,5851,1,0,0,0,0,1,1,0
5,3,197,4,1,6,4184,1,0,0,0,0,1,0,0
4,4,253,5,1,2,1709,0,1,0,0,0,1,0,0
3,4,252,2,2,6,4040,0,1,0,0,0,1,0,1
3,4,208,2,1,3,5811,0,0,1,0,1,0,0,1
4,2,170,2,1,3,4299,0,0,0,1,0,1,1,0
3,4,174,2,1,7,4596,1,0,0,0,0,1,1,0
3,5,162,2,2,7,1739,0,0,0,1,0,0,1,1
3,5,218,2,2,6,4072,0,1,0,0,0,1,0,0
4,1,229,3,2,53,3423,0,0,0,1,0,1,0,1
5,5,239,6,1,9,1417,0,0,0,1,0,1,1,1
4,4,163,3,1,8,4921,0,0,0,0,0,1,1,1
4,1,177,2,1,22,1698,0,0,0,1,0,1,0,1
4,3,133,3,2,50,1861,0,0,0,1,0,1,0,1
3,3,225,4,1,9,5468,0,0,0,1,0,1,0,1
3,5,232,3,1,10,5333,0,0,1,0,0,1,1,0
4,2,252,4,1,3,4956,0,0,0,1,0,1,0,1
4,4,160,3,1,1,4770,0,0,1,0,0,1,1,0
3,5,193,3,1,47,3523,0,1,0,0,0,1,0,1
3,1,157,2,2,7,5560,0,1,0,0,0,0,1,0
3,5,176,3,3,1,1982,1,0,0,0,0,0,0,1
4,5,135,3,2,53,1744,0,0,0,1,0,1,0,1
2,4,221,5,2,4,4034,0,0,0,1,0,0,1,1
2,4,105,2,2,54,1707,0,0,0,1,0,1,1,1
5,1,237,4,1,33,2605,0,0,0,1,0,1,1,1
3,3,155,3,1,29,1712,0,0,1,0,0,0,0,1
4,3,287,4,1,6,5889,0,0,0,1,0,1,1,0
3,4,247,3,1,6,4873,1,0,0,0,0,1,1,0
4,3,229,3,1,3,5027,0,0,0,1,0,1,0,0
6,5,298,4,2,8,1759,0,0,0,1,0,1,0,1
6,3,213,4,1,2,5349,1,0,0,0,0,1,0,0
5,3,254,6,1,7,1064,0,0,0,1,0,1,1,0
3,4,153,2,2,5,4023,1,0,0,0,1,0,1,1
3,2,180,2,1,6,1811,1,0,0,0,0,1,0,1
3,1,195,3,2,3,5961,0,0,0,1,0,1,0,0
3,5,171,3,2,7,5318,0,0,0,1,0,1,0,1
5,4,235,2,2,9,5549,0,0,1,0,0,0,1,0
4,1,171,2,2,10,4536,0,1,0,0,0,1,0,0
3,5,246,3,1,2,5556,0,0,0,0,1,0,0,1
3,5,251,3,3,4,4156,0,0,0,0,0,0,0,1
5,5,273,4,1,1,5225,0,0,1,0,0,1,1,1
3,2,286,6,3,1,5035,1,0,0,0,1,0,0,1
4,5,161,2,3,5,5133,1,0,0,0,0,1,0,1
4,5,266,3,2,5,3718,0,0,0,0,1,0,1,1
4,1,234,2,2,4,5066,1,0,0,0,0,1,1,1
4,4,226,5,2,12,2708,1,0,0,0,0,1,0,1
4,2,226,2,1,2,4332,0,0,0,0,0,1,0,0
4,5,253,2,1,36,3389,0,0,0,1,0,0,0,1
5,1,277,4,1,2,5496,0,0,0,1,0,1,1,0
6,4,201,4,1,8,5355,0,0,1,0,1,0,0,1
3,1,189,3,1,3,5866,0,0,0,1,0,1,0,1
5,4,262,6,1,3,1700,0,0,0,1,1,0,1,0
4,5,268,2,2,46,3076,0,0,0,1,0,1,1,1
2,3,211,3,2,55,3842,0,0,0,0,0,1,0,1
3,3,255,2,2,3,4824,0,0,0,1,0,0,0,0
4,5,238,3,3,55,3257,0,0,1,0,0,1,0,1
5,5,248,5,2,8,1881,0,0,0,0,0,0,1,1
5,2,223,5,1,2,1232,1,0,0,0,0,1,1,1
4,3,136,3,2,9,1548,0,0,0,0,0,1,1,1
5,2,230,2,2,9,4483,0,1,0,0,0,1,1,0
3,3,200,3,1,4,3791,0,1,0,0,0,1,1,1
3,2,196,6,1,6,5414,1,0,0,0,0,1,1,0
5,4,168,4,2,5,5580,0,1,0,0,1,0,1,0
4,1,152,3,1,4,5299,0,0,0,1,0,1,1,0
5,5,254,2,2,6,4934,0,0,0,0,1,0,1,0
4,2,185,2,2,5,4066,0,0,1,0,0,1,1,0
4,3,209,5,2,6,4384,0,0,1,0,0,1,1,0
3,4,195,2,2,10,4031,0,0,0,1,0,1,0,0
4,3,165,3,1,4,1484,0,1,0,0,0,1,1,1
3,3,160,2,2,32,1718,0,0,0,1,0,0,0,1
5,1,270,4,2,7,5149,0,0,1,0,0,1,0,0
3,4,215,3,3,5,4670,1,0,0,0,0,1,0,1
4,5,143,3,2,8,4142,0,0,0,1,0,1,0,1
4,2,133,4,2,52,1401,1,0,0,0,0,1,0,1
3,2,182,3,1,54,3972,0,0,0,0,0,1,0,1
4,2,269,5,1,45,2383,1,0,0,0,0,1,0,1
4,4,258,3,3,2,5420,0,0,0,1,1,0,1,0
4,1,273,5,1,7,1922,0,0,0,1,0,0,0,0
5,4,217,2,2,3,5925,0,1,0,0,0,0,0,0
4,2,274,5,1,8,1246,1,0,0,0,1,0,0,0
4,3,138,3,3,2,5358,1,0,0,0,1,0,1,0
5,1,257,3,2,5,4355,0,0,0,1,1,0,0,0
6,5,225,3,2,10,4972,1,0,0,0,0,0,1,0
3,2,151,3,1,7,5154,0,0,0,1,0,0,0,1
4,4,198,2,1,6,5520,0,0,0,1,0,1,1,0
6,4,242,3,2,9,5920,0,0,0,0,0,1,1,0
5,2,158,3,2,2,5221,0,1,0,0,0,1,1,0
3,2,260,3,2,52,2874,0,1,0,0,0,1,1,1
5,3,224,4,1,7,4553,0,0,0,1,0,1,1,0
3,2,235,2,2,10,4172,0,0,0,1,1,0,0,0
5,3,179,6,2,1,4930,0,0,0,1,0,1,1,1
4,4,153,4,1,5,5162,0,0,0,0,0,1,1,0
5,1,197,4,1,2,5594,0,0,0,0,0,1,0,1
4,5,133,3,1,59,1092,0,0,0,1,0,1,1,1
6,3,175,4,1,3,4143,0,1,0,0,1,0,1,0
3,4,265,8,1,2,3622,0,0,0,0,0,1,1,1
3,5,169,3,2,13,1934,0,0,0,1,0,0,1,1
3,2,227,3,2,21,2351,0,0,0,0,0,0,1,1
4,1,181,2,1,3,5877,0,1,0,0,0,1,0,0
3,3,233,3,1,5,4976,0,0,1,0,0,1,0,1
3,3,157,2,2,62,1366,0,0,0,1,0,0,0,1
4,2,142,10,3,9,4280,0,1,0,0,0,1,0,1
4,5,253,3,1,9,4205,1,0,0,0,0,1,0,0
7,2,288,4,3,4,1321,0,0,0,1,0,0,1,0
5,5,168,3,1,6,4096,1,0,0,0,1,0,1,0
5,2,140,5,2,2,1521,0,0,0,1,0,1,1,0
4,3,184,8,1,4,4686,1,0,0,0,0,1,1,0
4,3,264,2,1,38,3877,0,1,0,0,0,1,0,1
6,2,271,5,1,14,2514,0,1,0,0,0,0,1,1
4,3,246,5,2,10,1646,0,0,1,0,0,0,1,1
3,3,194,3,2,6,5721,0,0,0,1,0,1,0,1
5,2,176,4,1,10,5532,0,0,0,1,0,1,1,0
5,3,255,3,2,8,5983,0,0,0,1,0,0,0,0
3,3,171,4,1,8,4502,0,0,1,0,0,1,1,0
6,3,266,4,2,8,1983,0,1,0,0,0,1,1,1
4,1,144,4,1,63,1881,0,0,0,1,0,1,0,1
3,2,139,3,2,4,5531,1,0,0,0,0,1,1,0
5,3,179,3,1,3,4131,0,1,0,0,0,1,0,0
5,2,270,3,2,5,5950,0,1,0,0,0,1,0,1
3,1,268,4,2,4,5006,1,0,0,0,0,1,0,0
4,3,246,3,2,52,2440,0,1,0,0,0,1,0,1
4,2,220,2,1,6,5543,0,1,0,0,0,1,0,0
4,2,233,7,2,56,3925,1,0,0,0,0,1,1,1
3,1,146,3,2,9,4944,0,0,0,1,0,1,1,1
5,1,242,5,1,9,1767,0,0,0,0,1,0,1,0
4,4,272,5,1,3,5243,0,0,1,0,0,1,0,0
4,3,199,2,1,28,2607,0,0,0,1,1,0,0,1
4,4,136,3,3,35,1234,0,0,0,1,0,1,0,1
3,4,148,3,2,7,4531,0,0,1,0,0,1,1,0
3,4,219,2,2,7,4883,1,0,0,0,0,1,1,1
2,4,180,2,1,5,4010,1,0,0,0,0,1,0,1
3,5,252,2,3,4,4098,0,0,1,0,0,1,1,1
4,4,176,3,2,53,1472,0,0,0,1,0,1,1,1
5,5,266,4,2,62,2201,0,0,0,1,1,0,1,1
5,1,264,3,1,6,2882,1,0,0,0,0,1,1,1
3,2,195,2,3,2,4669,0,1,0,0,0,1,1,1
4,1,149,3,2,8,1136,0,1,0,0,0,1,0,0
4,3,224,2,2,8,5961,0,0,0,1,0,0,1,1
5,2,236,6,1,6,1552,0,0,1,0,0,1,0,0
2,5,166,3,2,3,1832,0,0,0,1,0,0,1,1
3,4,200,2,2,14,3528,1,0,0,0,0,0,1,1
4,3,184,3,1,37,3436,0,0,1,0,0,1,0,1
5,4,154,5,1,6,5659,0,1,0,0,0,1,1,1
4,4,246,2,1,11,2282,0,1,0,0,0,1,1,1
3,3,162,2,1,42,1763,0,0,0,1,0,1,0,1
4,3,273,4,2,1,4585,1,0,0,0,0,1,0,0
5,4,240,4,2,7,4552,0,0,0,1,0,1,1,1
2,3,175,6,3,6,5341,1,0,0,0,0,0,0,1
5,5,173,2,1,7,4716,0,0,0,1,0,0,1,0
3,3,205,5,2,35,2988,0,1,0,0,0,1,1,1
3,1,180,3,1,52,1838,0,0,1,0,0,1,1,1
5,2,140,3,2,16,1969,1,0,0,0,0,1,0,1
4,3,237,3,1,57,3952,0,0,0,1,0,1,1,1
3,4,200,2,2,6,4751,0,0,0,1,1,0,0,1
3,3,140,2,2,30,1547,0,0,0,0,0,1,0,1
4,5,224,2,1,6,4994,0,0,1,0,0,1,1,0
4,3,163,5,1,29,1349,0,0,0,1,0,1,1,1
5,4,173,4,3,8,5284,0,0,0,1,0,1,0,1
6,5,201,5,2,3,5771,0,1,0,0,0,1,1,0
3,5,166,3,2,9,5275,1,0,0,0,0,1,0,1
3,5,192,3,1,7,4056,0,0,0,0,0,0,0,1
4,4,163,3,1,5,4440,0,0,0,1,0,1,0,0
3,2,167,2,1,2,1010,0,1,0,0,0,1,1,1
3,2,250,3,1,49,3798,0,0,1,0,1,0,0,1
5,5,230,10,3,10,5619,0,1,0,0,0,0,1,1
4,2,253,2,1,4,4502,1,0,0,0,0,0,0,1
4,1,223,3,1,8,4974,0,1,0,0,0,0,0,1
6,5,167,3,1,2,5761,0,0,0,1,1,0,0,1
5,3,237,5,2,4,1733,1,0,0,0,0,1,0,1
5,2,247,3,1,17,3889,0,0,1,0,0,0,1,1
5,4,190,2,2,23,3960,0,0,0,0,0,0,0,1
3,3,264,2,1,6,4102,0,1,0,0,0,1,1,0
6,1,282,4,2,4,1716,0,0,1,0,1,0,1,0
6,5,117,7,2,6,5529,0,0,0,1,0,1,1,1
5,2,274,3,2,6,3375,0,0,0,1,0,1,1,1
4,2,148,2,1,5,4031,0,0,0,0,1,0,1,0
4,1,178,3,2,63,1573,0,0,0,1,1,0,0,1
3,5,287,5,3,1,5263,0,0,0,1,0,1,1,1
4,2,142,3,2,3,4644,0,0,1,0,0,1,0,0
5,2,224,2,2,8,4047,0,0,0,1,0,1,1,1
5,4,149,3,2,44,1811,0,0,0,1,0,1,0,1
5,2,251,2,1,2,4245,0,0,0,1,0,0,1,1
4,3,178,6,1,6,4203,1,0,0,0,0,1,1,0
6,4,256,4,1,2,1752,0,0,0,1,1,0,0,1
5,4,184,3,1,9,3332,1,0,0,0,0,1,1,1
2,3,144,3,3,40,1500,0,0,0,1,0,1,1,1
4,2,152,3,2,6,5764,0,0,1,0,1,0,1,1
5,4,212,2,1,9,4925,1,0,0,0,1,0,0,0
6,3,258,4,2,9,1924,0,1,0,0,0,1,1,0
4,4,252,5,2,2,1995,0,0,0,1,0,1,1,1
5,2,168,2,3,3,4928,0,0,0,1,0,1,0,0
4,4,255,2,2,29,2267,0,0,0,1,0,1,1,1
3,2,222,2,2,1,4021,0,0,0,1,0,1,1,1
4,2,149,2,2,8,5460,0,0,0,1,1,0,1,1
4,2,164,4,1,2,5008,0,0,0,0,1,0,1,0
3,4,216,3,1,41,2042,0,1,0,0,0,1,0,1
4,4,210,2,2,8,5942,0,0,0,0,0,1,1,0
3,3,146,3,2,4,5384,0,1,0,0,0,1,0,0
4,4,225,2,2,10,4829,0,0,0,1,0,1,1,1
3,5,240,7,2,9,5525,0,1,0,0,0,1,0,1
3,5,193,3,2,9,4982,0,0,0,1,0,1,0,0
3,2,185,2,3,3,4816,0,0,1,0,0,1,0,1
7,2,289,4,1,5,1918,0,0,0,0,0,1,1,1
2,1,192,3,1,9,4774,0,0,1,0,0,1,0,0
6,1,288,4,2,8,1806,0,0,0,1,0,1,1,1
3,4,251,10,2,2,4336,0,0,0,1,0,1,0,1
3,1,194,2,2,1,5931,0,0,0,1,1,0,0,0
2,5,204,10,1,1,4709,0,0,1,0,0,1,0,0
4,2,187,4,2,37,2200,0,1,0,0,0,1,1,1
4,5,267,3,1,53,3742,0,0,1,0,0,1,0,1
5,4,153,3,1,5,4711,0,0,0,1,0,1,1,1
5,3,280,4,2,4,5192,0,0,0,0,0,1,0,0
4,3,203,2,2,7,4185,0,0,1,0,0,1,0,0
2,2,156,4,3,9,4184,0,0,0,1,0,1,1,1
4,4,224,5,2,5,1184,0,0,0,0,0,1,0,0
5,5,266,5,1,9,4500,0,1,0,0,0,1,0,0
5,3,234,5,1,7,1691,0,0,0,1,1,0,1,1
5,1,154,2,1,37,1671,0,0,1,0,0,1,1,1
3,3,240,3,1,5,4888,1,0,0,0,0,1,0,1
3,4,269,2,1,8,5294,0,0,0,1,0,1,0,1
4,2,253,5,2,3,1092,0,0,0,1,0,1,0,0
4,5,245,2,1,19,2616,0,0,0,1,0,1,0,1
3,3,163,3,2,5,5362,0,0,1,0,0,0,1,0
4,4,163,2,1,41,1634,0,0,0,1,0,1,0,1
3,3,205,2,2,58,2187,0,0,1,0,0,1,0,1
6,4,171,5,2,9,4376,0,0,1,0,0,0,1,1
5,1,239,5,1,6,1815,0,0,0,1,1,0,0,0
4,1,273,4,1,54,2611,0,1,0,0,1,0,0,1
4,2,212,3,1,5,5413,0,1,0,0,0,1,1,0
6,2,269,4,2,10,1166,0,0,0,1,0,1,0,0
7,3,306,4,1,2,1790,1,0,0,0,0,1,1,1
4,4,180,3,1,3,5031,0,0,1,0,0,1,1,0
3,4,186,4,1,6,4403,0,0,0,1,0,1,1,0
6,3,269,4,2,3,1022,1,0,0,0,0,0,0,0
3,5,150,2,1,29,1934,0,0,0,1,0,1,1,1
3,5,182,3,3,5,4183,0,1,0,0,1,0,1,1
6,2,268,4,1,7,1274,0,0,0,1,0,1,0,0
4,1,255,5,2,1,1918,0,1,0,0,0,1,0,1
4,3,260,5,1,8,1756,0,0,1,0,1,0,0,0
5,1,143,2,1,46,1387,0,0,0,1,0,1,1,1
4,5,255,4,1,14,3099,0,0,0,0,0,1,1,1
7,4,272,4,1,3,1805,0,1,0,0,0,0,1,0
4,2,258,5,2,1,1010,1,0,0,0,0,1,0,0
4,5,257,2,2,5,4127,0,0,0,0,0,1,1,0
7,5,289,4,1,10,1074,0,0,0,1,0,1,0,1
7,3,288,4,2,3,1989,0,0,0,0,0,1,1,0
4,3,240,2,2,2,5588,0,0,0,1,1,0,0,0
3,5,257,3,1,52,2170,0,0,1,0,0,1,0,1
7,5,260,4,1,3,1930,0,0,0,0,0,0,0,1
5,5,266,10,3,2,5890,0,0,0,1,0,1,0,0
3,4,209,3,3,37,3650,0,0,1,0,0,0,0,1
6,2,169,2,2,9,5580,1,0,0,0,0,0,1,0
4,2,134,3,1,9,4214,0,0,0,1,0,1,0,1
4,4,255,6,1,9,1322,0,0,0,1,0,0,0,0
4,3,161,3,2,28,1809,0,0,0,1,0,1,0,1
5,2,232,5,2,10,1916,0,0,0,0,0,1,0,0
4,1,262,6,1,3,1830,0,0,0,0,1,0,0,1
3,1,231,2,1,24,3811,0,0,1,0,0,1,1,1
5,2,196,3,1,4,4271,1,0,0,0,0,1,0,0
4,5,138,3,1,64,1708,0,1,0,0,0,0,0,1
4,1,139,3,1,56,1811,0,0,0,1,0,1,0,1
4,3,199,2,1,4,5855,0,0,0,1,0,1,1,0
3,4,156,3,2,4,4519,0,1,0,0,0,0,1,1
4,4,234,2,3,2,2008,0,0,1,0,0,1,1,1
4,5,277,5,2,32,1055,0,0,0,0,1,0,0,1
3,1,155,3,1,9,5539,0,0,0,1,0,1,0,0
4,3,258,3,3,1,4653,0,0,1,0,0,1,0,0
6,4,143,4,2,4,4401,0,0,0,0,1,0,1,0
3,3,168,2,1,10,4583,0,0,0,1,0,1,0,1
4,1,263,5,1,62,2292,0,0,0,1,0,1,0,1
3,5,258,3,1,17,3033,0,0,0,1,0,1,1,1
3,1,249,2,1,2,5572,0,1,0,0,0,1,0,1
5,4,199,5,2,6,4417,1,0,0,0,1,0,0,1
3,1,203,2,1,2,4647,1,0,0,0,0,0,1,1
5,1,262,2,2,4,5761,0,1,0,0,0,1,1,0
6,2,148,4,1,56,1511,0,1,0,0,0,0,1,1
4,4,223,3,3,5,5654,0,0,0,1,0,1,0,0
4,5,238,10,2,44,3860,0,0,0,1,1,0,0,1
5,2,239,2,2,59,2897,0,0,0,1,0,1,0,1
3,3,205,3,3,1,5851,0,0,0,0,0,1,1,1
3,1,155,2,2,6,1490,1,0,0,0,0,1,0,1
4,2,146,2,2,4,4348,0,0,0,1,0,1,1,1
4,4,233,4,1,3,5849,0,0,1,0,0,1,1,1
4,4,197,3,1,29,2915,0,0,0,1,0,0,0,1
5,3,171,3,2,62,1304,0,0,1,0,0,0,1,1
4,5,271,4,1,6,5078,0,0,1,0,0,1,1,0
4,4,247,6,1,4,1044,0,1,0,0,0,1,0,0
6,2,285,4,2,6,1016,0,0,0,1,0,1,1,1
4,1,260,2,1,1,5001,0,0,0,1,0,1,0,1
5,2,245,5,1,8,1528,0,1,0,0,0,1,1,0
4,2,266,5,2,3,4578,0,0,0,1,0,0,1,0
4,4,196,3,2,2,4320,0,1,0,0,0,1,0,1
3,1,133,3,2,6,5464,0,0,0,0,1,0,1,1
3,3,261,4,2,7,4542,0,0,0,1,0,1,0,1
4,1,247,2,2,7,5098,0,0,0,1,0,1,0,0
3,1,173,2,2,4,5521,0,0,0,1,0,1,0,0
5,2,169,2,2,4,6000,1,0,0,0,0,1,1,1
3,1,132,2,2,62,1909,0,0,0,1,1,0,1,1
3,5,146,3,2,8,5637,1,0,0,0,0,0,1,1
5,5,140,3,3,7,4799,0,0,1,0,0,1,0,1
3,2,213,3,2,10,5993,0,0,0,1,0,1,1,1
3,5,160,3,1,8,4106,0,0,0,1,0,1,0,0
4,1,155,3,1,4,5666,1,0,0,0,0,1,0,0
7,5,278,4,1,1,1210,0,0,0,1,0,1,1,0
5,5,271,2,2,6,4788,0,0,0,0,0,1,1,1
4,4,143,2,2,58,1038,0,1,0,0,0,0,1,1
7,5,256,4,2,2,1396,0,0,1,0,0,1,0,0
3,5,199,3,2,62,3259,0,0,1,0,0,1,0,1
3,5,194,3,1,8,5726,0,0,0,1,0,1,1,1
3,4,201,3,3,7,4887,0,0,0,1,0,0,1,1
3,1,203,10,2,7,5917,0,0,0,1,0,1,0,1
4,2,158,3,1,3,4527,0,0,0,1,0,1,1,0
7,2,281,4,1,6,1118,0,1,0,0,0,1,0,1
3,3,223,3,2,4,5062,0,0,0,0,0,1,0,1
4,3,256,3,1,15,3155,0,0,0,1,1,0,0,1
5,2,250,5,1,9,1897,1,0,0,0,1,0,0,0
4,4,220,2,2,33,2897,0,1,0,0,0,0,0,1
2,4,102,4,2,6,5421,1,0,0,0,0,1,0,0
4,2,177,3,1,4,4550,1,0,0,0,1,0,0,0
4,3,177,3,2,4,4551,0,1,0,0,0,1,0,0
3,1,254,3,2,35,2965,1,0,0,0,0,1,0,1
4,5,211,4,2,10,4004,1,0,0,0,0,1,0,0
5,2,246,2,1,4,3617,0,0,1,0,0,1,0,1
4,3,159,3,1,33,1330,0,0,0,0,0,0,1,1
4,1,214,5,2,9,5801,0,0,0,0,0,1,1,0
6,4,206,5,2,10,1680,0,1,0,0,0,1,0,0
4,3,177,3,1,7,4834,0,0,0,0,0,0,0,1
3,4,191,3,2,10,4667,0,0,0,1,0,0,0,0
3,2,204,3,3,54,3608,0,0,0,1,0,1,0,1
6,2,143,5,1,17,1955,1,0,0,0,0,1,1,1
6,3,281,4,2,8,1884,0,0,0,0,0,1,0,0
4,5,225,4,2,5,4622,0,0,1,0,1,0,1,0
4,5,246,5,1,2,1024,0,0,0,1,0,1,0,1
3,4,217,2,2,9,5450,1,0,0,0,0,0,0,0
3,1,216,4,2,4,4416,0,0,0,0,1,0,0,0
4,5,257,2,1,3,5394,1,0,0,0,0,1,1,0
7,2,281,4,2,2,1291,0,0,0,1,1,0,0,0
3,1,202,2,3,21,3120,1,0,0,0,0,1,0,1
7,1,269,5,2,5,1402,0,0,1,0,1,0,0,0
3,3,185,3,2,4,4111,0,0,1,0,0,1,1,1
4,5,208,5,1,7,5833,0,0,0,1,0,1,0,0
4,4,280,3,2,5,5624,0,0,0,1,1,0,1,0
7,3,244,4,2,10,1629,0,0,0,1,0,1,1,0
4,3,153,4,1,4,5161,0,1,0,0,1,0,1,0
5,1,200,8,1,18,3806,0,0,0,0,0,1,0,1
4,4,263,2,2,41,3955,1,0,0,0,0,1,0,1
4,3,251,3,3,8,5986,0,0,1,0,0,1,1,1
4,5,213,4,1,39,2381,0,0,0,1,0,1,1,1
4,5,202,2,2,35,3695,0,0,0,1,0,1,1,1
4,3,250,2,1,46,2878,0,1,0,0,0,1,0,1
4,1,265,6,1,9,1753,1,0,0,0,0,1,0,1
4,4,252,6,2,44,2676,0,0,0,0,0,1,1,1
4,5,233,3,2,7,5604,0,0,0,1,0,1,0,1
3,3,207,3,3,1,5632,0,1,0,0,0,0,1,1
5,3,167,3,1,9,5026,0,0,0,0,0,0,1,0
4,5,234,3,1,4,5100,1,0,0,0,0,1,0,1
6,2,219,5,1,9,1071,1,0,0,0,0,1,0,0
2,4,151,4,1,2,1150,1,0,0,0,0,1,0,0
3,5,193,3,3,57,3364,0,0,0,0,0,1,0,1
5,3,190,3,1,52,2611,0,0,1,0,0,1,1,1
3,3,204,2,2,5,5399,0,0,0,1,0,1,0,0
4,3,261,3,2,1,4590,1,0,0,0,0,1,1,0
3,3,241,3,1,6,5261,0,1,0,0,1,0,0,0
2,3,187,2,2,10,5957,1,0,0,0,0,1,0,0
6,5,249,4,2,3,1710,0,0,0,0,0,1,1,1
4,5,194,2,1,1,5300,0,0,0,1,1,0,0,1
4,4,264,2,2,12,2203,0,0,1,0,0,1,0,1
4,1,211,2,2,44,3099,0,1,0,0,0,1,0,1
5,1,229,5,1,10,1040,0,0,0,1,0,1,0,1
3,2,160,4,1,9,5112,0,0,1,0,0,1,0,1
4,5,176,2,1,1,4155,0,1,0,0,0,0,0,0
4,1,249,6,2,2,5720,0,0,0,1,0,1,1,1
6,2,289,4,3,3,1116,1,0,0,0,1,0,0,0
4,1,163,2,1,3,4099,0,0,0,1,0,1,0,1
2,3,164,2,1,56,1491,1,0,0,0,0,1,1,1
5,3,242,5,1,9,1716,0,0,0,1,0,1,0,0
5,3,224,2,2,1,5603,0,0,0,1,0,1,1,0
3,5,202,4,2,7,4458,1,0,0,0,0,0,0,0
3,3,196,3,1,9,4431,0,0,1,0,1,0,1,0
3,3,151,3,1,9,5082,0,0,0,1,0,1,1,0
4,1,220,3,2,4,4314,0,0,0,0,0,1,1,0
4,3,255,5,1,18,3644,0,0,0,0,0,0,1,1
4,2,161,3,1,22,1819,0,1,0,0,1,0,0,1
4,5,155,3,1,10,5315,1,0,0,0,0,1,0,1
5,4,222,3,1,1,4834,0,1,0,0,1,0,1,1
5,2,260,3,1,1,4799,0,1,0,0,0,1,1,1
3,5,264,4,2,8,4324,0,0,0,1,0,1,0,0
5,1,239,5,1,7,1859,0,1,0,0,0,0,0,1
3,3,182,4,1,10,1690,0,0,0,1,1,0,1,1
4,2,250,3,1,53,2478,0,0,1,0,0,1,0,1
4,4,205,3,1,58,2522,0,1,0,0,0,1,0,1
3,2,173,3,2,37,1990,0,1,0,0,0,1,0,1
4,3,191,3,2,6,4563,0,1,0,0,0,1,0,0
2,1,155,2,1,2,5661,0,0,0,0,0,0,1,1
5,5,234,6,1,52,2615,0,1,0,0,0,1,0,1
4,5,233,5,1,8,1040,0,0,0,0,0,1,0,1
5,1,270,5,3,6,1836,0,0,0,0,0,1,0,1
3,4,187,2,3,8,3725,0,0,1,0,0,1,1,1
4,3,194,3,2,3,5916,1,0,0,0,1,0,1,1
3,3,99,3,3,63,1223,0,0,1,0,0,1,1,1
5,4,226,6,1,1,1327,1,0,0,0,0,1,1,0
3,5,194,4,2,21,2695,1,0,0,0,1,0,0,1
3,5,253,4,2,5,4761,0,1,0,0,1,0,0,1
5,2,216,4,2,9,5804,1,0,0,0,0,1,0,0
4,1,270,2,1,4,4369,0,0,0,1,0,1,1,0
5,5,154,2,2,3,4669,0,1,0,0,0,1,1,0
4,1,153,7,2,4,5761,1,0,0,0,0,1,0,1
4,5,243,4,2,41,2782,0,0,0,1,0,1,0,1
3,2,146,4,1,13,1790,0,0,1,0,0,1,1,1
2,1,197,4,1,5,4614,0,0,1,0,0,1,1,0
4,2,235,5,1,8,1021,0,0,1,0,0,1,1,0
3,3,180,3,3,56,1684,0,1,0,0,0,0,0,1
3,3,109,2,2,18,1661,0,0,0,1,0,1,1,1
5,5,189,3,1,7,5717,1,0,0,0,0,0,1,0
3,4,144,10,3,8,4440,0,1,0,0,1,0,1,0
6,3,262,5,1,9,1053,0,0,1,0,0,0,1,0
3,4,190,7,2,51,2391,0,0,1,0,0,1,0,1
3,4,181,3,3,9,5470,0,0,1,0,0,1,0,0
5,2,230,6,1,10,3604,0,0,1,0,0,1,1,1
3,2,199,3,2,8,4164,1,0,0,0,0,1,0,1
3,3,198,2,1,8,4620,1,0,0,0,0,1,1,1
5,2,265,2,3,24,2415,0,0,0,1,0,1,1,1
4,3,242,3,1,1,2808,0,0,1,0,0,1,1,1
5,5,132,3,1,3,4263,0,0,0,1,0,0,1,0
4,5,181,2,2,59,2239,0,0,0,0,0,1,1,1
3,1,155,3,1,49,1203,0,0,0,1,0,1,1,1
4,2,161,4,1,9,4713,0,0,0,0,0,1,0,1
4,2,219,3,1,9,5703,0,0,1,0,0,0,0,0
4,1,243,3,2,10,5832,0,0,0,0,0,1,1,0
4,3,104,5,1,6,4617,0,0,0,0,0,1,0,1
2,1,164,5,1,4,1708,0,0,0,1,1,0,1,0
5,2,250,3,2,6,5298,0,0,0,1,0,1,0,0
3,5,226,2,2,3,4208,0,0,0,1,1,0,1,1
4,2,194,3,1,10,5171,0,1,0,0,0,1,0,1
2,5,181,5,2,5,1043,0,1,0,0,0,1,0,0
6,2,306,4,1,6,1123,1,0,0,0,0,1,0,0
3,2,148,3,2,64,1280,0,0,0,1,0,1,0,1
3,4,177,3,2,1,4965,0,1,0,0,0,1,0,0
5,3,238,5,2,2,1150,0,0,0,1,0,0,1,1
5,5,135,2,1,1,4324,0,0,0,1,0,1,0,1
3,2,135,7,2,5,4716,0,1,0,0,0,1,0,0
5,4,274,5,1,7,1371,0,0,0,0,0,1,1,1
4,5,251,6,1,1,1625,0,0,1,0,0,1,0,0
4,3,265,3,1,65,3578,0,0,1,0,0,1,0,1
5,2,257,3,1,2,4677,0,0,0,1,0,1,0,1
4,1,234,3,1,8,4996,0,0,1,0,0,1,0,0
4,3,272,4,1,61,2857,1,0,0,0,1,0,1,1
6,5,267,4,1,3,1550,0,0,0,0,0,0,1,0
3,2,264,4,2,1,4877,0,0,0,1,0,0,1,0
4,2,152,4,2,3,4006,1,0,0,0,0,1,0,0
3,1,266,7,1,5,4102,0,1,0,0,0,0,1,1
5,5,193,4,2,8,5714,0,0,0,0,0,1,1,0
6,5,287,5,1,2,5611,0,0,0,0,0,1,1,1
4,5,164,4,1,4,5736,1,0,0,0,0,1,0,0
5,3,287,4,1,2,1437,0,0,1,0,0,1,1,0
6,5,264,4,1,1,1039,0,1,0,0,1,0,1,1
4,4,176,6,3,5,4494,0,1,0,0,0,1,1,1
6,2,269,6,2,4,4423,0,0,0,0,1,0,1,0
5,3,249,4,2,1,1014,0,1,0,0,1,0,1,1
3,1,227,3,2,52,3336,0,0,1,0,0,1,1,1
3,2,221,3,1,21,3686,0,1,0,0,0,1,0,1
6,1,173,3,2,2,4892,0,0,1,0,0,0,0,0
3,3,243,2,1,3,4675,0,0,0,1,0,1,1,1
4,1,250,2,1,17,3544,0,0,0,0,0,0,1,1
5,2,275,5,1,10,1924,0,1,0,0,1,0,0,0
3,5,275,2,1,7,4619,0,1,0,0,1,0,0,0
3,5,142,3,1,2,4619,1,0,0,0,1,0,0,0
5,3,228,5,3,9,1924,0,0,0,1,0,0,1,0
4,1,233,2,1,48,2804,0,0,0,1,0,0,0,1
5,2,232,3,1,1,1187,0,0,0,0,0,1,0,1
4,2,187,4,2,49,3225,0,0,0,0,0,1,1,1
4,4,190,2,1,2,4460,0,0,0,1,1,0,1,0
4,4,156,3,1,20,1523,0,0,1,0,0,1,1,1
4,1,264,3,1,13,3015,1,0,0,0,1,0,1,1
5,1,134,2,1,8,5646,0,0,0,0,0,1,1,0
6,4,221,10,2,42,2972,0,0,0,1,0,1,1,1
3,3,121,2,1,10,5130,1,0,0,0,0,0,1,1
3,5,186,2,2,4,4352,0,0,0,1,0,1,1,0
4,1,207,2,2,4,4099,1,0,0,0,1,0,1,0
5,4,234,2,3,61,3084,0,0,1,0,0,1,0,1
5,4,199,4,1,24,3443,0,1,0,0,0,1,1,1
3,5,103,3,1,3,1403,0,0,0,0,0,1,1,1
5,5,240,6,2,9,1117,1,0,0,0,0,0,0,0
6,1,250,4,1,10,1623,0,0,0,0,0,1,1,1
5,3,220,3,1,37,2294,0,0,1,0,1,0,1,1
3,3,218,3,1,4,5086,0,0,0,0,0,1,0,1
4,4,210,3,2,14,3666,0,0,0,1,0,1,0,1
2,2,258,3,2,3,5365,0,0,0,1,0,1,0,1
3,5,191,3,2,54,3890,0,0,1,0,0,1,1,1
3,1,198,2,1,8,4940,1,0,0,0,0,1,0,0
3,5,178,3,1,39,1498,0,1,0,0,0,1,0,1
3,1,267,2,1,9,5744,1,0,0,0,1,0,0,0
4,3,275,10,2,10,2093,0,0,1,0,0,1,1,1
6,2,304,4,1,2,1256,0,0,0,0,1,0,1,1
5,1,265,3,2,6,2452,0,1,0,0,0,0,1,1
3,5,265,4,1,8,5087,0,1,0,0,0,1,0,1
3,5,212,3,1,19,2703,1,0,0,0,0,1,0,1
4,2,216,2,2,22,3024,0,0,0,1,0,1,0,1
3,2,178,4,2,48,1079,0,0,0,0,1,0,0,1
3,3,273,10,2,10,5574,0,1,0,0,1,0,0,1
5,4,273,6,2,7,4058,0,0,1,0,0,1,0,1
2,1,157,3,1,58,1930,0,0,1,0,1,0,1,1
4,2,192,3,3,4,2061,0,0,1,0,0,1,1,1
5,3,127,3,1,43,1446,0,0,1,0,0,1,0,1
5,2,219,4,1,7,4787,0,0,0,1,0,1,0,1
5,4,225,2,1,8,4725,0,0,0,1,0,1,1,0
5,1,149,4,2,20,1110,0,0,1,0,0,0,0,1
5,2,229,3,1,1,5189,0,0,0,1,0,1,1,1
6,5,260,4,1,8,1347,0,0,0,0,1,0,0,1
6,1,255,4,1,2,1385,0,0,0,1,0,0,0,0
3,3,104,5,2,41,1936,0,0,0,1,0,0,0,1
5,5,265,6,1,4,1937,0,0,1,0,0,1,1,1
4,3,173,4,1,9,5672,0,0,1,0,0,1,1,0
2,4,140,3,1,32,1819,1,0,0,0,1,0,1,1
3,3,188,4,2,1,4296,0,0,0,1,0,1,1,1
3,2,258,2,1,1,5862,0,1,0,0,0,1,1,0
3,3,183,3,1,2,4363,0,0,1,0,1,0,1,0
3,4,243,3,2,8,4959,0,0,0,1,0,0,0,0
4,1,104,7,2,52,1083,1,0,0,0,0,0,0,1
5,3,232,3,2,3,4526,0,0,0,1,0,1,1,0
2,4,181,4,2,13,2309,1,0,0,0,0,0,1,1
3,3,176,4,2,10,1177,1,0,0,0,0,0,1,1
4,2,150,2,1,2,5301,1,0,0,0,0,1,0,0
3,4,265,2,3,64,2493,0,1,0,0,0,1,0,1
3,1,171,2,1,1,1629,0,0,0,1,0,1,1,1
3,3,158,2,2,7,4865,0,0,0,1,0,0,1,0
3,5,135,3,1,20,1772,0,0,0,0,0,1,1,1
5,4,224,6,1,6,1049,0,1,0,0,0,1,0,1
4,5,154,4,2,7,4938,0,0,1,0,1,0,1,0
4,2,175,6,1,5,5445,0,1,0,0,0,1,0,1
4,4,239,5,1,6,1986,0,1,0,0,0,1,1,1
2,4,111,2,3,60,1787,1,0,0,0,0,1,1,1
3,5,284,2,1,10,5619,1,0,0,0,0,1,1,0
6,4,300,4,2,7,1607,0,0,0,0,1,0,0,0
5,3,256,2,1,3,4456,0,1,0,0,0,0,1,0
2,5,264,5,2,1,4426,1,0,0,0,0,1,0,0
4,2,241,2,1,17,3844,0,0,0,1,0,0,1,1
5,1,240,5,2,5,4144,0,1,0,0,0,1,0,0
4,1,201,10,2,37,3402,0,1,0,0,0,1,1,1
5,5,156,2,1,44,1561,0,0,1,0,0,0,1,1
2,3,242,2,2,1,5892,1,0,0,0,1,0,0,1
3,1,146,10,1,5,4032,0,0,0,1,1,0,0,1
3,2,273,3,2,2,4948,0,0,0,1,0,0,0,0
4,4,248,4,1,49,2322,0,1,0,0,1,0,0,1
4,5,196,2,2,3,5505,1,0,0,0,0,1,0,0
3,5,195,3,2,47,2439,0,1,0,0,0,1,0,1
2,4,233,4,2,4,5408,0,0,0,1,0,0,0,0
4,3,269,3,1,7,2538,0,1,0,0,0,1,0,1
7,1,276,4,1,9,1519,0,0,1,0,0,1,0,1
2,4,158,5,2,2,4303,0,1,0,0,0,1,0,1
4,4,268,3,1,9,4118,0,0,0,1,0,1,0,1
4,2,248,6,1,1,1415,1,0,0,0,0,1,1,1
3,3,234,2,2,39,2449,0,0,1,0,0,0,0,1
6,1,144,4,1,5,5121,0,0,0,1,0,1,0,0
5,3,274,6,2,7,1293,0,0,1,0,0,0,1,0
6,2,290,4,2,1,1111,0,1,0,0,0,0,1,0
4,2,263,6,2,4,1644,0,0,1,0,0,1,0,0
3,2,247,2,2,39,3189,0,0,0,1,1,0,1,1
4,5,185,2,1,4,5428,0,0,1,0,0,0,0,0
3,4,212,3,2,10,4663,0,0,0,0,0,1,1,0
6,1,255,4,1,5,1253,0,1,0,0,1,0,1,1
4,5,268,3,2,7,3622,1,0,0,0,0,0,1,1
5,3,269,5,1,3,1667,0,0,1,0,0,0,0,1
4,3,219,6,2,2,1634,0,0,0,1,1,0,0,0
4,2,267,5,1,9,4720,1,0,0,0,0,1,1,1
4,1,171,3,1,58,1516,0,0,0,1,0,1,0,1
3,3,217,3,1,6,4887,0,0,1,0,0,1,0,0
3,5,205,4,1,9,4819,0,0,0,1,0,1,0,1
3,2,164,2,2,3,4666,0,0,0,1,1,0,0,0
2,3,197,3,1,7,4632,0,0,1,0,0,1,0,0
3,1,267,3,1,57,3257,0,0,0,1,0,1,0,1
5,4,171,3,1,1,5011,0,0,0,0,0,1,0,0
6,2,137,10,1,5,4510,0,1,0,0,1,0,0,0
6,1,298,4,1,1,1735,0,0,1,0,0,1,0,1
3,1,201,3,2,8,4315,0,0,0,1,0,1,0,0
3,5,167,2,1,2,4141,0,0,0,1,0,1,0,0
5,2,303,4,1,9,1224,0,0,0,0,0,1,0,1
3,4,238,2,2,7,5974,0,1,0,0,0,1,1,0
4,1,242,6,1,4,1791,0,0,1,0,0,1,1,1
5,3,256,6,2,5,5614,0,1,0,0,1,0,0,1
5,3,213,2,3,27,2581,1,0,0,0,0,1,0,1
3,4,259,2,2,3,4154,1,0,0,0,0,1,0,1
4,2,197,7,2,43,3730,0,0,0,1,0,0,1,1
3,4,261,2,2,1,3398,1,0,0,0,1,0,0,1
3,3,245,2,2,16,2577,0,0,1,0,0,1,0,1
4,3,177,3,1,1,5282,0,0,1,0,0,1,1,0
5,4,189,5,1,3,3301,1,0,0,0,0,0,1,1
3,1,138,3,2,2,4766,0,0,1,0,0,1,0,1
4,1,132,4,2,10,1343,0,0,1,0,0,1,0,1
3,2,181,2,1,6,5410,0,0,1,0,0,1,0,0
4,1,205,5,1,10,4944,0,0,0,0,1,0,1,0
6,2,293,5,1,2,1494,0,0,0,0,0,0,1,0
3,3,149,3,1,63,1946,1,0,0,0,0,1,0,1
4,2,213,4,1,37,2184,0,1,0,0,0,1,0,1
3,5,168,4,2,23,1347,0,0,0,1,0,1,1,1
4,3,167,2,2,1,5409,0,0,0,0,1,0,0,1
4,3,264,5,1,2,1541,0,0,0,1,0,1,0,0
4,2,183,3,1,33,2741,0,0,1,0,1,0,0,1
5,2,173,4,2,4,5363,0,0,1,0,0,1,1,0
5,1,198,4,1,5,5025,0,0,1,0,0,0,0,1
3,3,157,4,2,2,5684,0,1,0,0,1,0,0,0
6,5,240,4,2,62,2400,0,0,0,1,0,1,1,1
3,1,258,4,2,6,5365,0,0,1,0,1,0,0,1
5,2,179,3,1,7,5496,0,0,0,0,0,1,1,0
6,4,201,2,1,4,5916,0,0,0,0,1,0,1,1
5,3,267,5,1,6,1119,0,0,0,1,0,0,1,1
4,2,227,5,1,7,1354,1,0,0,0,1,0,1,1
4,2,273,5,2,6,2126,1,0,0,0,0,0,0,1
3,2,224,3,2,8,5869,0,0,0,0,0,1,1,0
5,4,160,4,1,6,1603,0,0,0,0,0,1,0,1
4,3,266,6,2,5,5209,0,0,1,0,0,0,0,0
3,4,163,3,2,58,1443,0,0,0,1,1,0,1,1
5,5,273,5,2,4,1597,0,0,0,1,0,0,1,1
3,4,271,2,1,14,2163,0,0,0,1,0,1,1,1
4,3,201,4,2,3,4797,0,1,0,0,1,0,0,0
6,2,257,4,1,5,1565,0,0,1,0,1,0,0,1
3,3,133,3,1,2,4926,0,0,0,0,0,1,0,0
5,2,268,3,2,41,3716,0,0,0,1,0,1,0,1
4,4,202,4,2,4,4053,0,1,0,0,0,1,1,0
5,1,254,5,2,10,1020,0,0,0,1,0,1,1,0
3,5,144,2,2,6,5983,0,1,0,0,0,1,1,0
6,3,260,4,1,4,1358,0,1,0,0,1,0,1,0
4,1,201,6,2,8,5529,1,0,0,0,0,1,0,0
4,1,175,3,2,2,5861,1,0,0,0,0,1,1,0
4,1,259,7,2,4,5102,0,0,0,1,0,0,0,0
5,1,167,2,1,62,1884,1,0,0,0,0,1,1,1
4,4,233,5,1,10,1173,0,0,1,0,1,0,0,1
6,4,306,4,1,8,1691,0,0,0,0,0,1,0,1
4,3,101,6,1,37,1344,0,0,0,0,0,1,1,1
5,3,162,4,2,38,1407,1,0,0,0,0,1,1,1
5,2,158,3,2,16,1499,0,0,0,0,0,1,1,1
3,5,183,3,1,2,3459,0,0,0,1,0,1,0,1
4,3,187,4,1,4,4757,0,1,0,0,1,0,1,0
4,1,202,2,2,10,5428,1,0,0,0,0,1,1,1
6,1,113,2,2,7,5234,0,0,0,1,0,1,0,1
2,1,115,3,3,42,1247,1,0,0,0,1,0,1,1
4,3,162,2,1,2,1714,0,0,1,0,0,1,1,1
3,3,142,6,2,2,5748,0,1,0,0,0,1,0,1
3,3,150,3,1,46,1040,0,1,0,0,0,1,1,1
4,1,151,2,2,6,1114,0,0,0,1,0,1,1,1
5,4,172,3,1,3,5064,0,0,0,1,1,0,0,1
6,4,253,4,1,7,1485,0,0,0,1,0,0,0,0
3,4,198,2,1,25,2774,0,0,0,0,0,1,1,1
4,3,151,3,2,6,5379,0,0,0,1,0,1,0,1
4,1,197,3,3,9,4917,0,0,0,0,0,1,1,0
3,1,159,3,1,10,4358,0,1,0,0,0,1,1,1
4,4,196,5,3,7,4622,0,1,0,0,1,0,0,0
4,2,262,2,1,37,3523,0,0,0,0,0,1,0,1
3,5,164,3,1,61,1473,0,0,0,0,0,1,1,1
3,2,175,4,2,17,1276,0,1,0,0,0,1,0,1
5,4,211,3,1,9,4908,0,0,0,1,0,1,1,0
6,5,286,4,1,31,3774,0,0,0,1,1,0,0,1
2,1,159,2,1,44,1213,0,1,0,0,0,1,0,1
5,3,224,2,2,52,3824,0,0,1,0,0,1,1,1
3,5,212,2,1,3,5761,0,0,0,0,0,1,0,1
3,2,155,3,1,1,5731,0,0,1,0,0,1,1,1
4,4,195,3,1,6,5783,0,0,1,0,1,0,0,0
3,3,156,3,3,20,1305,0,1,0,0,0,1,0,1
2,3,198,2,2,6,1996,0,1,0,0,0,1,0,0
3,4,139,2,1,45,1192,0,0,0,1,0,1,1,1
4,1,220,2,2,38,2368,0,0,0,1,0,0,1,1
4,3,149,6,2,5,5456,0,0,0,1,0,1,1,1
3,5,230,2,1,27,3840,0,0,0,0,0,1,1,1
3,3,134,3,2,8,4950,0,0,0,1,0,1,0,0
4,5,192,3,3,20,3872,0,0,0,0,0,1,1,1
3,1,245,4,3,47,3111,0,1,0,0,0,1,0,1
5,4,193,3,2,4,5873,0,0,0,0,0,1,1,0
6,5,213,6,1,7,2709,0,0,0,1,0,1,1,1
3,4,166,2,1,10,5258,0,0,0,0,0,1,0,0
3,2,179,5,1,52,1991,0,0,0,0,0,1,0,1
6,4,218,6,2,1,4625,0,0,0,1,0,1,1,1
3,1,272,2,1,51,2719,0,0,1,0,0,1,1,1
3,1,132,3,2,5,5978,0,0,0,1,0,1,0,0
6,3,189,3,2,3,5062,0,0,0,1,0,1,0,0
4,2,138,3,1,30,1805,1,0,0,0,0,1,0,1
3,1,183,3,2,51,3863,0,0,1,0,0,1,0,1
5,2,263,2,2,63,1254,0,0,0,1,0,1,0,1
5,2,227,5,1,3,1242,0,1,0,0,0,1,0,1
3,2,193,2,1,3,4799,0,0,0,0,0,1,1,1
6,1,105,5,1,57,1784,0,1,0,0,0,1,0,1
4,1,255,3,2,6,4313,0,0,0,1,0,1,0,1
3,2,188,5,2,7,5673,0,0,0,1,0,1,1,0
5,2,265,2,2,7,5464,1,0,0,0,0,1,0,1
5,2,196,5,1,10,5111,0,0,0,1,0,1,1,0
5,3,186,2,2,58,2259,0,0,0,1,0,1,0,1
6,5,294,4,1,4,1302,0,0,0,0,0,1,1,0
3,2,141,3,2,41,1801,0,0,0,1,0,1,0,1
3,5,224,2,1,13,3891,0,0,0,1,0,1,1,1
2,1,275,2,1,5,4163,0,0,0,1,0,1,0,1
3,1,201,3,1,3,4556,0,0,0,0,0,1,0,1
4,4,178,3,1,1,1165,0,0,1,0,0,0,0,1
5,1,155,2,2,40,1024,1,0,0,0,0,1,0,1
5,1,236,6,2,4,1705,0,0,0,0,0,1,0,0
5,3,181,4,2,32,3893,0,0,0,0,0,1,0,1
3,2,209,2,1,24,2748,0,0,0,0,0,1,0,1
6,5,219,5,1,2,1475,0,1,0,0,0,0,0,1
3,4,218,3,2,4,3534,0,0,0,1,1,0,0,1
4,5,202,3,2,46,3181,0,0,0,1,0,1,0,1
4,3,213,3,1,6,5447,1,0,0,0,0,1,1,0
5,3,221,5,1,2,1630,0,0,1,0,0,0,0,1
6,4,247,4,2,2,1858,1,0,0,0,0,0,1,1
5,4,307,5,1,8,1903,0,0,1,0,0,0,1,0
3,3,189,3,2,1,5896,0,0,0,0,0,1,0,1
4,4,168,3,1,35,1434,0,0,1,0,0,1,0,1
3,3,165,3,2,4,5924,0,0,0,1,0,1,0,1
5,2,268,5,2,2,1061,0,0,1,0,0,1,0,1
3,1,231,2,1,44,3688,1,0,0,0,0,1,1,1
3,1,229,3,1,5,4971,0,0,0,1,0,1,1,1
3,3,154,10,2,1,5235,0,0,0,1,1,0,0,1
3,2,264,2,1,6,5702,0,0,0,1,0,1,1,1
3,5,272,3,2,48,3780,0,1,0,0,1,0,1,1
5,2,167,3,2,7,1939,0,1,0,0,0,1,0,1
4,5,199,2,2,4,4762,0,1,0,0,0,1,1,0
5,4,225,5,1,6,2000,0,0,0,1,0,1,0,0
4,3,274,3,1,5,4409,0,0,0,1,0,1,0,0
5,5,137,3,1,5,5914,0,0,0,1,0,1,1,1
3,4,216,3,1,3,5817,0,0,1,0,0,0,0,0
4,3,205,2,2,10,4178,0,0,0,1,0,0,1,1
3,1,164,10,2,6,5603,0,0,0,0,1,0,0,0
5,2,189,3,1,1,5965,1,0,0,0,0,1,0,0
4,4,178,4,2,13,1614,0,0,0,0,1,0,0,1
3,1,134,3,1,7,5802,0,0,0,0,1,0,0,1
4,4,215,2,3,6,5238,0,1,0,0,0,1,0,0
4,5,268,3,1,17,3085,0,0,0,1,0,1,1,1
4,3,220,3,2,8,3342,0,0,0,1,0,1,1,1
5,2,205,3,1,3,5182,0,1,0,0,1,0,0,0
3,4,188,3,3,11,3072,0,0,1,0,0,1,1,1
3,2,244,8,1,50,3562,1,0,0,0,0,1,0,1
3,4,241,3,2,3,4047,1,0,0,0,0,1,1,0
3,3,220,3,3,6,5269,0,0,0,0,0,1,0,1
3,3,157,4,2,7,4487,0,0,0,1,0,1,0,1
3,4,164,10,2,10,4134,0,0,0,1,0,0,0,0
3,2,182,2,1,10,4391,0,0,1,0,0,1,1,1
4,5,264,6,1,6,1637,0,0,1,0,1,0,1,0
6,2,229,3,2,13,2322,1,0,0,0,0,0,1,1
6,4,174,3,2,14,1651,1,0,0,0,1,0,0,1
3,3,237,3,2,57,3761,0,0,1,0,0,1,1,1
5,1,225,3,1,8,4539,0,1,0,0,0,0,1,0
5,5,240,5,2,10,1574,0,1,0,0,0,1,1,1
4,2,190,3,2,7,4766,0,0,0,0,1,0,1,0
4,4,147,3,1,13,1145,0,0,0,1,0,1,1,1
6,1,280,4,1,5,1624,0,1,0,0,1,0,0,0
4,1,220,3,2,6,4472,0,1,0,0,0,1,0,0
2,4,194,2,1,4,4803,0,0,0,0,0,1,0,1
5,2,252,3,1,7,5058,0,1,0,0,0,1,1,0
3,3,204,2,2,6,5612,0,1,0,0,0,1,1,0
2,3,258,5,1,6,1727,1,0,0,0,0,1,0,0
4,2,238,2,3,17,3358,0,1,0,0,0,1,1,1
3,1,139,2,1,47,1241,0,0,0,1,0,1,1,1
3,2,165,3,1,6,5642,0,0,0,1,0,1,1,0
6,2,260,3,1,2,4071,0,0,1,0,1,0,1,0
5,1,172,2,2,3,4892,0,0,0,0,0,0,0,0
5,3,218,5,1,9,4435,0,0,0,1,0,1,0,1
3,5,224,2,1,10,4380,0,0,1,0,0,1,0,1
4,1,272,5,2,1,1149,0,1,0,0,0,1,0,0
4,5,201,10,1,7,5340,0,0,0,1,1,0,0,0
4,3,160,2,1,9,5940,0,1,0,0,0,1,1,0
5,3,156,3,1,6,5231,0,1,0,0,0,1,0,1
4,5,177,3,2,7,4243,0,0,0,1,0,1,0,1
5,4,197,4,1,40,3303,0,0,0,1,0,0,0,1
4,4,191,6,1,60,3425,1,0,0,0,0,1,0,1
3,2,265,3,1,49,2791,0,0,1,0,1,0,0,1
5,1,144,4,1,37,1658,0,0,0,1,0,1,1,1
5,2,140,4,3,58,1175,1,0,0,0,0,1,1,1
4,1,249,6,2,7,1415,0,0,1,0,0,1,1,1
3,4,247,3,1,4,5844,0,0,0,0,0,1,0,0
4,1,194,2,2,3,5503,1,0,0,0,1,0,0,0
5,4,275,4,1,7,4597,0,1,0,0,0,0,0,0
4,5,251,2,2,28,3561,0,0,1,0,0,1,0,1
3,1,108,6,2,7,4024,0,1,0,0,1,0,0,0
2,1,213,3,1,29,2732,0,0,1,0,0,1,1,1
5,5,187,3,2,5,4613,0,0,1,0,0,1,0,0
5,1,271,2,3,46,2744,1,0,0,0,0,1,1,1
5,3,261,5,2,10,1434,0,0,0,1,1,0,1,1
5,2,165,3,2,10,5598,0,0,0,1,0,0,0,0
4,5,270,10,2,9,5085,1,0,0,0,0,1,1,1
4,3,138,3,2,15,1080,0,0,0,1,0,1,1,1
6,5,298,4,2,5,1804,0,0,0,0,0,1,0,0
4,5,201,4,2,46,3498,0,0,0,1,1,0,1,1
2,1,203,4,2,4,4145,0,0,0,1,0,1,0,0
4,5,240,5,2,8,4314,0,1,0,0,0,1,1,0
4,1,184,3,3,47,3081,0,0,0,0,0,1,0,1
5,4,241,4,3,6,4412,0,1,0,0,0,1,1,1
3,1,184,2,1,31,3191,0,0,1,0,0,0,0,1
4,3,236,3,1,4,4257,0,0,1,0,0,1,1,1
4,1,147,2,1,8,4600,1,0,0,0,1,0,1,1
2,3,264,4,1,10,1648,0,0,0,0,1,0,0,1
5,3,189,3,2,7,5830,0,0,0,1,0,1,0,1
2,3,189,4,1,34,3355,0,0,0,1,0,1,1,1
3,1,256,2,2,63,3046,0,0,0,1,0,1,0,1
4,3,134,2,1,2,4522,0,0,0,0,1,0,0,0
4,5,256,4,1,8,5244,0,0,0,1,0,1,0,1
5,5,238,6,1,3,1965,0,0,0,0,0,1,0,1
3,3,187,2,1,7,4859,0,0,0,0,0,1,0,0
2,4,268,4,1,5,4400,0,0,0,1,0,1,1,1
4,3,258,2,1,2,4308,0,0,1,0,1,0,0,0
5,5,203,5,2,1,5356,0,0,1,0,0,1,1,1
7,4,295,4,1,10,1217,0,0,1,0,0,1,0,1
5,4,228,4,3,7,5913,0,0,0,1,0,0,0,0
7,3,295,4,1,9,1235,0,0,1,0,0,0,0,0
4,1,273,3,2,5,5055,0,1,0,0,0,0,1,0
4,1,188,2,1,6,5894,1,0,0,0,0,1,1,1
4,3,169,3,1,8,4613,0,0,0,0,0,1,0,0
4,3,229,2,2,7,5364,0,1,0,0,0,1,1,1
3,3,273,4,1,12,2151,0,0,0,1,1,0,1,1
4,3,187,3,1,61,2207,0,0,1,0,0,1,1,1
4,1,153,4,1,7,1130,0,0,0,0,0,1,1,1
4,5,239,6,1,4,1451,0,0,1,0,0,1,1,0
4,4,244,3,2,55,2782,0,0,1,0,0,1,0,1
5,2,135,2,2,4,5405,0,0,0,0,1,0,1,0
3,4,156,3,1,4,4628,1,0,0,0,1,0,1,0
3,5,264,2,2,33,2021,0,1,0,0,0,1,1,1
3,1,246,2,1,9,4947,0,0,1,0,0,1,0,0
5,4,235,3,2,8,4636,1,0,0,0,0,0,0,0
6,2,308,5,2,4,1303,0,1,0,0,0,0,1,0
3,3,113,3,1,43,1518,0,0,0,1,0,1,0,1
5,2,185,3,1,10,4354,0,0,1,0,0,1,1,0
5,2,137,3,2,47,1023,1,0,0,0,1,0,1,1
4,4,237,3,2,2,4760,0,1,0,0,0,1,1,0
4,2,270,2,1,65,3599,0,0,0,1,0,1,1,1
4,2,161,3,1,4,5947,1,0,0,0,0,1,0,0
3,5,222,4,2,9,4247,0,0,0,0,0,1,0,0
3,2,181,3,1,29,2164,0,0,0,0,0,1,0,1
4,2,171,3,1,34,1352,0,0,0,0,0,1,1,1
5,1,193,2,2,1,4450,0,0,0,1,0,1,0,0
3,5,206,3,2,6,5618,1,0,0,0,0,1,0,0
6,1,284,4,1,7,1153,0,0,0,1,0,1,0,0
5,2,244,2,1,10,5696,0,1,0,0,1,0,1,0
3,3,269,3,3,6,4260,0,0,0,0,0,1,0,1
4,5,262,3,2,38,3139,0,1,0,0,0,1,0,1
2,3,169,3,2,48,1279,0,0,0,1,0,1,1,1
3,5,197,3,2,2,4018,0,0,1,0,0,1,0,1
3,4,189,3,3,2,5464,0,0,0,1,0,1,1,0
4,1,143,3,2,28,1197,0,0,0,0,0,1,0,1
5,3,198,4,3,65,3407,0,0,0,1,0,1,1,1
3,4,230,3,3,22,3546,0,0,1,0,0,1,0,1
5,5,258,5,1,10,1719,0,0,0,1,0,1,0,1
7,5,255,4,1,7,1104,0,0,1,0,0,1,1,0
3,5,194,2,2,7,4809,0,0,0,1,0,1,0,0
3,1,261,8,2,9,5248,0,0,0,0,0,1,0,1
3,5,162,2,1,4,4495,0,0,1,0,0,0,1,0
5,1,162,3,2,31,1435,1,0,0,0,0,1,1,1
5,5,269,5,1,4,1454,0,0,0,1,0,1,1,0
3,2,144,3,2,48,1867,0,0,1,0,0,1,0,1
5,1,145,2,2,8,4485,0,1,0,0,0,1,1,1
3,4,232,3,2,1,4228,0,0,1,0,0,1,0,1
3,5,208,3,1,41,3977,1,0,0,0,0,1,0,1
3,1,294,4,1,25,1498,0,0,1,0,0,1,0,1
3,1,144,3,2,6,4163,0,0,1,0,0,1,0,0
5,4,120,4,3,1,4183,0,0,1,0,0,1,1,0
2,2,248,2,1,46,3707,0,0,0,1,0,0,1,1
3,4,238,2,1,5,4349,0,0,0,1,0,0,1,1
3,2,214,2,2,9,4512,0,0,0,0,0,1,0,0
6,5,301,4,1,3,1958,1,0,0,0,0,0,0,0
7,5,268,4,2,9,1754,0,0,0,0,0,1,0,1
4,2,151,3,2,3,5154,0,0,0,1,0,1,1,1
3,1,174,6,2,4,4910,1,0,0,0,0,0,0,1
3,5,258,3,1,5,4314,1,0,0,0,0,1,1,1
4,4,266,3,1,3,5531,1,0,0,0,0,1,1,1
5,4,139,3,2,6,5721,0,0,0,1,0,1,0,0
6,3,251,5,2,8,4877,0,0,0,1,0,1,1,0
5,5,183,3,2,3,4071,1,0,0,0,0,1,0,1
4,2,209,4,1,10,3370,0,0,0,0,0,1,0,1
4,5,203,2,1,20,2421,0,0,0,1,1,0,0,1
3,3,275,3,1,61,2123,0,0,0,1,0,1,0,1
3,2,269,4,2,1,5797,0,0,1,0,1,0,1,0
4,5,237,5,2,4,4917,0,0,0,1,1,0,1,0
4,3,149,4,2,1,4678,1,0,0,0,1,0,1,0
5,3,140,5,2,6,1823,0,0,0,1,0,1,0,0
3,3,165,4,2,3,4235,0,0,1,0,0,1,1,0
3,3,217,4,2,3,5602,0,0,0,1,0,1,0,0
5,2,253,2,3,2,5643,0,0,0,0,0,0,0,1
6,2,309,4,2,10,1782,0,0,0,0,1,0,1,0
5,3,275,5,1,2,1816,1,0,0,0,0,1,0,0
3,2,109,3,1,30,1597,0,0,0,1,0,1,0,1
5,2,143,4,1,10,5400,0,0,0,1,0,0,0,0
4,5,259,2,2,4,4092,0,0,0,1,0,1,0,1
4,5,226,6,2,10,1348,0,0,0,1,0,1,0,1
4,2,267,5,2,2,1307,0,0,0,1,0,1,0,1
3,2,213,2,1,22,3248,0,0,1,0,0,1,1,1
5,1,134,2,1,7,5610,0,0,0,1,0,1,0,0
5,2,276,6,2,6,1043,0,1,0,0,0,0,0,0
4,5,245,3,2,6,2717,0,0,0,1,0,1,1,1
4,3,164,3,1,28,1880,0,0,1,0,1,0,1,1
5,1,263,6,1,3,1665,1,0,0,0,0,1,0,1
5,4,219,5,1,5,1867,1,0,0,0,0,0,1,0
3,4,225,4,2,9,5575,0,0,0,1,0,1,0,0
5,4,211,4,1,4,4498,1,0,0,0,0,1,0,1
4,5,168,3,3,4,4759,0,1,0,0,0,1,0,1
5,1,140,4,2,48,1322,1,0,0,0,0,1,1,1
4,3,257,3,1,8,5944,0,0,0,1,0,1,1,0
4,3,261,3,1,6,2787,0,0,0,0,0,1,0,1
2,3,139,8,2,21,1033,0,0,0,0,0,1,1,1
2,2,152,3,1,61,1800,0,0,0,0,1,0,0,1
4,1,252,3,1,4,5119,0,0,0,1,1,0,1,1
4,4,159,3,1,1,4194,0,1,0,0,0,1,0,1
5,3,169,4,2,37,1290,0,1,0,0,0,1,0,1
3,5,251,3,1,21,2476,0,0,1,0,1,0,0,1
5,2,243,2,2,4,3681,0,0,0,1,0,1,0,1
3,5,197,3,1,4,5423,0,0,0,1,0,1,1,0
3,3,231,3,2,53,2333,1,0,0,0,0,1,1,1
6,2,103,4,2,37,1093,0,0,0,1,0,1,1,1
3,1,244,3,2,6,4062,0,0,0,1,0,0,1,1
4,5,186,10,1,42,3521,1,0,0,0,0,1,0,1
2,2,135,3,1,58,1734,0,0,0,0,0,1,1,1
4,5,199,5,2,8,5669,1,0,0,0,0,1,1,1
3,2,183,4,2,12,2777,0,1,0,0,0,1,0,1
3,1,154,3,1,5,4720,0,0,0,1,0,1,1,1
4,1,127,8,1,12,1519,0,0,1,0,0,1,0,1
3,4,264,3,1,8,4575,0,0,0,1,0,1,1,1
3,3,115,6,3,6,5636,0,1,0,0,0,1,0,0
3,3,137,3,2,1,5490,0,0,0,1,0,1,1,1
5,4,245,5,1,5,1293,1,0,0,0,0,0,0,1
3,4,117,3,2,23,1527,0,0,0,0,0,1,1,1
4,1,243,3,3,9,4277,0,0,0,1,1,0,0,0
5,5,189,4,3,16,3564,0,0,1,0,1,0,0,1
2,4,264,3,1,1,5437,0,1,0,0,0,1,0,1
3,3,228,2,2,27,3473,1,0,0,0,0,1,1,1
3,3,135,3,1,56,1490,0,1,0,0,0,0,1,1
3,3,192,3,3,4,4339,0,1,0,0,0,0,0,1
3,1,132,2,2,16,1731,0,0,1,0,0,1,0,1
2,5,154,3,2,1,4377,0,0,0,0,0,1,0,0
4,2,210,3,1,9,4163,0,0,0,0,0,1,0,0
6,1,275,4,1,5,1228,0,0,0,1,0,1,0,0
2,1,154,3,2,4,5100,0,0,1,0,1,0,0,0
4,5,226,2,1,10,4706,0,0,1,0,0,1,1,1
5,1,257,4,2,1,4924,1,0,0,0,0,1,1,0
5,4,211,3,2,7,4856,0,0,0,1,0,0,0,0
4,5,171,4,2,4,4151,0,0,0,0,0,1,0,0
2,5,101,3,1,10,4353,0,0,0,1,0,1,1,0
4,1,150,4,3,60,1024,0,0,0,0,1,0,1,1
3,3,169,3,1,9,4317,0,0,1,0,0,1,0,1
4,4,184,8,1,7,5235,0,1,0,0,0,1,1,1
6,2,247,4,2,8,1941,0,0,0,0,0,1,1,0
7,1,255,4,2,3,1450,0,1,0,0,0,0,0,0
5,4,260,5,1,5,1370,1,0,0,0,0,1,1,0
5,5,247,10,2,61,2206,0,0,0,1,0,1,0,1
2,5,277,3,2,6,1032,0,0,1,0,0,1,1,0
5,1,201,3,1,4,5166,0,0,0,1,1,0,1,1
3,1,138,3,2,7,5534,0,1,0,0,0,0,0,0
6,4,305,4,1,7,1172,0,0,1,0,0,0,0,1
3,3,132,3,1,6,5721,0,0,0,0,0,1,1,1
3,3,151,3,2,1,5297,0,0,0,1,0,1,0,0
3,1,233,3,2,1,2744,0,0,0,1,0,0,1,1
4,1,207,5,1,48,2399,0,0,1,0,0,0,1,1
4,4,201,10,1,3,4202,0,1,0,0,0,1,1,0
4,4,177,7,1,3,5646,0,0,0,1,0,1,0,1
6,2,259,4,1,10,2000,0,0,0,0,0,1,0,1
5,5,261,8,2,39,2103,0,1,0,0,0,1,1,1
3,1,204,4,2,6,5926,0,0,1,0,0,1,0,1
4,1,189,3,2,5,4496,0,0,1,0,0,1,1,1
3,5,283,2,1,2,4207,0,0,0,0,0,1,1,0
3,1,170,2,1,9,4112,0,0,0,1,0,1,1,0
3,5,189,3,1,5,5422,0,0,0,1,0,0,1,0
2,1,98,3,1,29,1806,0,0,0,1,0,0,0,1
3,1,201,6,2,3,2497,0,0,1,0,0,1,0,1
5,2,251,3,1,9,4298,0,0,0,1,1,0,1,1
2,3,159,3,2,62,1124,0,1,0,0,0,1,1,1
4,2,157,4,1,6,4964,0,0,1,0,0,1,0,0
5,1,256,2,2,1,5352,0,0,0,0,0,1,0,1
6,4,275,4,1,9,1585,1,0,0,0,0,0,1,0
3,1,251,3,2,4,5291,1,0,0,0,0,1,0,0
4,1,191,3,1,4,2724,1,0,0,0,0,1,1,1
4,4,287,6,2,6,5282,0,0,0,1,0,1,1,0
4,1,145,3,2,7,4386,0,0,0,1,0,1,0,1
4,4,170,5,1,5,4823,0,1,0,0,1,0,1,1
3,4,250,2,3,61,3207,0,0,0,0,1,0,1,1
3,1,211,3,3,7,5178,1,0,0,0,0,1,0,0
3,3,249,2,2,53,2323,0,0,0,1,1,0,1,1
2,2,287,4,2,10,5972,1,0,0,0,0,1,1,0
2,3,157,2,1,45,1965,0,1,0,0,0,1,1,1
5,5,243,2,2,5,4709,0,0,0,1,0,1,0,0
4,4,263,3,2,10,4680,0,0,0,1,0,1,1,0
4,3,161,3,3,7,4245,0,0,0,1,1,0,1,0
5,1,261,4,3,6,4852,0,0,0,1,0,1,0,0
6,3,256,5,1,1,1980,0,1,0,0,0,1,0,0
5,1,182,2,1,6,4121,0,1,0,0,0,1,1,1
3,1,221,2,2,6,5267,0,0,0,0,0,1,0,0
4,2,217,6,2,3,1732,0,0,0,0,0,1,0,1
3,1,258,3,2,2,5828,1,0,0,0,0,1,0,1
3,5,141,2,2,9,5000,1,0,0,0,0,1,0,0
4,4,134,5,2,2,5865,0,0,0,0,0,1,1,1
2,1,211,3,1,6,1760,0,0,0,0,0,1,1,1
3,3,164,3,3,8,5170,0,1,0,0,0,1,1,0
5,5,232,5,1,2,5561,1,0,0,0,1,0,0,0
4,2,180,3,1,3,1518,1,0,0,0,0,1,1,1
4,4,256,3,1,8,4398,0,0,0,1,1,0,1,0
3,4,247,3,1,9,4157,0,1,0,0,0,1,0,0
5,4,263,2,3,8,4914,0,0,1,0,0,1,0,0
5,5,224,8,1,49,3282,0,0,0,1,1,0,0,1
5,1,234,2,1,12,2372,1,0,0,0,0,1,1,1
4,2,150,3,3,32,1689,0,0,0,1,0,1,0,1
5,4,217,2,1,2,5469,0,1,0,0,0,0,1,1
3,1,183,2,2,3,4042,0,0,0,0,0,1,0,0
3,5,167,2,2,8,5083,0,0,1,0,0,1,0,0
3,5,121,3,1,10,1701,0,1,0,0,0,0,0,1
4,1,139,3,1,25,1152,0,0,1,0,0,1,0,1
4,2,199,3,1,4,4070,1,0,0,0,0,0,1,0
4,2,210,3,2,10,5354,0,0,0,0,0,1,0,0
5,2,244,5,2,7,5515,0,0,1,0,0,1,0,0
2,2,190,2,2,7,4075,0,0,0,1,0,1,1,0
3,4,205,8,2,1,4977,0,1,0,0,0,1,1,1
6,4,254,4,1,2,1174,0,0,0,1,0,1,1,0
3,5,196,3,1,5,4891,0,1,0,0,0,1,0,0
3,4,232,5,2,7,5653,0,1,0,0,1,0,1,1
3,2,168,3,2,10,4979,0,0,0,1,0,1,1,1
4,4,106,2,1,10,5173,0,0,0,1,0,1,0,1
3,4,272,10,2,63,2455,0,0,1,0,0,0,1,1
3,2,190,3,1,37,3315,0,0,1,0,0,1,1,1
3,1,170,2,1,2,5662,0,0,0,1,0,1,0,1
3,2,247,2,3,1,4242,0,0,0,1,0,1,1,0
6,3,282,4,2,3,1661,1,0,0,0,0,1,1,0
5,1,257,6,1,1,1150,0,0,0,1,0,1,0,0
3,5,193,3,2,6,5302,0,0,0,1,1,0,0,0
4,4,274,2,1,7,4873,0,0,0,1,0,1,0,1
4,2,201,8,2,6,5128,0,0,0,1,0,0,0,0
4,4,145,4,1,35,1210,0,0,1,0,0,1,0,1
5,3,197,3,2,2,4678,0,0,0,0,0,1,0,1
3,4,190,4,2,7,5963,0,0,0,1,1,0,0,1
4,2,273,2,1,9,4221,1,0,0,0,1,0,0,0
3,1,243,3,1,2,4989,0,0,0,0,0,1,0,0
4,4,133,4,3,7,5973,0,0,1,0,0,1,0,1
4,1,167,4,3,7,5264,0,0,1,0,0,1,1,0
5,3,242,3,1,10,4889,0,0,0,0,0,1,0,1
3,4,185,2,2,8,5449,0,0,0,1,0,1,1,1
3,1,226,2,1,18,2319,0,0,0,1,0,1,1,1
4,2,224,3,2,3,4511,1,0,0,0,0,1,0,0
3,1,170,3,3,6,5750,0,1,0,0,0,1,0,0
3,2,109,3,1,4,5746,1,0,0,0,0,1,1,0
3,1,194,3,2,4,5383,0,1,0,0,1,0,0,1
6,5,246,5,3,3,4660,0,0,0,0,0,1,0,1
3,3,149,2,2,3,4527,0,0,0,1,0,0,1,0
4,2,210,3,1,5,4746,0,0,1,0,0,1,1,0
4,4,260,2,1,3,5801,1,0,0,0,0,1,1,0
5,3,255,6,2,1,5874,0,0,0,1,0,1,0,0
3,4,148,3,1,8,5267,0,0,0,1,0,1,0,1
5,3,244,3,1,52,3118,0,0,0,0,0,1,0,1
4,4,255,6,1,5,1708,0,0,0,1,0,1,1,1
4,4,141,2,1,7,1479,0,0,1,0,0,1,1,1
6,3,294,4,1,52,1667,0,1,0,0,0,1,1,1
3,1,191,5,1,9,5196,1,0,0,0,0,1,0,1
2,1,140,2,2,8,4965,0,0,1,0,0,1,0,0
5,2,261,8,2,1,3308,0,0,0,0,1,0,0,1
4,3,244,2,1,10,4486,0,1,0,0,0,1,1,1
3,4,205,3,1,10,2728,0,0,1,0,1,0,0,1
6,5,245,4,1,8,1403,0,0,0,1,0,0,0,0
4,2,142,2,1,6,5326,0,0,0,1,0,1,1,0
3,1,220,4,2,7,5894,0,1,0,0,0,1,1,1
3,3,172,3,1,58,1269,0,0,0,1,0,1,0,1
4,4,162,10,3,12,1583,0,0,1,0,0,1,1,1
3,1,154,3,2,4,4631,0,0,0,0,1,0,1,0
3,1,153,2,1,6,4996,0,0,0,0,0,1,1,0
4,3,233,2,2,3,4748,0,0,1,0,0,1,0,0
5,5,276,4,1,2,1411,1,0,0,0,0,1,1,1
4,3,217,3,2,7,4723,0,1,0,0,0,1,0,1
4,4,259,3,1,3,4509,0,0,1,0,0,1,1,0
3,1,139,2,2,2,4534,0,1,0,0,0,1,1,0
6,4,306,4,1,9,1595,0,0,0,1,1,0,1,0
3,4,243,2,3,7,4024,1,0,0,0,0,1,1,0
4,3,141,3,2,3,4249,0,0,1,0,0,1,0,0
3,5,180,2,2,1,5940,0,0,0,1,0,1,1,1
4,4,274,2,1,3,4257,1,0,0,0,0,1,0,0
4,2,156,3,2,1,4097,0,0,1,0,1,0,1,1
4,4,252,4,2,4,4832,0,1,0,0,0,1,0,0
5,5,229,2,2,59,3844,1,0,0,0,0,1,0,1
6,4,285,4,2,6,1582,0,0,1,0,0,1,1,0
4,1,135,10,2,35,1989,0,0,1,0,0,1,1,1
3,5,161,2,1,8,5021,0,0,0,0,0,1,0,0
4,4,177,4,2,32,1774,0,0,0,1,1,0,0,1
6,2,280,4,1,10,1866,0,0,1,0,0,1,1,1
6,3,221,10,2,13,2219,1,0,0,0,0,1,0,1
4,5,193,3,2,65,2267,0,0,0,1,0,0,1,1
4,5,98,4,1,5,4643,0,0,0,0,0,1,0,0
5,2,275,5,1,9,1373,0,1,0,0,0,1,1,0
4,3,256,3,2,3,4480,0,1,0,0,1,0,1,0
2,5,127,3,1,44,1341,0,0,0,0,0,1,1,1
3,1,224,3,1,48,3672,0,0,1,0,1,0,0,1
3,1,274,3,1,4,2087,0,0,0,0,1,0,1,1
3,3,165,2,1,8,5813,0,0,0,1,0,1,1,0
4,2,204,4,1,35,2725,0,0,0,1,1,0,0,1
4,3,183,3,1,6,5712,0,0,0,1,0,0,0,1
4,2,214,3,1,18,2574,0,0,1,0,0,1,0,1
5,4,189,3,1,7,4741,0,0,0,1,0,1,1,1
3,4,257,4,1,10,4415,0,0,0,1,0,1,1,0
3,3,232,4,1,4,4662,0,0,0,0,0,1,0,1
6,3,231,4,1,7,4553,0,0,0,0,0,1,0,1
4,5,263,5,1,9,5731,0,0,1,0,0,1,1,1
5,4,217,5,1,8,1803,0,1,0,0,1,0,0,0
6,3,304,4,1,5,1215,0,0,1,0,0,1,1,1
3,4,151,3,2,5,4767,0,0,0,0,0,1,1,1
3,4,185,2,1,4,5926,0,0,1,0,0,1,1,0
3,2,227,2,2,10,4290,0,0,0,1,0,0,1,0
5,1,233,3,1,9,5039,0,0,0,1,0,1,0,0
5,2,196,3,2,6,4257,0,0,0,1,0,1,0,0
4,3,239,3,1,10,4020,0,0,1,0,0,1,1,0
3,1,177,3,2,61,1880,1,0,0,0,0,1,1,1
5,2,152,3,1,2,4172,0,0,0,0,0,1,0,0
4,5,219,3,1,1,5221,0,0,0,1,0,1,0,0
4,1,241,5,1,4,1145,1,0,0,0,0,1,0,0
2,1,111,2,1,1,4296,0,0,0,1,0,1,0,1
5,4,236,5,2,7,1017,0,1,0,0,0,1,0,0
5,5,224,3,2,48,2298,0,1,0,0,0,1,0,1
4,1,260,3,2,9,5886,0,1,0,0,1,0,1,1
3,3,158,3,1,20,1431,0,0,1,0,0,1,0,1
5,5,246,5,1,6,1300,0,1,0,0,0,0,0,0
3,3,203,2,1,25,3607,0,0,0,1,1,0,1,1
6,1,127,3,1,8,5976,0,0,1,0,1,0,0,1
3,4,148,10,3,12,1779,0,1,0,0,0,1,0,1
4,2,257,2,1,7,5325,0,0,0,1,0,1,1,1
3,3,117,3,2,56,1618,0,0,1,0,1,0,1,1
3,2,204,3,2,48,2792,1,0,0,0,1,0,1,1
5,4,252,5,1,9,1133,0,0,0,0,0,1,1,1
4,3,263,2,1,9,4210,0,0,0,1,0,1,1,0
5,4,263,5,2,8,1548,0,0,0,1,0,1,1,0
6,4,286,4,2,9,1096,1,0,0,0,0,1,1,1
3,5,191,4,1,2,5177,0,0,0,1,0,1,1,1
2,3,226,2,2,2,4566,0,0,0,1,0,0,1,0
5,5,275,3,2,9,4287,0,0,0,1,0,1,1,1
2,4,223,3,2,19,3356,0,0,0,1,0,1,0,1
3,5,252,3,2,8,4557,0,0,1,0,0,0,0,1
3,4,209,3,2,2,4976,0,0,0,1,0,1,1,0
3,5,228,2,2,3,5208,0,0,0,1,0,1,0,0
5,3,248,2,1,6,5863,0,0,0,1,0,1,0,1
4,4,139,3,2,2,5135,0,0,0,1,0,1,1,0
5,2,145,4,2,9,4028,0,1,0,0,0,1,0,0
4,5,263,2,1,62,2267,0,0,0,1,0,1,1,1
3,3,251,3,2,2,5972,0,0,0,1,0,0,1,0
4,4,158,2,2,15,1030,0,0,0,1,0,1,1,1
3,3,166,3,3,6,5089,0,0,0,0,0,1,1,1
5,2,274,2,1,5,4154,0,0,0,1,1,0,0,0
3,3,183,2,1,6,5015,0,0,1,0,1,0,1,0
5,2,184,3,1,4,4552,0,0,0,0,0,1,0,0
7,2,254,4,1,6,1006,1,0,0,0,0,1,1,0
4,5,137,4,3,29,1262,0,0,0,1,0,0,1,1
5,2,208,3,1,6,4744,0,1,0,0,0,1,1,1
4,1,262,6,1,1,1627,0,0,0,1,1,0,1,1
4,1,244,2,1,3,4644,0,1,0,0,0,1,0,1
3,2,149,4,2,21,1636,0,0,1,0,0,1,0,1
5,4,226,3,1,46,3149,0,0,0,0,0,0,0,1
3,2,161,3,2,1,5757,1,0,0,0,0,1,0,0
4,3,195,3,2,5,5863,0,0,0,1,0,1,1,0
3,3,153,2,1,39,1328,0,0,0,1,0,0,0,1
4,4,135,3,2,6,4335,0,0,1,0,0,1,1,1
5,5,255,4,2,3,3440,0,0,0,1,0,1,1,1
3,1,252,2,1,9,5050,0,0,0,1,1,0,1,0
6,5,298,4,1,3,1520,0,0,0,1,0,1,1,0
2,4,137,3,3,41,1176,1,0,0,0,0,1,0,1
4,5,258,5,1,3,1162,0,0,0,1,0,0,1,0
3,2,256,2,1,7,5725,0,0,0,1,1,0,0,1
5,3,156,4,2,8,5868,0,0,0,1,0,1,0,0
5,1,105,6,2,62,1292,0,0,0,0,0,1,1,1
3,3,148,3,1,1,5700,1,0,0,0,0,1,1,0
5,5,257,5,1,5,1657,1,0,0,0,0,1,1,0
6,5,308,4,1,8,1569,0,0,0,0,1,0,1,1
3,2,162,2,1,54,1614,0,0,0,1,0,1,0,1
3,1,169,3,1,6,4081,0,0,0,0,0,1,0,1
4,2,146,3,1,4,5659,0,0,0,1,1,0,0,0
7,2,310,4,1,4,1806,0,0,0,1,0,1,1,0
4,1,195,3,2,2,4682,0,0,0,0,0,1,1,0
4,4,201,3,3,7,2644,0,0,0,0,0,0,0,1
4,4,270,2,1,1,5148,0,0,0,1,0,1,0,1
3,3,201,10,3,10,5281,1,0,0,0,0,1,1,0
4,1,114,3,2,9,1240,0,0,0,1,0,1,0,1
6,1,259,4,1,4,1198,0,0,0,0,0,1,0,0
4,4,264,3,2,9,5555,0,0,0,1,0,0,0,1
5,5,304,5,1,8,1949,0,1,0,0,0,1,0,1
3,3,192,3,2,4,5479,0,0,0,1,0,1,1,0
4,2,187,2,2,7,5524,0,1,0,0,0,1,0,1
4,5,159,3,1,2,1048,0,0,0,1,1,0,1,1
3,5,209,3,2,8,5591,0,0,1,0,0,1,1,0
4,2,174,2,1,8,4295,0,1,0,0,0,1,0,0
5,4,117,3,2,4,5332,0,1,0,0,0,1,0,0
6,1,266,4,2,2,1862,0,0,0,0,0,0,0,1
4,1,249,5,1,9,4396,0,0,1,0,0,0,1,0
5,1,223,3,2,4,4905,0,0,0,1,1,0,0,1
3,4,257,4,2,8,4780,0,0,1,0,0,1,0,0
4,1,240,4,1,6,4811,1,0,0,0,0,0,0,0
4,1,234,5,1,3,1134,0,0,0,1,0,1,1,0
2,3,273,4,1,3,5079,0,0,1,0,0,1,1,0
2,2,181,2,1,6,1324,0,0,0,1,0,1,0,1
5,4,261,5,1,2,1409,0,0,0,0,0,1,1,0
3,3,150,4,2,8,4357,0,0,0,1,0,1,0,1
5,3,232,5,1,1,1835,1,0,0,0,0,0,0,1
6,4,197,5,2,4,5889,0,0,0,0,0,1,1,1
3,5,265,10,1,6,4380,0,0,0,0,0,0,1,0
5,1,211,2,2,1,5913,0,0,0,1,0,0,1,1
3,4,223,2,1,9,4211,0,0,1,0,0,1,1,0
3,4,265,10,1,10,4049,0,0,0,1,0,1,1,0
5,4,232,5,2,4,1561,1,0,0,0,0,1,0,0
5,5,221,5,1,8,1718,1,0,0,0,0,0,1,0
6,4,287,4,1,5,1972,0,0,0,1,0,1,0,1
6,3,264,4,2,3,1498,0,0,1,0,1,0,0,1
5,5,169,3,2,2,5942,0,0,1,0,0,0,1,1
3,4,156,2,1,8,1145,0,0,1,0,0,0,1,1
5,5,236,5,1,7,1137,1,0,0,0,0,1,0,0
3,5,204,2,1,1,4025,0,0,0,0,0,1,0,1
3,5,199,2,1,46,2728,0,1,0,0,0,1,1,1
3,4,136,3,1,4,5368,0,1,0,0,1,0,0,0
3,3,202,4,1,9,4917,0,0,1,0,0,1,0,0
6,1,250,2,2,4,4016,0,0,0,1,1,0,1,0
3,5,266,3,2,16,2334,0,0,1,0,0,1,1,1
2,4,248,3,1,7,4142,1,0,0,0,0,1,0,0
2,5,186,2,2,10,4506,0,1,0,0,0,1,1,0
2,4,271,8,2,10,4183,0,0,1,0,0,1,0,0
4,1,152,3,2,65,1706,0,0,1,0,0,1,0,1
2,2,153,3,1,55,1273,0,0,0,0,0,1,0,1
5,2,260,2,2,23,3962,0,0,0,0,0,0,1,1
4,5,155,3,2,3,5939,0,0,0,0,1,0,1,1
4,2,198,3,2,10,5487,0,1,0,0,0,1,1,1
4,4,203,2,1,10,5192,0,0,0,1,0,1,0,0
5,2,262,5,1,5,1751,0,0,1,0,0,0,1,0
5,3,117,4,1,3,5078,1,0,0,0,0,1,0,0
7,5,275,4,1,3,1107,0,0,0,1,1,0,0,0
5,2,195,6,1,38,1338,0,0,0,1,1,0,1,1
4,3,191,3,3,45,3714,0,0,1,0,0,1,0,1
4,1,271,2,3,33,3269,0,0,1,0,1,0,1,1
3,3,155,3,1,20,1830,0,0,0,1,1,0,1,1
7,5,254,4,2,1,1347,0,0,0,0,0,1,0,0
2,3,147,3,1,5,5013,1,0,0,0,0,1,0,0
3,3,202,2,2,1,5220,0,0,0,1,0,1,0,1
3,4,223,3,1,7,5336,0,0,1,0,0,1,0,1
3,4,174,2,1,4,4295,0,0,1,0,1,0,0,1
6,4,247,4,1,7,1831,1,0,0,0,0,0,1,0
4,1,196,2,1,3,4752,0,0,1,0,0,1,1,0
2,3,237,3,2,2,5331,0,0,0,0,0,0,1,0
3,5,211,3,2,5,4058,0,0,1,0,0,1,1,1
3,2,159,3,2,4,1681,0,0,0,1,0,1,0,1
5,4,260,5,1,2,1178,0,0,0,0,0,1,0,1
3,5,184,2,3,3,4883,0,0,1,0,0,1,1,0
5,2,170,3,1,15,1314,0,1,0,0,0,0,1,1
4,5,113,3,2,10,4053,0,0,0,1,0,0,0,1
4,3,249,4,2,10,5614,0,1,0,0,0,0,1,0
4,1,259,3,1,39,2427,1,0,0,0,0,1,1,1
3,2,255,7,2,2,5282,0,0,1,0,0,1,1,0
5,5,195,2,1,6,3936,0,0,0,1,0,1,0,1
3,4,273,4,2,4,5361,0,0,1,0,1,0,1,0
5,5,257,4,2,31,2040,1,0,0,0,0,1,1,1
3,1,220,3,2,6,5319,0,1,0,0,0,1,0,0
3,5,187,2,2,50,2598,0,0,0,1,0,1,0,1
3,3,238,3,2,54,2860,0,0,0,1,0,1,1,1
2,1,181,5,2,3,1038,0,0,0,0,0,1,1,0
5,3,243,6,2,10,1189,0,0,0,0,0,0,0,1
7,5,269,4,2,9,1835,0,0,1,0,0,1,0,0
3,2,136,4,1,62,1090,0,0,0,1,0,1,1,1
3,3,231,2,3,8,5021,0,0,1,0,0,1,0,0
4,3,142,2,1,5,5502,0,0,0,0,0,0,0,1
6,3,202,3,1,5,4930,0,1,0,0,0,1,0,0
2,1,138,2,1,8,4932,0,0,0,1,0,1,1,1
4,5,192,2,2,36,2497,0,1,0,0,0,1,0,1
3,2,222,4,2,10,5720,0,0,0,0,0,1,1,0
3,3,135,3,1,19,1366,0,0,1,0,0,1,0,1
4,1,216,6,1,9,1678,0,0,1,0,0,1,1,1
4,1,144,4,1,10,4175,0,0,1,0,0,1,0,0
3,3,174,2,1,1,5556,1,0,0,0,0,1,0,0
4,2,225,2,2,7,5241,0,0,1,0,0,1,1,1
4,2,162,4,2,7,5294,0,0,0,1,0,1,1,0
3,4,154,2,2,5,5735,0,0,1,0,0,1,1,1
3,2,226,3,1,5,5484,0,0,0,1,0,0,0,0
5,1,251,4,2,10,5931,1,0,0,0,1,0,1,0
4,1,174,3,1,7,4813,0,0,0,0,1,0,1,1
4,4,261,3,1,33,3678,1,0,0,0,0,0,0,1
4,1,196,3,2,9,5216,0,0,0,1,0,0,0,1
4,2,182,2,2,54,3261,0,0,1,0,0,1,0,1
4,3,183,2,2,8,5690,0,0,0,0,0,1,0,1
4,3,222,2,2,55,3833,1,0,0,0,0,1,1,1
2,3,172,3,2,11,1522,0,0,1,0,0,1,0,1
3,5,202,3,1,2,5208,0,1,0,0,0,0,1,0
5,2,227,5,2,9,1917,0,1,0,0,0,0,1,0
3,1,133,3,2,7,4004,0,0,0,0,0,1,1,1
4,1,159,4,1,5,5420,0,0,0,1,0,1,1,1
3,4,106,6,2,7,4621,0,0,0,1,0,1,0,0
3,5,151,3,1,1,4088,0,0,0,0,0,0,0,0
4,2,262,3,1,9,4941,0,1,0,0,1,0,0,0
3,3,257,3,1,44,3370,0,0,0,1,0,1,1,1
2,2,237,5,1,6,4622,0,0,1,0,0,1,0,1
4,4,145,3,1,43,1651,0,0,0,0,1,0,0,1
5,1,235,3,1,7,5061,0,0,0,1,0,1,0,0
5,3,197,2,1,48,2481,0,0,0,1,0,1,0,1
3,4,237,3,3,9,5514,0,0,0,1,0,1,0,1
4,2,219,4,1,8,5660,1,0,0,0,1,0,1,0
4,3,160,2,1,5,4522,1,0,0,0,0,1,1,1
4,4,198,2,1,5,2270,0,1,0,0,1,0,0,1
4,3,217,6,2,6,1552,0,0,0,1,1,0,0,0
3,2,164,10,3,28,1940,0,0,0,0,0,1,0,1
3,5,177,2,1,2,4906,0,0,0,1,0,0,0,1
5,2,201,3,1,2,5132,0,0,0,1,0,1,1,1
5,1,265,4,1,2,5416,0,0,0,1,1,0,0,1
4,1,270,4,2,64,3312,0,1,0,0,0,1,0,1
3,3,143,3,2,23,1281,0,0,1,0,0,1,1,1
4,4,282,6,2,52,3009,0,0,0,1,0,0,0,1
6,2,269,4,2,38,3171,0,0,0,0,0,1,1,1
4,1,249,3,1,4,5253,0,0,0,1,0,1,1,1
5,1,148,3,1,5,5790,0,1,0,0,0,1,0,0
5,3,146,4,1,5,1718,0,0,0,1,1,0,1,1
3,2,232,2,1,58,2054,0,0,1,0,0,1,0,1
4,3,184,3,1,9,5602,1,0,0,0,0,1,0,0
3,4,188,4,2,5,5216,0,1,0,0,0,1,1,1
4,1,238,4,1,22,3950,0,1,0,0,0,1,0,1
5,5,253,6,1,1,1300,0,0,1,0,1,0,0,0
3,3,138,4,1,56,1440,1,0,0,0,0,1,1,1
4,3,196,2,2,4,4203,0,0,1,0,0,1,0,1
4,2,239,2,1,10,4028,1,0,0,0,0,0,0,0
3,5,267,2,3,1,4195,0,0,0,0,1,0,1,1
6,5,113,3,3,31,1037,1,0,0,0,0,0,1,1
4,2,185,2,2,3,5356,0,0,1,0,0,1,0,0
6,1,219,6,1,10,2385,0,0,0,1,1,0,0,1
6,4,194,3,1,10,2554,0,0,0,1,0,0,1,1
5,5,249,4,2,38,2797,0,0,0,1,1,0,0,1
4,2,231,3,3,3,5112,0,0,0,1,1,0,1,0
4,5,191,2,1,10,5068,0,0,0,1,1,0,1,1
5,1,146,3,3,3,4345,1,0,0,0,0,1,0,1
6,3,264,4,2,5,1397,0,0,1,0,0,1,1,0
7,5,301,4,1,9,1660,0,1,0,0,1,0,1,1
3,2,179,8,3,3,4584,0,1,0,0,0,1,1,0
3,5,267,2,1,16,2913,0,0,0,0,0,1,0,1
2,5,198,2,2,4,1913,1,0,0,0,0,0,1,1
5,3,150,4,2,1,5211,1,0,0,0,0,1,0,0
6,1,247,6,2,6,4691,0,0,0,1,0,0,0,0
3,3,207,7,2,19,2182,1,0,0,0,0,0,1,1
4,3,227,3,2,10,5491,0,0,0,0,0,1,0,1
4,5,205,3,1,60,2317,0,0,0,0,0,1,0,1
5,1,238,6,1,9,1192,0,0,1,0,0,1,0,0
4,4,196,3,1,5,5514,0,0,0,1,0,0,1,0
3,1,269,2,1,35,3524,0,1,0,0,0,1,0,1
4,1,200,2,2,5,5249,1,0,0,0,0,1,0,0
3,2,192,3,2,43,3339,0,0,1,0,0,0,1,1
4,3,162,3,1,4,5913,1,0,0,0,0,1,1,1
3,4,149,3,1,1,5040,0,0,0,1,0,0,1,1
3,5,242,2,1,6,5635,0,1,0,0,1,0,0,0
3,2,257,3,1,25,2334,0,0,0,1,1,0,0,1
4,1,260,5,1,1,5559,1,0,0,0,0,1,1,1
3,5,271,2,1,3,4878,0,0,0,1,1,0,0,0
5,5,103,6,2,2,4860,0,1,0,0,0,0,0,0
3,3,162,3,2,8,1869,0,1,0,0,0,1,0,1
3,5,206,4,1,6,5038,0,0,1,0,0,0,1,0
4,2,96,3,1,22,1294,0,0,0,1,0,1,1,1
3,5,262,2,2,7,4422,0,0,0,1,0,0,0,1
3,3,178,8,2,8,4774,0,1,0,0,1,0,1,1
4,3,274,2,1,1,4762,0,1,0,0,0,1,1,0
3,1,196,3,2,8,4516,0,0,0,1,0,1,1,0
6,5,308,4,1,8,1164,0,1,0,0,0,1,1,1
4,4,163,3,2,7,4463,0,0,0,1,0,1,1,0
5,4,243,6,2,1,4170,0,0,1,0,0,1,0,1
5,1,123,2,1,9,5497,0,0,0,0,0,1,0,0
5,5,263,5,2,2,1417,0,1,0,0,0,1,1,0
5,3,185,3,1,25,2503,0,0,0,1,0,1,1,1
5,4,264,3,3,9,5841,0,0,0,1,1,0,1,1
5,2,266,5,1,10,1274,0,0,0,1,0,1,0,1
4,3,184,3,2,19,2774,0,0,1,0,1,0,0,1
4,1,219,2,2,6,5314,0,0,0,1,0,1,1,0
4,5,149,6,2,40,1974,0,0,0,0,0,1,1,1
2,5,236,3,2,13,2171,0,0,1,0,0,1,0,1
4,1,249,5,1,10,1762,0,1,0,0,0,0,0,1
3,5,267,2,3,2,5062,0,0,0,0,0,1,1,1
5,2,156,5,1,9,5237,0,1,0,0,0,0,1,0
4,2,159,5,1,4,5547,0,0,0,0,0,0,0,1
4,5,184,2,2,2,4429,0,0,1,0,0,1,0,0
4,5,220,10,2,8,4100,0,0,0,1,0,0,1,1
6,1,201,4,1,5,4592,0,0,0,1,0,0,0,1
5,2,209,4,2,12,2933,0,1,0,0,0,1,0,1
4,2,190,2,2,1,4020,0,0,0,1,1,0,0,1
5,2,156,4,2,39,1204,0,0,0,0,1,0,1,1
3,1,250,3,1,1,4347,0,1,0,0,0,0,1,0
5,4,157,4,1,58,1252,0,0,0,0,0,1,1,1
4,2,145,3,2,7,5823,1,0,0,0,0,1,0,0
4,2,171,3,1,40,1021,0,0,0,1,0,0,0,1
5,2,268,3,1,19,2526,1,0,0,0,0,1,1,1
5,2,215,2,2,46,3942,0,0,1,0,0,0,1,1
4,2,266,3,3,5,4831,0,0,1,0,1,0,1,1
3,3,179,2,1,5,5058,0,1,0,0,0,1,1,0
6,5,249,5,2,26,3897,0,0,0,1,0,1,1,1
2,3,159,3,2,39,1477,0,0,1,0,0,1,0,1
2,5,228,2,1,49,3024,0,0,0,0,0,1,0,1
5,2,259,5,1,8,1678,0,1,0,0,0,1,1,0
6,3,277,4,2,6,1623,0,0,0,1,0,1,1,1
2,4,134,3,1,42,1415,1,0,0,0,0,1,0,1
3,2,180,2,2,4,4758,0,0,0,1,0,1,0,1
5,1,179,3,1,7,5814,0,0,0,1,0,1,0,0
6,1,225,6,1,8,5714,0,0,0,1,0,1,1,1
3,2,189,2,2,3,4617,0,1,0,0,0,0,0,0
4,2,228,5,1,3,1473,0,0,0,0,0,1,0,1
5,5,135,4,2,7,5765,1,0,0,0,0,1,0,1
2,4,159,3,2,47,1547,1,0,0,0,0,0,1,1
4,3,241,5,1,2,1442,0,0,0,1,1,0,0,0
5,2,149,4,2,48,1068,0,0,0,0,0,1,1,1
3,5,221,10,2,7,5743,0,0,0,1,0,1,0,1
7,5,283,5,1,8,1578,0,1,0,0,1,0,1,0
3,4,243,3,1,60,2980,0,1,0,0,0,0,0,1
4,5,265,2,2,9,5135,0,0,0,0,0,0,0,1
4,2,261,3,1,4,5345,1,0,0,0,0,1,1,1
6,4,205,3,1,44,2064,0,0,1,0,0,1,0,1
3,3,179,3,2,52,1158,0,0,0,1,0,1,1,1
5,5,158,3,2,47,1246,0,1,0,0,0,1,0,1
4,3,163,3,1,7,4556,0,1,0,0,0,1,0,0
4,3,139,2,3,2,4041,0,1,0,0,0,1,0,1
5,4,242,5,1,4,1155,0,1,0,0,0,1,0,0
4,4,170,3,1,29,1188,0,0,0,1,0,1,1,1
4,4,168,2,2,63,1474,1,0,0,0,0,1,1,1
3,2,162,3,2,4,4812,0,1,0,0,0,1,1,1
4,2,170,6,2,10,4891,0,0,0,1,0,1,1,0
4,5,167,4,1,3,4658,0,0,0,1,0,0,1,0
4,4,224,3,2,1,4231,0,0,0,1,0,1,0,0
3,5,234,2,3,4,2701,0,0,0,1,0,1,1,1
5,3,270,5,2,8,1862,0,0,0,0,0,1,0,0
4,5,239,5,1,6,1336,0,0,1,0,0,1,1,0
4,1,293,3,1,8,1326,0,1,0,0,0,1,1,1
3,5,166,2,1,45,1665,0,0,0,1,0,0,1,1
5,2,164,3,2,6,4302,0,0,0,1,0,1,0,0
3,5,250,2,1,9,1205,0,0,0,1,0,1,0,0
5,5,205,2,3,65,3671,0,0,0,0,0,1,1,1
3,4,198,3,2,7,4020,0,0,0,0,0,0,1,0
3,5,139,2,2,64,1857,0,0,0,0,1,0,1,1
5,3,229,5,1,10,1951,0,0,0,1,1,0,0,0
4,4,222,2,2,7,4343,1,0,0,0,0,1,1,0
4,5,213,3,2,42,3121,0,1,0,0,0,1,0,1
5,2,157,2,1,32,1497,0,0,1,0,0,1,1,1
6,2,161,4,1,9,1377,1,0,0,0,1,0,0,0
4,1,206,5,2,7,5941,0,0,0,1,0,1,0,1
5,4,267,5,1,9,1113,0,0,0,1,0,1,1,0
5,2,245,5,1,9,1466,0,0,0,1,1,0,0,0
5,4,121,5,3,4,4814,0,0,0,0,0,0,0,0
4,4,240,3,1,62,3478,1,0,0,0,0,1,0,1
3,4,133,8,2,10,5439,0,0,0,1,0,1,0,1
5,3,241,2,2,5,5666,1,0,0,0,1,0,1,0
2,5,171,3,2,13,1101,0,0,1,0,0,1,0,1
2,3,228,3,3,5,4663,0,0,0,1,0,1,1,0
5,5,185,3,1,5,4520,0,0,0,1,0,1,1,1
5,3,234,6,2,8,5003,0,0,0,1,0,1,0,0
3,2,183,4,1,49,2414,1,0,0,0,0,1,1,1
4,2,201,3,2,6,5616,0,0,0,1,0,1,0,1
4,5,222,3,1,5,5584,0,0,0,0,0,0,0,0
3,1,137,5,1,8,4980,0,1,0,0,0,1,0,1
2,2,220,3,1,1,5289,0,0,0,0,0,1,1,0
3,4,207,2,2,10,4706,0,0,1,0,0,1,1,0
5,4,200,3,2,8,5206,0,0,0,1,0,0,0,1
4,4,249,3,2,1,5743,0,1,0,0,0,1,0,0
2,5,186,2,1,17,3896,0,0,0,1,0,1,1,1
6,4,244,4,1,1,1130,0,0,0,1,0,1,1,1
5,4,187,3,1,1,4181,0,0,1,0,0,1,0,0
3,2,243,2,1,38,3850,0,0,0,1,0,0,0,1
6,2,305,4,1,2,1196,0,0,0,1,0,1,1,0
4,5,263,3,2,6,5445,0,0,0,1,0,0,0,0
3,4,183,2,1,5,4261,0,0,1,0,0,0,1,1
4,2,201,8,2,9,5146,0,1,0,0,0,1,0,0
3,4,243,4,2,10,4076,0,1,0,0,0,1,0,0
6,4,260,4,1,1,1883,0,0,0,1,1,0,0,0
3,3,260,2,1,6,5044,0,0,0,1,0,1,1,0
2,4,154,3,2,48,7684,0,0,0,1,0,1,0,1
4,1,181,3,2,38,3258,0,0,0,1,0,1,1,1
5,1,248,8,1,2,4023,0,0,0,1,0,1,0,1
6,5,225,6,1,55,2052,0,1,0,0,0,1,0,1
5,4,217,6,2,6,1483,0,1,0,0,0,1,1,1
4,4,172,4,2,7,4834,0,0,0,1,0,1,1,0
4,1,164,3,3,1,5492,0,0,0,1,0,0,0,0
4,1,190,10,1,35,3819,0,0,0,0,0,1,0,1
3,1,175,3,2,9,5797,1,0,0,0,0,1,0,0
5,4,271,3,2,16,2563,0,0,1,0,0,0,0,1
5,4,227,2,2,3,5904,0,0,0,0,0,1,1,0
5,5,182,3,2,10,5060,0,0,1,0,0,1,0,0
6,3,252,2,1,1,1756,0,1,0,0,0,1,1,0
4,3,174,3,1,5,1502,0,0,1,0,0,1,0,1
6,5,301,4,1,4,1707,1,0,0,0,0,1,0,1
4,4,209,2,2,3,4407,0,0,0,1,0,1,0,0
4,5,177,7,1,2,4299,0,0,0,1,0,1,0,0
3,4,133,2,1,7,4663,0,0,0,0,0,1,0,0
4,4,266,2,1,5,5601,0,0,0,1,0,1,0,0
3,4,163,2,1,7,5720,0,1,0,0,0,1,0,0
7,2,295,4,1,10,1587,0,0,0,1,0,1,0,0
4,5,248,2,2,10,4366,1,0,0,0,0,1,1,1
3,2,208,2,3,1,4999,0,0,0,1,1,0,1,0
4,4,188,3,1,6,4174,0,0,0,0,0,1,1,1
3,4,166,3,2,43,1095,0,0,1,0,0,1,1,1
4,5,264,3,1,10,5972,1,0,0,0,0,1,0,0
5,3,267,3,2,8,5786,1,0,0,0,1,0,0,1
6,5,307,4,3,3,1406,0,0,0,1,0,1,1,0
6,1,260,4,2,9,1698,0,0,0,1,0,1,1,1
4,3,191,4,1,15,2544,0,1,0,0,0,1,0,1
5,5,167,3,2,9,4319,0,1,0,0,0,1,1,1
3,5,240,3,1,6,5642,0,1,0,0,0,1,0,0
3,4,183,3,1,1,5959,0,1,0,0,0,0,0,1
5,2,254,6,1,5,1885,0,1,0,0,0,1,1,0
4,5,135,3,2,5,4515,0,0,0,0,0,1,0,0
6,2,308,5,2,6,1118,0,1,0,0,1,0,0,0
6,3,244,5,2,4,1121,0,0,0,1,0,1,0,1
5,1,252,3,3,2,5032,0,0,0,1,1,0,0,0
6,5,215,4,2,5,5409,0,0,0,1,0,1,1,1
4,3,260,3,1,1,4796,0,0,1,0,0,1,1,0
3,4,149,3,1,5,5467,0,0,0,0,0,0,0,0
3,5,171,3,1,49,1333,0,0,0,0,0,1,0,1
7,4,309,4,1,7,1880,0,0,1,0,0,1,1,0
3,2,211,6,1,2,4417,1,0,0,0,0,1,0,0
3,3,242,3,2,8,5915,0,0,1,0,0,1,0,1
3,2,137,3,2,9,1347,1,0,0,0,0,1,0,1
3,1,226,3,1,8,4002,0,0,0,0,1,0,0,0
3,3,237,4,1,8,5761,0,0,0,1,0,1,0,0
3,4,179,2,1,2,4931,0,0,0,1,0,1,0,1
4,2,223,3,2,56,3158,1,0,0,0,0,1,0,1
3,3,257,2,2,5,4681,0,1,0,0,0,1,1,1
5,3,223,5,2,10,1170,0,0,1,0,0,1,1,1
2,5,157,6,3,17,1764,1,0,0,0,0,0,0,1
3,2,278,4,2,9,1631,0,0,0,0,0,0,1,0
3,4,181,2,2,4,4629,1,0,0,0,0,1,0,0
5,3,268,5,2,5,1365,0,0,1,0,0,1,1,0
4,4,142,10,3,7,5425,0,0,0,1,1,0,0,1
5,1,151,3,2,1,4981,0,0,0,0,1,0,0,0
5,3,237,3,3,7,4208,0,0,1,0,0,1,1,1
4,1,267,4,2,2,4024,0,0,0,0,0,1,1,0
5,3,263,3,2,2,4688,0,0,0,0,1,0,0,0
4,3,239,3,2,9,5897,0,0,1,0,0,1,1,1
4,4,185,3,2,9,4469,0,0,0,1,0,1,1,0
5,4,238,6,1,6,1850,0,1,0,0,0,1,1,1
5,5,228,4,1,6,4946,1,0,0,0,0,1,1,1
3,4,238,3,2,8,5337,0,0,0,1,0,1,0,1
2,4,152,3,1,55,1498,0,1,0,0,0,1,1,1
4,4,192,2,1,1,4429,0,1,0,0,0,1,1,0
4,4,187,3,1,8,4893,0,1,0,0,0,1,0,0
4,4,139,3,3,64,1415,0,0,0,1,1,0,0,1
5,1,236,6,1,4,1123,0,0,0,1,0,1,1,1
4,2,252,3,1,1,4176,0,1,0,0,0,0,0,0
4,3,223,3,2,9,5897,0,0,1,0,0,1,0,0
4,5,257,3,2,5,4180,1,0,0,0,0,0,1,0
5,2,258,3,2,8,4921,0,1,0,0,0,1,0,0
2,5,189,2,1,38,3708,0,0,0,0,0,0,1,1
3,1,180,3,1,29,1414,0,0,1,0,0,0,0,1
4,1,212,2,2,7,5864,1,0,0,0,0,0,0,0
6,5,243,4,1,6,1898,0,0,0,1,0,0,0,1
3,1,154,10,2,3,4524,1,0,0,0,0,1,0,0
2,2,161,3,1,5,5999,1,0,0,0,0,1,0,1
3,2,152,4,2,7,5943,0,0,1,0,0,0,0,1
5,4,135,4,2,4,4541,0,0,0,1,0,0,1,0
4,4,149,3,2,6,5508,0,0,0,0,0,1,1,0
3,4,213,3,1,4,5481,1,0,0,0,0,0,0,1
7,5,310,4,1,5,1975,0,0,0,1,0,0,0,0
3,2,189,2,1,6,4488,0,0,1,0,0,1,1,1
3,4,209,2,3,10,4540,0,1,0,0,0,1,1,0
3,2,238,8,2,3,4388,0,0,0,0,0,1,1,1
4,4,264,3,1,2,4279,0,0,0,1,0,0,0,1
5,4,263,3,3,10,2538,0,0,1,0,1,0,1,1
4,4,135,3,2,2,5016,0,0,0,1,0,1,1,0
4,5,206,3,2,5,5785,0,1,0,0,1,0,1,1
5,2,262,6,2,4,1532,0,0,0,1,0,1,0,1
3,5,245,10,2,8,4909,0,0,0,0,0,0,1,1
3,5,197,3,1,3,5658,0,0,0,1,0,1,1,0
4,5,239,2,2,1,4247,0,0,1,0,1,0,0,0
5,1,186,4,2,5,5239,0,0,0,1,0,1,1,0
4,4,173,3,1,10,4616,0,0,0,1,1,0,1,0
4,3,236,3,1,1,4752,0,0,1,0,0,1,1,0
4,1,195,2,2,19,2878,0,0,0,1,0,0,1,1
3,2,255,4,1,8,5511,0,0,1,0,0,1,0,0
6,3,298,4,1,9,1515,0,1,0,0,0,1,0,1
4,3,153,3,1,5,5743,1,0,0,0,0,0,1,1
3,3,217,3,2,10,5439,0,0,0,0,0,1,1,0
3,3,238,2,2,2,5512,1,0,0,0,0,1,1,0
4,4,257,5,2,9,1869,0,0,1,0,0,1,0,1
3,3,188,5,1,6,5713,0,0,1,0,1,0,0,0
3,5,135,2,2,9,5614,0,0,1,0,0,1,0,1
3,3,221,2,2,26,3120,0,0,0,1,0,1,0,1
4,4,272,3,1,9,5458,0,0,0,1,0,1,1,0
4,4,267,4,1,8,5219,0,0,1,0,0,1,0,1
4,4,269,10,3,3,4488,0,1,0,0,0,0,0,0
4,2,235,3,1,21,3088,0,1,0,0,0,1,0,1
2,2,215,5,2,3,5185,0,0,1,0,0,0,1,1
5,1,145,3,1,20,1387,0,0,0,1,1,0,1,1
5,1,167,3,1,9,4660,0,0,0,1,0,1,1,0
3,4,244,3,1,46,2844,0,0,1,0,1,0,0,1
5,4,182,2,2,2,4554,0,0,0,1,0,1,1,1
4,1,203,4,1,34,3813,0,1,0,0,0,0,1,1
2,4,107,4,3,4,4451,0,0,0,1,0,1,0,1
3,3,153,5,1,35,1089,0,0,0,1,0,1,1,1
4,4,253,2,1,6,5892,0,0,0,0,1,0,0,0
4,5,235,3,2,22,2015,0,0,0,1,1,0,0,1
7,4,310,4,1,6,1003,0,0,0,1,0,1,1,1
5,2,229,3,1,3,4916,1,0,0,0,0,1,0,0
4,1,264,4,1,6,4863,0,0,1,0,1,0,0,0
4,3,199,3,1,8,4391,0,0,1,0,0,1,1,1
5,1,227,5,1,6,1667,0,0,0,1,0,1,1,0
3,2,234,4,3,7,4568,0,0,1,0,0,1,0,1
4,1,240,4,1,9,4471,0,0,1,0,0,1,1,1
5,4,231,6,2,3,1075,1,0,0,0,0,1,0,0
5,5,247,2,2,5,4250,0,0,1,0,1,0,1,0
5,3,260,2,3,63,2715,1,0,0,0,0,0,0,1
6,3,165,4,1,10,5965,0,0,0,0,0,0,0,0
4,3,244,4,1,10,4118,0,0,1,0,0,0,1,1
7,5,265,4,1,1,1601,0,1,0,0,0,1,0,0
4,4,168,4,2,4,4676,1,0,0,0,0,1,0,0
5,1,170,4,2,4,5113,0,0,0,1,0,0,1,1
5,3,250,5,1,12,2722,1,0,0,0,0,1,1,1
4,1,254,7,1,5,4104,1,0,0,0,0,0,1,1
4,2,262,3,1,6,5381,0,0,0,1,0,0,1,0
4,4,265,4,2,6,4607,0,0,0,1,0,1,0,1
3,1,159,2,2,5,4906,0,0,1,0,1,0,1,1
3,1,119,2,1,10,4146,0,0,0,1,1,0,0,1
4,3,241,5,1,6,1324,0,0,1,0,0,1,1,0
5,2,254,5,3,6,1491,0,0,0,0,0,1,1,1
3,5,188,2,1,12,2711,0,0,0,0,0,0,0,1
5,5,254,5,1,35,2508,1,0,0,0,0,1,0,1
3,4,259,4,2,5,4564,0,0,1,0,0,0,0,1
2,4,142,3,3,2,5700,0,0,0,1,0,0,1,0
6,4,253,4,2,10,1248,0,0,0,1,0,1,1,0
4,5,228,4,1,4,4750,0,0,0,1,0,0,1,0
4,1,267,3,2,37,2716,0,0,0,1,0,1,1,1
5,3,201,2,1,1,4548,0,0,0,0,1,0,0,1
4,4,266,2,1,2,4290,0,0,1,0,0,1,0,0
6,2,205,5,3,6,4756,0,0,0,1,0,0,1,0
4,4,256,3,1,5,5399,0,0,0,1,0,1,0,0
5,2,205,3,2,1,4351,0,0,0,1,0,0,0,0
5,4,271,2,2,6,4801,0,0,0,1,0,1,0,1
5,3,244,5,1,3,1174,1,0,0,0,1,0,0,0
5,5,173,3,1,4,5265,1,0,0,0,0,0,1,1
2,5,148,3,3,11,1502,0,0,0,1,0,1,0,1
5,1,224,2,1,14,2959,0,0,0,1,0,1,0,1
3,2,169,10,2,4,1665,0,1,0,0,0,1,0,1
5,4,266,2,2,1,5494,0,0,0,1,0,1,1,0
4,1,175,4,1,2,4053,0,0,1,0,0,0,1,0
3,4,212,3,1,8,5214,0,0,0,1,0,0,0,0
4,4,209,3,3,5,5979,0,1,0,0,0,1,0,0
4,2,224,2,2,8,4781,0,0,1,0,0,1,0,1
4,1,161,2,3,21,1075,0,1,0,0,0,0,0,1
4,2,272,2,1,57,2377,0,0,0,1,0,0,1,1
5,1,248,5,1,8,1810,0,1,0,0,0,1,0,0
3,2,164,2,2,3,4442,0,0,1,0,0,1,1,1
3,3,242,3,1,8,4199,0,0,0,1,1,0,0,0
6,3,218,3,1,6,4594,1,0,0,0,0,0,1,0
2,1,200,3,2,34,2199,0,0,0,1,0,1,1,1
4,5,143,2,2,20,1360,0,0,0,1,1,0,0,1
3,2,272,3,1,2,4459,0,1,0,0,1,0,1,1
4,5,160,3,1,9,5799,0,0,1,0,0,1,0,1
4,5,209,3,2,4,4809,0,0,1,0,0,1,0,0
6,5,254,4,1,7,1674,0,0,0,0,0,1,1,0
7,3,250,5,2,4,1163,0,0,0,1,0,1,0,1
3,4,287,5,2,9,5308,0,0,0,1,1,0,0,0
5,5,234,6,2,60,2443,0,0,1,0,0,1,0,1
5,1,282,4,1,9,4766,1,0,0,0,1,0,0,0
3,3,155,3,2,5,4957,0,1,0,0,1,0,1,1
3,3,138,2,2,40,1117,0,0,0,1,0,1,0,1
2,5,209,5,2,10,4623,0,0,1,0,0,1,0,1
4,2,262,3,1,4,5085,0,0,1,0,0,1,1,0
5,4,177,2,2,45,1664,0,1,0,0,1,0,0,1
5,4,273,2,1,1,5008,0,0,1,0,0,1,0,1
5,5,188,3,1,7,4485,1,0,0,0,0,1,0,1
3,5,264,2,2,1,3947,0,0,0,1,1,0,0,1
2,2,247,3,1,4,4686,1,0,0,0,0,1,0,1
4,4,236,3,1,10,4347,0,1,0,0,0,0,1,1
2,2,146,4,1,4,5817,0,0,0,1,0,1,1,0
4,3,253,5,1,6,1367,0,0,0,1,0,1,1,1
5,4,234,3,1,2,4269,0,0,0,1,0,1,0,0
3,1,182,3,2,40,3536,0,1,0,0,1,0,0,1
4,5,261,2,1,3,4119,0,0,0,1,0,1,1,0
5,5,165,4,2,3,4242,0,0,1,0,0,1,0,0
4,4,188,4,1,10,4571,0,0,1,0,0,1,0,1
3,4,174,3,1,3,5366,0,0,0,0,0,0,0,1
3,4,236,4,3,9,4744,1,0,0,0,0,1,0,0
4,2,162,3,1,7,5614,1,0,0,0,0,1,1,0
4,4,207,3,1,9,4314,1,0,0,0,0,1,1,0
6,3,308,5,2,4,1118,1,0,0,0,0,1,0,0
5,3,104,4,1,3,4885,0,0,0,1,0,1,1,1
6,3,127,3,2,7,5574,0,1,0,0,1,0,0,1
4,5,217,3,2,2,5461,0,0,0,0,0,1,1,1
4,4,192,3,2,39,2943,0,1,0,0,1,0,1,1
4,1,218,5,1,5,1238,1,0,0,0,0,1,0,0
5,4,267,5,1,9,1017,0,0,0,1,1,0,1,0
7,2,283,5,1,10,1722,0,0,1,0,0,1,0,1
5,5,132,2,3,1,4233,0,0,1,0,1,0,0,0
4,4,207,3,1,20,2637,0,0,0,1,0,0,1,1
3,2,268,3,1,30,2867,0,1,0,0,1,0,1,1
4,5,137,2,1,6,4055,0,0,0,0,0,1,1,1
6,1,138,3,1,6,1604,1,0,0,0,0,1,1,0
3,3,261,4,1,3,5722,0,0,0,1,0,1,1,1
4,4,199,4,3,1,4163,0,0,0,1,0,0,1,1
6,1,188,5,1,4,4887,0,0,1,0,1,0,1,0
4,4,106,2,1,6,5984,0,0,1,0,0,1,1,0
3,3,178,3,1,3,5396,1,0,0,0,0,1,1,1
6,4,155,5,2,8,5982,0,0,0,1,0,0,0,0
4,2,256,2,2,10,3128,1,0,0,0,0,1,1,1
4,3,231,3,2,8,5069,1,0,0,0,0,1,0,1
3,4,203,2,1,15,2281,0,1,0,0,0,1,0,1
4,3,239,2,2,7,5384,0,1,0,0,0,1,0,0
4,5,244,2,2,7,5325,0,0,1,0,1,0,0,1
4,1,185,2,1,44,2910,0,0,0,0,0,1,1,1
4,2,233,5,1,8,1097,0,0,0,0,0,1,0,0
3,1,153,2,2,51,1841,0,0,0,1,0,0,0,1
5,4,179,6,2,1,5433,0,1,0,0,1,0,1,0
5,4,134,3,2,4,4908,0,1,0,0,0,1,1,0
4,5,143,8,1,38,1095,0,0,1,0,0,1,1,1
2,4,108,5,3,5,4874,0,1,0,0,1,0,1,1
3,3,255,3,2,23,3764,0,0,1,0,0,1,1,1
4,1,210,2,2,7,3405,0,0,0,1,0,0,0,1
4,4,166,6,1,6,4100,0,0,0,1,0,1,0,1
7,1,250,5,2,8,1776,1,0,0,0,0,1,1,0
2,4,180,2,1,8,4321,1,0,0,0,0,1,0,1
3,2,237,3,2,10,5851,0,0,0,1,0,1,0,0
3,3,139,3,1,7,5199,0,0,1,0,1,0,0,1
3,1,187,2,1,10,5064,0,0,0,1,1,0,0,1
5,3,148,3,1,7,4714,0,1,0,0,0,1,1,0
2,5,116,3,1,3,1688,0,0,0,1,1,0,0,1
3,5,130,5,1,27,1891,0,0,0,1,0,0,0,1
4,5,268,2,3,32,3675,0,0,1,0,0,1,1,1
2,5,271,3,1,9,4185,0,0,0,0,0,1,1,0
4,4,266,4,2,33,2701,0,0,0,1,1,0,0,1
3,2,141,3,1,7,4682,0,0,1,0,0,1,1,0
2,2,160,3,1,48,1691,1,0,0,0,0,1,1,1
7,4,261,5,1,6,1334,0,1,0,0,0,1,1,0
4,1,218,2,1,7,4597,0,0,1,0,0,0,1,0
5,3,225,3,2,59,2270,0,0,0,1,0,1,1,1
4,4,251,4,1,10,5984,0,0,0,0,0,1,0,0
3,2,241,3,2,60,3922,0,0,0,0,0,0,0,1
5,1,189,2,2,8,5219,0,0,1,0,0,1,1,0
4,5,216,2,1,2,4905,0,0,1,0,1,0,1,0
5,2,235,3,1,14,2984,0,0,0,1,0,1,1,1
4,3,164,2,1,3,1376,0,0,0,1,0,1,0,0
5,3,173,3,1,5,5395,0,0,0,1,0,1,1,0
3,4,254,3,2,6,5716,0,0,0,0,0,1,1,0
4,3,267,3,1,42,2332,0,0,0,1,0,1,0,1
4,1,202,3,3,59,2563,0,0,1,0,1,0,1,1
5,1,151,6,2,2,4529,1,0,0,0,0,1,1,0
3,1,264,4,1,33,3561,0,0,1,0,0,0,1,1
6,4,237,5,2,2,5437,0,0,1,0,0,1,0,1
3,3,162,2,2,5,1202,1,0,0,0,0,1,1,1
4,5,152,3,2,25,1222,0,0,0,1,0,1,1,1
3,5,175,2,1,40,1460,0,1,0,0,0,1,0,1
5,2,145,5,2,22,1818,0,0,0,1,0,1,0,1
4,3,211,2,1,6,5473,1,0,0,0,0,1,0,1
4,1,232,5,2,7,1899,1,0,0,0,0,1,0,1
5,4,280,4,1,19,3298,1,0,0,0,1,0,0,1
3,4,222,3,2,3,4068,0,0,1,0,0,1,1,0
5,5,208,2,2,8,5321,1,0,0,0,0,1,1,0
5,4,190,2,2,9,3753,0,0,1,0,0,1,1,1
2,3,151,3,1,23,1930,1,0,0,0,1,0,0,1
7,1,301,4,1,10,1869,0,0,1,0,0,1,1,0
3,4,186,3,2,7,4536,0,0,0,0,1,0,1,0
4,1,198,4,1,5,5182,0,0,0,1,0,1,0,0
3,3,188,2,2,2,4336,1,0,0,0,0,1,0,0
5,1,159,4,1,38,1277,0,0,1,0,0,1,1,1
4,2,264,5,2,6,1736,1,0,0,0,0,1,0,1
4,5,275,5,2,8,1093,0,0,1,0,0,0,0,1
3,5,193,2,1,10,5776,0,0,0,1,0,1,0,0
2,3,187,3,2,6,5547,0,1,0,0,0,1,0,0
5,2,245,2,1,6,5366,0,0,0,1,0,1,1,1
2,5,182,2,2,57,2896,0,0,0,1,1,0,0,1
3,2,260,4,3,3,4423,0,1,0,0,0,1,0,0
4,2,137,2,2,2,5804,0,0,0,0,0,1,0,1
5,4,236,5,1,1,1682,0,1,0,0,0,1,1,0
4,5,173,3,2,8,4040,0,0,0,1,0,0,0,1
3,5,125,2,1,5,4933,0,0,0,1,0,0,1,1
4,2,236,3,2,9,4725,0,0,0,0,0,0,1,0
7,3,310,4,2,8,1860,0,0,0,0,0,1,1,1
2,1,228,2,2,10,4854,0,0,0,1,1,0,1,1
5,3,267,3,1,9,5258,0,0,0,1,0,1,1,1
3,2,217,3,3,7,5910,0,0,1,0,1,0,1,0
5,1,250,4,2,4,1438,0,0,0,1,0,0,1,0
7,3,306,4,1,4,1630,1,0,0,0,0,1,0,0
3,4,272,8,3,10,4070,0,0,1,0,0,1,0,0
4,2,223,3,1,7,4026,0,0,1,0,0,1,1,1
3,4,216,8,2,8,4616,0,0,0,1,0,1,0,0
2,4,144,2,2,5,5867,1,0,0,0,0,1,1,0
4,5,231,3,1,6,4449,0,0,0,1,1,0,0,1
6,4,303,5,1,5,1195,1,0,0,0,0,0,1,1
5,5,265,3,2,46,3997,0,0,0,1,0,1,1,1
3,3,220,3,1,7,5323,0,0,0,0,1,0,1,1
3,1,186,3,2,4,5515,0,0,0,0,0,1,0,1
3,3,147,2,1,52,1040,0,0,1,0,0,1,0,1
3,2,294,4,1,15,1318,1,0,0,0,0,1,0,1
3,3,148,2,1,42,1950,1,0,0,0,0,1,1,1
4,1,209,2,1,10,5066,1,0,0,0,0,1,0,0
5,3,216,10,2,4,4409,0,0,0,0,1,0,1,1
4,2,186,2,1,2,5604,0,0,0,1,0,0,1,1
3,3,213,3,2,7,4133,0,0,0,0,0,1,1,0
4,3,235,5,1,4,1839,0,0,0,1,0,0,0,1
3,5,203,10,2,1,4996,0,0,0,1,0,1,0,0
5,3,113,3,2,5,4743,0,0,0,0,0,1,0,0
5,2,165,5,2,9,5313,0,1,0,0,0,1,1,0
5,2,175,3,1,1,4019,1,0,0,0,0,1,1,0
6,4,255,4,1,3,1569,0,0,0,1,0,1,0,1
6,4,225,4,2,10,4723,0,0,1,0,0,1,1,0
5,5,169,4,1,2,4188,1,0,0,0,0,0,0,0
4,2,202,2,1,45,3008,1,0,0,0,1,0,0,1
5,5,212,5,1,6,4463,1,0,0,0,0,1,0,0
4,5,201,3,1,10,4530,0,0,0,1,0,1,0,1
3,4,182,3,2,7,5409,0,0,0,0,1,0,0,1
4,2,242,2,2,8,5243,0,0,0,0,0,0,0,1
4,5,211,2,1,4,4106,0,0,1,0,0,0,0,1
3,2,229,7,3,3,5584,0,0,0,1,0,1,1,0
2,5,271,3,1,4,5775,0,0,0,0,0,0,1,0
3,3,159,3,1,3,5230,0,0,0,0,0,1,1,1
4,4,132,4,2,44,1692,0,1,0,0,0,1,0,1
3,1,242,4,1,10,4809,1,0,0,0,1,0,1,1
4,5,183,2,2,2,4533,0,0,0,1,0,0,0,1
4,4,140,3,2,11,1911,0,0,1,0,0,1,1,1
5,3,208,4,2,10,2419,0,0,0,0,0,0,1,1
2,1,189,2,3,48,2429,0,0,0,0,0,1,1,1
3,1,183,4,1,5,5326,0,0,1,0,0,1,1,0
4,1,204,3,2,3,4310,0,0,0,0,0,0,1,0
4,1,247,3,1,5,5636,0,0,1,0,0,1,1,1
3,3,239,3,1,8,5366,0,0,0,1,0,1,1,1
3,2,263,3,2,3,4181,0,0,0,1,0,1,0,0
5,2,132,3,2,4,4475,0,0,1,0,0,0,0,1
3,4,164,3,3,55,1293,0,1,0,0,0,1,0,1
3,5,190,10,2,27,2739,0,1,0,0,0,1,0,1
4,1,232,5,2,9,1145,1,0,0,0,1,0,1,0
3,4,203,4,2,46,3640,0,0,0,1,0,1,1,1
3,1,162,2,1,52,1125,1,0,0,0,0,1,0,1
4,3,201,3,1,46,3641,0,0,0,1,0,1,0,1
5,4,271,4,1,5,1184,0,0,0,1,0,1,0,1
5,4,135,2,2,20,1908,0,0,0,1,0,1,0,1
4,1,258,3,2,36,2211,1,0,0,0,1,0,1,1
3,2,134,2,2,45,1946,0,0,0,1,1,0,0,1
6,5,194,5,1,8,4777,1,0,0,0,0,1,0,0
6,2,144,7,3,1,5501,0,0,0,0,0,1,1,0
5,2,192,7,2,2,4045,0,0,0,1,0,1,1,1
5,2,111,4,2,7,4424,0,0,0,1,0,1,0,0
3,4,98,3,1,5,4432,0,0,1,0,0,1,1,0
2,3,144,4,1,10,4075,0,1,0,0,0,1,0,0
5,2,250,2,2,6,5565,0,1,0,0,1,0,0,0
2,1,109,4,1,3,5264,0,0,0,1,0,1,0,1
7,4,192,3,1,33,1694,1,0,0,0,0,1,0,1
6,3,218,6,3,5,4352,0,0,0,1,0,1,0,1
5,4,228,3,2,20,3382,0,1,0,0,0,1,1,1
3,5,187,3,1,20,2374,0,0,0,1,0,1,1,1
4,3,170,3,1,21,1588,0,0,0,1,0,1,0,1
3,5,205,6,1,25,2232,0,1,0,0,0,1,0,1
6,4,254,5,2,10,1435,0,0,0,1,0,1,0,0
5,2,168,2,2,20,1539,0,0,0,1,1,0,1,1
4,4,207,10,1,1,4602,1,0,0,0,0,1,0,0
3,5,271,3,1,9,5328,1,0,0,0,0,0,0,0
5,1,274,2,2,24,2423,0,1,0,0,0,1,1,1
2,5,265,2,1,50,3859,0,0,0,0,0,1,0,1
6,5,268,4,1,2,1324,0,0,0,1,0,0,0,0
3,4,209,3,1,37,2215,0,0,0,1,0,1,1,1
3,4,242,10,3,5,4127,0,0,0,0,0,1,1,0
4,4,174,2,1,11,1577,0,0,0,1,0,1,0,1
4,3,136,3,2,4,5769,0,0,1,0,0,0,0,1
4,1,154,4,2,1,5480,1,0,0,0,0,0,1,0
2,3,164,5,1,7,1243,0,0,0,0,0,1,1,0
3,1,158,2,1,2,1284,0,0,0,0,1,0,1,1
3,3,199,3,1,7,5258,0,0,1,0,1,0,1,1
4,2,139,3,1,29,1365,0,0,0,0,0,1,1,1
5,1,165,3,1,27,1905,0,0,0,1,0,1,0,1
4,2,249,5,1,1,1200,0,1,0,0,0,1,1,0
5,1,266,3,1,8,4786,0,1,0,0,0,0,1,1
3,4,202,5,3,5,4632,0,0,1,0,1,0,1,0
5,4,266,6,2,7,4486,0,0,0,1,0,0,0,0
4,4,155,4,1,10,5483,0,0,0,1,1,0,0,1
3,4,145,3,1,7,4079,0,0,0,0,0,1,0,1
3,2,232,2,1,39,2139,0,0,0,1,0,1,0,1
4,3,246,3,1,5,4710,1,0,0,0,0,1,0,0
3,3,208,3,2,61,3783,0,0,0,0,0,1,1,1
5,4,256,5,1,6,1551,0,0,0,1,0,1,1,0
4,3,271,2,2,9,4967,1,0,0,0,0,1,1,1
2,1,104,7,1,30,1870,0,0,0,0,0,1,1,1
3,5,201,2,2,2,4440,0,0,0,0,0,1,1,0
3,1,214,2,3,10,4310,0,0,0,1,0,1,0,0
7,5,253,4,1,6,1344,0,0,1,0,0,1,0,1
5,4,216,2,1,6,4535,0,1,0,0,0,1,0,0
3,1,199,2,2,18,3346,0,1,0,0,0,1,0,1
5,5,245,5,1,10,1289,1,0,0,0,0,1,1,1
5,4,255,3,1,1,5775,0,0,0,0,0,1,0,1
5,3,224,5,1,5,1842,0,0,0,0,0,0,1,0
3,2,214,2,2,7,1693,1,0,0,0,0,1,1,0
4,4,261,5,1,4,1649,0,0,1,0,0,1,0,1
4,3,252,2,2,51,2658,1,0,0,0,1,0,0,1
6,1,213,3,1,63,1548,0,0,0,1,0,1,1,1
3,1,133,3,2,5,4538,0,0,0,0,0,1,0,0
6,4,292,4,2,5,1793,0,0,0,0,0,1,1,0
5,4,222,3,1,3,5555,0,1,0,0,0,1,1,0
5,2,249,5,3,28,2846,0,0,0,0,0,1,0,1
3,5,126,2,1,63,1141,0,0,1,0,0,1,0,1
4,5,153,2,1,1,4492,0,0,0,1,0,1,1,0
3,5,258,3,1,21,3446,0,0,0,1,0,0,1,1
2,5,263,3,1,5,2947,0,1,0,0,1,0,0,1
5,4,182,3,2,11,3545,0,0,0,1,0,0,0,1
4,1,223,3,1,9,4832,0,0,0,0,0,1,0,0
3,3,221,3,1,5,4388,0,1,0,0,0,1,0,0
6,5,244,3,1,9,5634,0,0,0,1,1,0,1,0
6,1,283,5,1,5,1298,0,0,0,0,0,1,0,0
5,4,208,6,2,8,5098,0,0,0,1,1,0,1,0
3,2,115,3,1,27,1814,0,0,0,1,0,0,0,1
5,3,243,6,1,1,1856,0,0,1,0,1,0,0,0
5,1,267,4,1,5,4440,0,0,1,0,0,1,1,1
3,2,155,3,2,7,1434,0,1,0,0,0,1,0,1
3,5,219,6,1,1,1394,0,0,0,1,0,1,1,0
4,3,106,2,2,6,5867,0,0,0,1,0,1,0,0
5,4,214,2,2,1,3709,0,0,1,0,0,1,0,1
5,5,200,3,1,6,4401,0,0,1,0,0,1,1,1
3,5,194,4,1,1,5534,0,1,0,0,0,1,1,0
5,5,246,5,2,6,1053,0,0,0,0,0,1,1,0
4,2,180,3,2,6,4417,0,0,0,0,0,1,1,0
2,1,255,3,1,19,1551,1,0,0,0,0,1,1,1
4,4,246,3,1,9,5041,0,0,1,0,0,1,1,0
3,4,235,3,1,4,5498,0,0,0,1,0,0,1,0
4,5,184,3,1,5,4039,0,0,0,1,0,1,1,1
3,5,132,3,1,7,4013,0,0,1,0,0,0,1,1
5,5,264,6,3,8,4644,0,0,1,0,0,1,1,1
5,1,256,5,1,5,1970,1,0,0,0,0,1,0,0
6,3,269,4,1,4,1948,0,1,0,0,0,0,0,1
3,3,137,3,3,7,5794,0,0,0,0,1,0,1,1
3,4,144,3,1,50,1865,0,0,0,1,1,0,1,1
6,5,98,3,1,8,5946,0,0,0,1,0,1,0,0
3,5,172,10,3,1,4929,0,0,0,0,0,1,0,1
4,5,210,4,2,28,3905,0,1,0,0,0,0,0,1
6,5,308,4,1,7,1078,0,0,0,1,0,0,0,0
5,5,238,6,1,3,1351,0,0,0,1,0,1,1,0
4,3,183,3,1,4,5866,0,0,0,0,0,1,1,0
3,5,225,3,1,1,2864,0,0,0,1,0,1,0,1
3,2,181,3,2,45,3786,0,0,1,0,0,0,1,1
4,4,184,3,2,2,4639,0,0,0,0,1,0,1,0
3,1,236,2,2,8,5591,0,0,0,1,0,0,0,0
4,5,186,7,2,1,4357,0,0,1,0,0,1,0,0
2,2,170,3,3,7,4284,0,0,0,1,0,1,0,1
6,5,255,4,1,9,1113,0,0,0,1,0,1,0,0
4,2,146,3,2,7,4381,1,0,0,0,0,1,1,1
4,5,243,2,1,19,2829,0,1,0,0,0,1,1,1
3,3,238,3,1,61,3096,0,0,0,0,0,1,0,1
5,5,245,4,2,12,2225,0,0,0,1,1,0,0,1
5,3,223,2,2,9,5735,1,0,0,0,0,1,0,0
4,3,136,3,2,20,1531,0,0,0,1,0,1,1,1
2,5,107,3,2,2,4853,0,0,0,0,0,1,1,0
4,1,260,4,1,2,4091,0,0,0,1,0,0,1,1
3,5,168,5,2,9,5731,0,0,1,0,0,0,1,1
5,1,179,3,1,62,1945,0,0,0,0,1,0,0,1
4,1,144,4,1,8,4970,0,0,0,0,0,1,1,0
5,5,221,5,1,7,1958,0,0,0,1,0,1,1,1
3,1,145,4,1,58,1751,0,0,0,0,1,0,0,1
5,1,216,3,1,40,2668,0,0,0,0,0,1,1,1
6,4,276,4,1,2,1120,0,0,1,0,0,1,0,1
2,2,190,3,1,51,2380,0,1,0,0,0,1,1,1
3,3,231,2,2,24,2177,0,0,0,0,0,1,0,1
5,1,235,5,2,6,1059,1,0,0,0,0,1,0,1
4,4,192,3,1,25,2443,0,0,0,0,0,1,0,1
4,2,189,3,2,6,3671,0,0,0,1,0,1,1,1
3,4,160,4,1,56,1408,0,1,0,0,0,1,0,1
4,5,189,3,2,3,5193,0,0,0,1,0,1,0,0
3,2,164,10,3,14,1375,0,0,1,0,0,1,1,1
3,5,271,4,2,1,5852,0,0,0,1,0,1,1,1
5,3,273,4,2,2,4186,0,0,0,0,0,1,1,1
4,3,139,3,2,47,1323,0,1,0,0,0,1,0,1
3,4,194,3,2,7,4565,0,0,1,0,0,0,1,0
3,5,243,2,2,42,3421,0,0,1,0,1,0,1,1
3,2,262,7,3,5,5985,0,1,0,0,0,1,1,1
4,3,238,2,2,2,5328,0,0,0,0,0,0,0,0
6,3,280,3,1,7,4620,1,0,0,0,0,1,1,1
5,5,168,3,1,6,4088,0,0,0,1,0,1,0,1
3,4,162,3,1,17,1700,0,0,0,1,0,1,1,1
4,4,272,2,1,1,4013,1,0,0,0,0,1,1,1
4,4,209,6,1,7,4852,0,0,0,1,0,0,0,0
4,2,203,3,1,4,5699,0,0,1,0,0,0,0,0
3,3,232,4,2,3,5828,0,0,1,0,0,1,1,0
3,2,223,3,2,6,2127,0,0,1,0,0,1,0,1
5,2,248,5,1,3,1046,0,0,0,1,0,1,0,1
4,3,142,3,1,35,1512,0,0,0,1,1,0,0,1
6,5,287,4,1,8,1465,0,0,0,0,0,1,1,0
5,5,211,3,2,7,5983,0,0,0,1,0,1,0,1
3,1,147,2,2,52,1934,0,0,0,1,0,1,1,1
4,1,232,5,2,6,1247,1,0,0,0,0,1,0,0
3,1,192,3,2,4,4997,0,0,0,0,0,1,1,1
3,2,223,2,1,10,4604,0,0,1,0,0,1,0,0
3,2,144,5,2,43,1027,0,1,0,0,1,0,1,1
3,5,229,3,2,12,3049,0,0,0,1,0,1,0,1
5,4,281,4,2,40,3381,0,0,0,1,0,1,0,1
3,1,241,2,1,8,5602,1,0,0,0,0,1,1,1
4,2,200,2,1,8,4222,0,1,0,0,0,0,0,0
3,2,154,2,3,4,1009,0,1,0,0,0,1,0,1
5,1,236,2,1,2,4987,1,0,0,0,1,0,0,1
4,3,249,3,2,6,5657,0,0,0,1,0,1,0,1
4,3,211,7,3,9,5652,0,0,0,0,0,1,1,1
5,5,224,5,1,7,1505,0,0,1,0,0,1,0,0
4,4,198,2,2,2,5725,1,0,0,0,0,1,1,1
3,2,227,2,2,9,4659,0,0,0,0,0,0,1,0
5,3,211,3,1,5,5087,0,0,0,1,0,1,0,0
3,4,134,3,2,31,1540,1,0,0,0,0,1,0,1
3,3,181,2,2,58,3719,0,0,0,1,0,1,1,1
2,3,129,5,2,3,5444,0,1,0,0,0,1,1,1
2,5,123,4,2,8,4042,0,0,0,1,0,1,1,0
4,3,251,5,2,2,1482,0,0,0,1,0,1,1,0
3,4,265,8,1,35,3299,0,0,1,0,0,1,0,1
3,4,217,3,1,5,4077,0,0,0,1,0,0,0,0
5,5,234,2,2,44,2548,0,1,0,0,0,1,1,1
2,3,142,3,2,38,7640,0,0,1,0,0,1,0,1
3,4,169,3,1,4,5716,1,0,0,0,0,1,0,0
7,5,301,4,1,7,1727,0,0,0,0,0,1,0,0
5,3,270,5,2,9,1764,1,0,0,0,1,0,1,1
5,3,167,2,1,3,1140,0,1,0,0,0,0,1,1
7,1,289,4,1,4,1543,0,0,0,1,0,1,0,1
5,5,217,6,2,5,1616,0,0,1,0,0,1,1,0
4,4,156,2,2,7,5938,0,0,1,0,0,0,0,0
4,4,137,3,2,8,4066,0,0,0,1,0,0,0,1
3,3,249,2,2,9,4034,0,0,0,1,0,1,1,1
4,1,172,3,2,7,4883,0,0,0,0,0,0,1,0
7,2,291,4,1,8,1275,0,0,1,0,0,1,0,0
3,1,202,3,2,7,5818,0,0,0,1,0,1,0,0
4,1,264,6,1,7,1007,0,0,0,1,1,0,1,0
3,1,189,4,1,4,4785,0,0,0,1,0,1,0,0
3,5,183,2,1,8,5881,0,1,0,0,0,1,1,1
2,3,139,3,1,9,1471,0,0,0,0,0,1,1,1
6,2,309,4,2,8,1930,1,0,0,0,0,1,0,0
5,1,137,2,1,52,1012,0,0,0,0,0,1,1,1
4,4,211,4,2,8,4747,0,0,1,0,0,1,1,1
3,1,112,2,3,22,1846,1,0,0,0,0,1,1,1
6,3,298,4,1,1,1657,0,1,0,0,1,0,0,0
6,4,284,4,1,7,1518,0,0,0,0,0,1,0,1
4,1,201,4,2,59,2925,1,0,0,0,0,1,1,1
4,4,248,3,3,10,4532,0,1,0,0,0,0,0,0
3,3,227,2,2,24,2749,0,0,1,0,0,1,0,1
4,2,156,3,2,5,4946,1,0,0,0,0,1,1,1
2,3,141,4,2,8,4702,0,0,0,0,0,1,1,0
4,1,258,3,2,7,4159,0,0,1,0,0,1,1,0
3,5,180,4,1,9,5105,1,0,0,0,0,1,0,1
4,4,173,5,2,2,1175,0,0,0,1,0,1,0,1
3,4,138,3,2,10,4327,0,1,0,0,0,0,0,1
5,5,232,5,2,6,1246,1,0,0,0,0,0,0,0
6,2,263,6,1,4,4591,0,1,0,0,1,0,0,1
3,2,265,6,1,9,5936,1,0,0,0,0,1,1,0
3,5,238,2,3,5,4052,0,1,0,0,0,1,1,0
4,1,225,2,1,4,4102,0,0,0,1,1,0,1,0
3,3,152,2,2,3,4193,0,0,0,1,0,1,1,1
4,5,163,3,3,4,5863,0,0,0,1,0,1,1,0
4,4,249,10,2,2,4190,0,1,0,0,0,1,0,0
5,5,245,5,2,4,4627,1,0,0,0,0,1,0,0
3,1,242,10,3,9,5151,0,1,0,0,1,0,1,1
4,4,243,3,3,4,5082,0,1,0,0,0,1,0,1
3,2,133,5,2,9,5744,0,0,0,1,1,0,1,1
4,4,197,7,2,22,2065,0,0,0,1,0,1,0,1
4,3,194,2,2,4,5780,0,1,0,0,0,1,1,1
4,5,247,2,2,9,4656,0,0,1,0,0,1,0,0
6,4,260,4,2,10,1927,0,0,0,1,0,1,0,0
5,3,267,4,2,1,4837,1,0,0,0,0,0,0,1
3,2,122,4,1,9,5299,0,1,0,0,1,0,0,1
2,5,223,3,2,35,3437,0,0,0,1,0,1,1,1
6,1,295,4,2,6,1611,0,1,0,0,1,0,0,0
7,3,310,4,2,7,1989,0,0,1,0,0,1,0,0
5,1,130,4,3,9,4946,1,0,0,0,0,1,0,1
3,5,151,2,1,16,1422,0,0,0,1,0,0,0,1
4,4,260,2,1,17,3068,1,0,0,0,0,1,1,1
2,2,267,3,2,15,2481,0,1,0,0,0,1,1,1
3,1,236,6,2,10,4858,0,1,0,0,1,0,0,0
4,1,146,3,1,1,4831,0,0,0,1,0,0,0,1
7,1,308,4,2,5,1705,0,0,0,1,0,0,1,0
5,1,231,7,3,9,5558,0,0,0,1,0,0,0,0
4,4,236,2,2,5,5266,0,0,1,0,0,1,0,0
5,2,198,3,1,44,3706,0,0,0,0,0,1,0,1
3,1,230,3,2,3,4957,1,0,0,0,0,1,1,0
5,3,195,4,1,9,5577,0,0,1,0,0,1,0,0
3,2,256,2,2,9,4228,1,0,0,0,0,1,0,1
6,1,170,3,1,10,4858,1,0,0,0,0,1,0,0
4,5,259,2,1,7,4390,0,0,0,0,1,0,1,1
5,3,239,5,2,19,2988,1,0,0,0,1,0,0,1
3,2,143,4,2,22,1249,1,0,0,0,1,0,0,1
4,4,234,5,1,7,1871,0,1,0,0,0,1,1,0
4,2,190,6,3,5,4139,0,0,1,0,0,1,1,1
6,3,251,4,1,1,1230,0,1,0,0,0,1,1,1
4,3,255,5,1,1,1192,0,0,1,0,0,0,1,0
4,1,160,2,1,28,1276,0,0,0,1,0,1,1,1
5,3,236,5,2,10,1630,0,1,0,0,1,0,1,0
5,3,245,5,1,8,1471,0,0,0,0,1,0,1,0
3,1,206,3,2,28,2892,0,0,0,1,0,1,1,1
5,5,219,3,2,27,3430,1,0,0,0,0,1,1,1
3,2,150,10,1,6,5580,0,0,1,0,0,1,0,0
4,3,219,5,1,8,1702,0,1,0,0,0,0,0,1
4,2,186,3,1,6,4524,1,0,0,0,1,0,1,0
2,2,210,3,2,10,4324,1,0,0,0,0,1,0,1
4,3,181,3,2,10,4541,0,0,0,0,0,0,1,1
3,2,151,2,1,3,4759,0,0,0,1,0,1,0,0
6,1,117,7,2,4,4211,0,0,0,0,0,1,0,0
5,2,265,3,1,10,4347,0,0,0,1,0,1,1,1
4,3,262,2,1,10,5524,0,0,0,1,0,1,1,1
3,3,237,2,2,8,5516,0,0,0,1,0,1,1,0
4,4,218,2,1,4,4104,0,0,1,0,0,1,1,1
6,1,238,6,1,13,2442,0,0,0,0,0,1,0,1
2,1,199,2,1,10,5345,1,0,0,0,0,0,0,0
4,4,143,8,2,12,1326,0,0,0,1,0,0,1,1
4,5,140,3,1,7,5383,0,0,0,0,0,0,0,0
5,1,137,5,1,8,4584,0,0,0,1,0,0,0,0
3,1,249,2,2,1,5190,0,0,1,0,0,1,0,1
4,1,224,5,1,7,5738,0,0,0,1,1,0,0,0
4,4,216,4,2,27,3740,0,0,0,0,0,0,1,1
3,1,194,2,1,8,4335,0,0,0,1,0,0,1,1
2,4,153,2,2,57,1264,0,0,1,0,0,1,0,1
6,1,258,4,1,3,1506,0,0,0,0,1,0,1,0
3,3,207,3,1,7,4816,0,1,0,0,0,1,1,1
4,5,248,3,1,2,5310,0,0,0,1,1,0,0,1
6,5,247,6,2,3,4832,0,0,0,1,1,0,1,0
3,1,232,2,2,2,5104,0,0,0,1,0,1,0,1
4,4,212,4,2,2,3830,0,0,1,0,0,1,0,1
5,5,266,5,2,7,1440,0,0,0,1,0,1,1,0
4,1,152,2,3,2,5396,0,0,0,1,1,0,1,0
3,4,204,2,1,10,5844,0,0,0,1,0,1,0,1
3,3,242,3,1,7,3127,0,0,0,1,1,0,0,1
4,2,252,3,2,4,5782,0,0,0,1,0,1,0,0
4,2,222,3,1,4,5919,1,0,0,0,1,0,1,0
3,1,268,3,2,3,3040,0,0,0,1,1,0,1,1
5,3,192,7,2,10,5976,0,0,1,0,0,1,1,0
4,2,258,3,3,10,4643,1,0,0,0,0,1,1,1
3,4,148,3,1,37,1523,0,0,0,0,0,1,1,1
4,1,245,6,1,7,1884,0,0,1,0,1,0,0,1
4,3,138,3,1,2,5593,1,0,0,0,0,0,0,0
5,4,255,6,1,3,4638,0,0,0,1,0,1,1,0
4,4,226,7,1,9,2182,0,0,1,0,0,1,1,1
7,3,272,4,2,2,1754,0,1,0,0,0,1,1,0
5,4,226,2,1,6,4547,0,0,0,1,0,1,1,0
4,3,108,6,1,22,1745,1,0,0,0,0,1,0,1
5,4,257,2,1,55,2257,0,0,0,0,0,1,1,1
3,3,153,3,1,3,4829,0,0,0,1,1,0,0,0
5,3,197,4,2,51,2917,0,1,0,0,0,0,0,1
3,5,189,2,1,8,4567,1,0,0,0,0,0,1,0
4,3,275,5,1,2,4622,0,0,0,1,0,1,1,1
3,1,225,2,3,43,2585,0,0,0,1,0,1,0,1
4,2,239,2,2,9,4360,1,0,0,0,1,0,0,0
5,1,207,2,3,3,4083,0,0,1,0,0,1,1,0
3,4,234,3,2,37,2111,0,0,0,0,0,1,0,1
3,5,155,4,1,1,4432,0,0,0,0,0,1,0,1
4,3,161,3,1,52,1199,0,0,0,1,1,0,0,1
4,1,168,2,1,41,1515,0,1,0,0,1,0,0,1
3,2,98,3,2,60,1057,0,0,0,1,0,1,0,1
6,2,240,6,1,3,5967,0,0,1,0,1,0,1,1
4,5,216,3,2,1,5167,1,0,0,0,0,1,1,1
3,5,141,3,2,10,5775,0,1,0,0,0,1,1,0
5,5,167,3,1,53,1564,0,0,0,1,0,1,0,1
5,2,168,3,1,26,1526,1,0,0,0,0,1,1,1
3,2,221,2,2,10,4715,0,0,0,0,0,1,1,1
7,2,301,4,1,1,1339,0,0,0,0,0,1,1,0
5,1,120,3,1,7,4381,0,0,0,1,0,1,1,1
6,4,112,4,2,9,4005,0,0,1,0,0,1,0,1
4,1,261,4,2,6,4888,0,0,1,0,0,1,0,0
4,2,207,3,2,5,4702,0,1,0,0,0,1,0,1
5,1,275,5,1,3,1062,0,0,0,1,0,1,0,0
4,4,221,4,1,2,5595,0,0,0,1,0,1,0,1
6,5,300,5,1,1,1188,0,1,0,0,0,1,1,0
5,2,134,4,1,5,5090,0,1,0,0,0,1,1,0
3,5,228,4,2,57,2243,0,0,0,1,0,1,1,1
4,5,221,3,2,3,4430,0,0,1,0,0,1,0,1
3,2,200,3,1,46,3642,0,0,1,0,0,1,1,1
3,4,250,3,1,6,4830,0,0,0,0,0,1,1,1
4,1,274,4,2,42,2430,0,1,0,0,0,1,0,1
4,5,231,3,1,4,5174,1,0,0,0,0,1,0,1
2,3,206,4,2,2,5443,0,0,1,0,0,1,0,0
5,3,247,5,1,10,1699,0,0,0,1,0,0,1,1
3,1,167,3,1,4,5943,0,0,1,0,0,1,0,1
4,1,144,4,2,8,4303,0,0,0,1,0,1,1,0
3,3,251,3,1,8,4246,0,0,0,0,0,1,1,0
6,1,265,4,1,1,1345,0,0,0,0,0,1,0,1
3,1,223,3,1,8,5318,0,1,0,0,1,0,1,0
4,2,271,5,2,4,1633,0,0,0,0,0,1,1,1
3,5,240,3,2,54,2919,0,0,0,1,0,1,0,1
4,2,231,4,2,6,2512,0,0,0,0,0,1,0,1
4,2,177,6,1,3,4392,0,1,0,0,0,1,0,1
3,2,243,4,2,4,4410,0,1,0,0,0,1,1,1
7,5,243,5,2,28,1100,0,0,0,1,0,1,1,1
5,2,252,3,1,6,4013,0,1,0,0,0,1,1,1
3,4,228,3,2,8,5419,0,0,0,1,0,1,0,0
2,2,98,5,2,10,4368,0,0,0,1,0,1,1,0
3,3,167,3,2,24,1111,0,0,1,0,0,1,0,1
3,2,272,2,1,33,2321,0,1,0,0,1,0,1,1
4,4,209,3,2,52,2740,0,0,1,0,1,0,0,1
5,4,222,6,1,9,1003,0,0,0,1,0,1,0,0
2,5,177,6,2,41,1772,0,1,0,0,0,1,0,1
4,2,158,3,2,9,4078,0,0,0,1,1,0,0,1
2,2,177,4,1,8,5878,0,0,0,1,0,1,1,1
3,2,272,3,1,7,5657,1,0,0,0,0,1,1,1
6,2,159,5,2,22,1247,1,0,0,0,0,0,0,1
3,1,192,3,1,4,5179,0,0,1,0,0,1,0,0
3,2,226,2,2,45,1446,0,0,0,1,1,0,1,1
5,4,187,2,2,10,3549,0,0,0,0,0,1,0,1
5,4,259,5,1,4,1991,0,0,1,0,0,1,0,1
4,3,251,3,2,46,2632,1,0,0,0,0,1,0,1
3,4,110,3,1,55,1281,0,0,1,0,0,1,0,1
3,1,166,2,1,10,5932,0,0,0,0,0,0,0,1
5,5,209,3,1,49,3893,0,0,0,0,0,0,1,1
3,2,225,3,3,5,4304,0,0,1,0,0,1,1,1
5,1,195,6,3,8,4944,0,0,1,0,0,0,0,1
5,4,208,4,2,8,4116,1,0,0,0,0,1,0,0
4,5,196,2,1,51,3151,0,1,0,0,1,0,1,1
4,1,197,3,1,2,4326,1,0,0,0,1,0,1,0
3,4,223,3,1,18,3959,0,0,1,0,0,1,1,1
4,5,216,2,1,8,5767,0,0,0,1,0,1,0,1
5,5,229,6,1,6,1857,0,0,1,0,0,0,0,0
5,4,142,3,1,8,5468,0,0,0,1,0,0,0,1
3,2,264,3,2,5,3861,0,0,0,0,0,0,1,1
3,5,132,3,2,4,4212,0,1,0,0,0,0,0,0
5,3,141,2,2,4,5257,0,0,1,0,1,0,1,0
4,1,118,5,1,50,1413,0,1,0,0,0,1,1,1
5,5,234,2,3,50,3914,0,0,1,0,1,0,1,1
4,4,201,10,2,17,2059,1,0,0,0,0,1,1,1
4,2,183,3,1,5,3716,0,0,1,0,0,1,1,1
6,2,243,4,1,9,1258,0,0,0,1,0,1,1,1
5,4,242,5,1,10,1365,0,0,0,1,1,0,0,0
5,5,235,5,1,4,5908,0,1,0,0,0,0,0,1
5,4,270,3,2,9,4992,0,0,1,0,0,1,1,1
4,1,171,2,1,6,5719,0,0,0,1,0,1,0,1
2,3,260,2,1,1,4547,0,0,0,1,0,1,0,0
4,3,173,3,1,7,4810,0,0,0,1,0,1,0,1
6,4,258,4,1,2,1051,0,0,1,0,0,0,0,1
6,5,305,4,2,9,1072,0,1,0,0,0,1,0,0
4,3,127,5,1,5,1205,0,0,1,0,0,1,0,1
4,3,189,3,2,4,4410,1,0,0,0,1,0,0,0
4,1,173,4,1,5,5530,0,0,1,0,0,0,0,1
5,4,215,2,2,34,2713,0,0,1,0,0,1,1,1
5,3,261,4,2,5,4623,0,1,0,0,1,0,0,1
5,2,191,3,3,52,2028,0,0,0,0,0,1,0,1
6,3,241,6,3,8,3878,0,0,0,0,1,0,0,1
3,3,175,3,3,55,1229,0,0,0,0,0,1,0,1
5,2,240,5,1,7,1923,0,0,0,1,0,0,0,0
3,5,204,2,2,5,4504,0,1,0,0,0,1,0,1
3,4,216,3,2,3,5651,1,0,0,0,0,1,1,0
4,3,269,2,2,2,4158,0,0,1,0,0,1,1,0
6,2,146,3,1,62,1936,0,1,0,0,0,1,0,1
4,3,228,3,2,1,5129,0,0,0,1,0,1,0,1
5,4,250,2,1,10,4277,0,0,0,1,0,1,0,0
3,3,243,2,2,17,3230,0,0,0,1,1,0,1,1
4,5,240,5,1,8,4558,0,0,0,1,0,1,1,0
4,2,192,3,1,4,5578,0,1,0,0,0,1,0,1
6,5,275,4,1,2,1700,0,0,0,1,0,1,1,1
3,5,269,5,1,6,5932,0,0,0,1,0,1,1,1
5,3,259,5,1,2,1730,1,0,0,0,0,1,1,0
4,5,254,3,2,10,4148,0,0,1,0,0,1,0,0
3,1,164,2,1,39,1532,0,0,0,1,0,0,0,1
3,4,267,3,2,62,3589,0,0,0,1,0,1,0,1
3,2,160,3,2,3,5807,1,0,0,0,0,0,1,0
3,5,263,3,2,4,4081,0,0,1,0,1,0,1,1
4,2,229,2,1,9,5026,0,0,0,1,0,1,1,0
5,5,275,5,1,4,1646,0,0,1,0,0,1,1,0
4,5,268,3,2,3,2758,0,0,1,0,1,0,0,1
3,1,160,3,2,4,5132,1,0,0,0,0,1,0,0
6,3,229,8,2,6,4600,0,0,0,0,0,0,1,0
4,4,149,2,2,2,5881,1,0,0,0,0,1,0,0
2,2,147,2,2,49,1447,0,0,0,0,0,1,0,1
5,4,271,5,1,4,1320,1,0,0,0,1,0,1,0
6,4,291,4,1,8,1131,1,0,0,0,0,1,0,0
3,3,216,8,2,4,5329,0,1,0,0,0,1,1,1
3,2,264,4,3,32,2754,0,0,0,1,1,0,0,1
5,5,189,3,1,10,5554,0,0,0,0,0,1,0,1
6,4,121,5,1,23,1734,0,0,0,0,0,1,1,1
2,4,201,2,3,2,5115,0,0,1,0,1,0,1,0
2,3,251,3,1,2,3351,0,1,0,0,0,0,0,1
6,2,239,4,2,7,4589,0,1,0,0,1,0,0,0
4,2,149,5,2,8,4209,0,1,0,0,0,1,0,0
5,4,263,4,1,2,1625,0,1,0,0,0,1,0,0
3,4,154,2,1,29,1016,0,1,0,0,0,1,1,1
5,3,224,5,2,9,1643,0,0,0,1,0,0,1,1
3,4,100,3,2,4,4191,0,0,0,0,0,1,1,0
4,1,251,3,1,33,2502,0,0,0,0,0,1,0,1
4,4,273,5,1,10,1316,0,1,0,0,0,1,1,0
3,2,247,2,1,2,4677,1,0,0,0,0,1,0,0
6,5,308,4,1,2,1125,0,0,1,0,0,1,1,1
3,2,178,2,2,22,1247,1,0,0,0,1,0,0,1
4,1,237,4,1,4,4697,0,0,1,0,0,1,0,1
5,3,223,3,1,6,5977,0,0,0,1,0,1,1,0
6,4,279,4,1,1,1246,1,0,0,0,0,1,0,1
6,4,292,4,2,7,1094,1,0,0,0,0,1,0,1
6,3,262,6,3,5,4506,0,0,1,0,1,0,1,0
4,2,253,3,2,7,5813,0,0,0,0,0,1,0,1
5,4,151,2,1,10,5643,0,0,0,1,0,1,0,1
2,4,226,3,1,9,4098,0,0,0,1,0,1,1,1
3,4,273,3,1,3,5163,0,0,0,1,1,0,1,1
4,3,180,4,1,14,1686,0,0,1,0,0,1,1,1
5,4,248,3,1,7,5335,0,1,0,0,0,0,1,1
3,3,201,3,1,2,5540,0,0,1,0,0,1,0,1
4,5,251,5,2,7,1070,0,0,0,0,1,0,0,1
4,2,149,3,2,54,1506,0,0,0,1,0,1,0,1
6,3,309,4,2,2,1270,1,0,0,0,1,0,1,1
7,3,264,4,2,3,1296,0,0,0,1,1,0,1,0
4,4,135,2,1,4,4684,0,0,0,1,0,1,1,0
2,1,188,3,1,62,2106,1,0,0,0,0,1,1,1
4,4,167,4,1,2,5908,0,0,1,0,0,1,1,1
6,3,280,4,1,2,1753,0,0,0,1,0,1,1,0
5,2,223,5,2,5,1484,1,0,0,0,1,0,1,1
3,5,206,4,2,2,5829,1,0,0,0,0,1,0,1
4,5,243,4,1,1,5328,0,0,0,0,0,1,0,0
4,4,192,4,2,46,3599,0,0,0,0,0,1,0,1
4,5,136,3,1,1,4585,0,0,0,1,0,1,0,1
5,1,137,3,2,10,4641,0,0,0,1,0,1,0,0
3,4,151,3,1,16,1020,1,0,0,0,0,1,1,1
4,3,268,3,2,23,2996,0,0,0,1,1,0,0,1
5,4,258,2,2,24,2878,1,0,0,0,0,0,0,1
4,2,156,3,1,1,5361,0,1,0,0,0,1,0,0
3,4,222,6,2,10,4579,1,0,0,0,0,1,0,1
4,1,284,4,1,4,4795,1,0,0,0,0,1,0,1
4,3,249,3,1,4,4811,0,1,0,0,0,1,1,0
4,3,129,6,2,5,5626,0,0,0,1,0,1,0,0
3,2,262,2,1,7,5141,0,0,1,0,0,1,1,1
3,5,230,4,1,5,4450,0,0,0,1,0,1,0,1
4,1,153,3,1,8,5198,0,1,0,0,0,1,0,0
5,4,254,2,1,9,5658,0,1,0,0,1,0,1,1
2,1,96,2,3,9,4449,0,0,0,0,0,1,0,1
6,5,266,4,2,6,1312,0,1,0,0,0,1,0,1
4,3,170,2,2,33,1980,0,0,0,1,0,1,0,1
3,3,274,3,2,3,5157,0,0,0,0,0,1,1,0
5,1,225,2,2,31,3454,1,0,0,0,0,1,1,1
3,1,157,3,2,1,4391,0,0,0,0,1,0,1,0
4,2,161,4,1,10,5322,0,0,1,0,0,1,0,0
3,3,158,2,1,4,5960,0,0,1,0,0,1,0,0
6,5,253,4,1,2,1893,0,0,1,0,1,0,1,1
5,1,238,3,1,32,3832,1,0,0,0,1,0,1,1
3,2,154,3,1,56,1136,0,0,0,1,0,1,0,1
4,3,223,2,1,3,5765,0,0,0,1,1,0,0,1
4,2,237,3,1,2,5277,0,1,0,0,0,1,1,0
4,2,271,3,2,4,4743,0,1,0,0,0,1,1,1
3,1,140,3,1,6,4488,0,0,0,1,0,1,1,1
5,1,136,3,1,10,5308,0,1,0,0,0,1,1,0
2,3,160,3,1,43,1251,1,0,0,0,0,1,0,1
5,2,159,3,1,5,4930,0,1,0,0,0,0,1,0
4,4,235,2,1,4,5671,0,1,0,0,0,1,1,0
3,2,191,2,2,7,5357,0,0,1,0,0,1,1,0
2,4,285,3,3,6,4427,0,1,0,0,0,0,1,1
5,1,267,5,1,4,1097,0,0,0,0,0,0,0,0
3,4,180,6,2,3,5605,1,0,0,0,0,0,0,0
3,4,263,6,3,3,4429,0,0,1,0,0,1,1,0
5,4,238,8,1,3,4046,1,0,0,0,0,0,1,0
5,2,230,4,1,4,4782,0,0,0,1,0,1,0,1
6,1,217,4,2,3,5571,0,0,0,1,0,1,1,0
3,3,165,4,2,2,4176,0,0,0,1,0,1,1,1
2,4,182,3,2,47,3792,0,0,0,0,0,0,1,1
4,3,223,3,1,10,5560,0,0,0,0,0,1,0,1
4,1,261,3,1,10,5943,0,0,1,0,0,1,0,0
2,2,156,3,1,5,4151,0,0,0,1,0,1,0,1
4,4,212,2,2,5,4774,0,0,0,1,0,1,1,1
3,5,139,3,1,1,4060,0,0,0,1,1,0,0,1
2,3,158,3,1,13,1245,0,0,1,0,1,0,0,1
5,5,226,4,1,10,5676,0,1,0,0,0,1,0,1
2,2,140,3,1,19,1806,0,0,0,0,0,1,0,1
6,1,237,5,3,2,5364,0,0,0,1,0,1,1,0
3,1,170,3,1,3,4454,0,0,0,1,0,0,1,1
5,5,268,3,2,2,4459,0,1,0,0,0,0,1,1
4,1,265,3,1,4,4249,0,0,0,0,0,1,0,0
4,4,197,3,1,7,5099,0,0,0,1,0,1,0,0
3,5,150,3,2,4,4442,0,0,0,1,0,1,0,1
7,5,288,4,1,1,1269,0,0,1,0,0,1,0,1
5,5,227,5,2,3,1687,0,1,0,0,1,0,0,0
5,1,182,3,1,8,3580,0,0,0,0,0,1,1,1
5,5,276,4,1,7,1742,0,0,0,1,0,1,0,0
6,2,161,4,1,10,1683,0,0,1,0,0,0,1,0
3,4,140,6,1,9,4558,0,0,0,1,0,1,1,0
4,2,177,3,1,8,4904,0,0,0,1,0,1,1,0
5,2,263,3,1,9,4699,0,0,0,1,0,0,1,1
4,2,173,3,2,6,4963,0,0,0,1,1,0,1,0
4,3,181,4,1,8,5106,0,1,0,0,0,1,0,0
4,1,165,3,2,51,1293,0,0,0,1,0,1,1,1
3,2,271,2,2,6,5280,1,0,0,0,1,0,1,1
4,2,107,2,1,8,4460,0,0,0,1,0,0,0,0
6,5,295,4,2,5,1963,1,0,0,0,0,1,1,1
3,2,160,3,1,7,4468,0,0,1,0,0,1,0,0
4,1,222,2,3,3,5665,0,0,0,0,0,1,1,1
5,4,154,2,2,10,5670,0,0,0,0,0,0,1,0
5,5,194,4,2,4,4003,0,0,0,0,0,1,0,0
3,4,172,3,1,4,4337,0,0,0,1,0,1,0,0
3,2,123,4,1,10,5891,1,0,0,0,0,1,0,0
5,3,257,5,1,7,1090,0,0,0,1,0,1,1,0
3,3,197,3,1,4,4858,0,0,0,1,0,1,0,1
6,3,259,4,3,7,1208,0,0,0,1,0,1,0,0
4,2,135,2,1,54,1011,0,0,0,1,0,0,1,1
6,1,250,3,1,5,5621,0,1,0,0,1,0,1,1
7,1,291,4,1,9,1880,0,1,0,0,0,1,0,1
4,4,273,2,2,6,5676,1,0,0,0,0,1,1,1
5,4,269,2,2,2,5962,1,0,0,0,1,0,0,0
5,5,197,4,1,7,4141,1,0,0,0,0,1,0,1
6,5,282,4,2,4,1013,0,0,0,0,0,1,0,0
5,1,156,2,1,10,5086,0,1,0,0,0,1,1,0
3,3,261,8,2,3,4007,1,0,0,0,0,1,1,1
5,4,256,3,1,43,3658,0,0,0,0,1,0,0,1
4,4,115,3,2,7,4609,0,0,1,0,0,0,1,0
5,4,266,5,2,8,1592,0,0,0,1,0,0,1,1
3,4,248,4,2,8,4540,0,1,0,0,1,0,1,0
3,5,150,2,1,48,1256,1,0,0,0,0,1,0,1
6,3,257,4,1,2,1694,0,0,1,0,0,1,0,0
3,3,246,3,1,27,3648,0,0,0,1,0,0,1,1
4,3,252,3,2,10,5802,0,0,0,1,0,1,0,1
6,5,165,6,1,6,1529,1,0,0,0,0,1,0,1
3,2,185,4,1,8,5545,0,0,0,1,1,0,0,0
4,4,232,4,1,27,3436,0,0,0,1,0,1,1,1
5,5,238,8,1,9,5186,0,0,1,0,1,0,1,0
2,5,142,3,3,10,5174,1,0,0,0,0,1,1,0
3,3,192,3,2,2,3995,0,1,0,0,0,1,0,1
4,3,197,3,2,6,5395,0,0,0,1,0,1,0,0
2,2,145,2,1,1,1126,0,0,0,0,0,1,1,1
6,3,199,4,2,1,5204,0,0,0,1,1,0,0,0
7,1,290,4,1,9,1885,0,0,0,1,0,1,0,0
5,3,193,5,2,3,5888,0,0,0,1,0,1,1,0
7,2,307,4,1,8,1551,0,0,1,0,0,1,1,0
7,4,247,4,1,9,1228,0,0,0,1,0,1,0,0
6,4,230,4,1,3,4736,0,0,0,1,0,1,1,1
3,4,269,3,2,8,5364,1,0,0,0,0,1,1,1
4,4,175,3,1,8,5944,0,0,0,1,0,1,1,1
3,5,233,2,2,1,4913,0,0,0,0,0,1,1,0
5,3,209,2,3,49,2581,0,0,1,0,0,1,0,1
3,2,203,3,3,3,2791,1,0,0,0,0,1,1,1
4,5,249,5,2,3,1530,0,0,1,0,0,1,1,1
4,3,221,2,1,6,4114,0,0,0,0,0,1,0,1
4,4,226,2,3,53,3154,0,0,0,1,0,1,1,1
2,2,212,4,2,3,1284,0,1,0,0,0,1,0,1
4,3,238,2,2,43,2200,1,0,0,0,0,0,1,1
6,3,267,4,2,1,1942,0,1,0,0,0,1,1,1
4,1,270,3,1,6,5212,1,0,0,0,0,1,0,0
3,3,237,5,1,48,2057,0,0,1,0,0,1,1,1
5,5,162,3,3,31,1364,0,0,0,1,0,1,0,1
4,1,150,2,1,5,4140,0,0,1,0,1,0,1,0
2,2,133,3,1,5,1268,1,0,0,0,0,1,1,1
4,2,216,2,1,26,2431,0,0,0,1,0,1,0,1
5,5,133,3,1,63,1218,1,0,0,0,0,0,1,1
6,5,256,5,1,10,1686,0,0,0,1,0,0,1,0
6,2,293,5,1,3,1969,0,0,0,1,0,1,0,0
5,2,244,3,1,8,3571,1,0,0,0,0,1,1,1
7,2,284,4,1,6,1550,0,0,1,0,0,1,0,1
3,2,206,2,1,7,4185,0,0,0,0,0,1,0,1
6,3,137,8,1,6,5992,1,0,0,0,0,1,0,1
3,2,168,4,1,1,4184,0,0,1,0,0,0,0,1
4,1,193,2,3,37,3510,0,0,0,1,0,1,1,1
4,2,215,2,3,10,4061,0,0,0,0,0,1,0,1
6,4,266,4,1,9,1253,0,0,0,1,0,0,1,1
4,2,167,4,1,20,1705,0,0,0,1,1,0,0,1
3,2,201,3,2,5,2040,0,0,0,1,0,1,1,1
4,3,260,4,1,5,5307,0,1,0,0,0,1,0,0
3,2,188,3,2,3,3837,1,0,0,0,0,1,1,1
2,3,263,4,2,9,5390,1,0,0,0,0,1,1,0
4,4,212,2,2,6,4117,0,0,0,1,0,1,0,1
3,1,294,4,1,52,1089,0,1,0,0,1,0,0,1
5,4,273,3,2,6,4044,0,0,1,0,0,1,1,1
3,4,124,4,2,10,5011,0,0,0,1,0,1,0,0
4,4,175,3,2,2,4004,0,0,0,0,0,1,1,0
4,1,263,5,1,8,1257,0,0,0,1,0,0,0,0
3,1,180,2,3,10,4200,0,1,0,0,0,1,1,0
4,2,255,5,2,2,1255,1,0,0,0,0,0,1,0
5,2,121,5,3,4,5833,0,0,0,0,0,1,0,0
3,3,198,2,1,7,4996,0,0,0,1,0,1,1,1
3,1,189,3,1,1,4886,0,0,0,1,0,1,1,0
3,3,175,3,3,45,1212,0,1,0,0,0,1,0,1
3,5,181,2,2,2,4089,0,0,1,0,0,1,1,0
3,1,225,4,1,29,3496,0,0,0,1,0,1,1,1
3,4,244,8,1,1,2703,0,0,1,0,0,1,1,1
4,3,177,4,1,38,1767,0,1,0,0,0,1,1,1
6,3,247,4,1,6,1537,0,0,0,1,0,1,0,0
5,2,223,5,2,6,1883,0,0,1,0,1,0,0,0
5,1,106,5,2,4,4180,0,0,0,1,0,1,0,0
3,1,165,3,3,10,4208,0,0,1,0,0,1,0,0
4,2,191,3,3,3,2353,0,1,0,0,0,1,1,1
4,1,228,3,1,53,2021,0,1,0,0,0,1,0,1
5,4,131,6,1,8,4005,0,0,0,1,0,1,1,1
4,2,160,2,3,5,4343,0,0,0,0,0,1,0,0
6,5,301,5,2,3,1628,0,0,0,0,1,0,1,0
4,3,138,2,2,9,5297,0,0,0,1,0,1,1,1
4,3,200,2,2,65,3485,0,1,0,0,0,1,1,1
5,4,241,3,3,6,4157,0,0,0,0,0,1,1,0
3,4,216,3,1,3,5149,0,1,0,0,0,0,0,0
6,3,269,4,2,6,1822,0,0,0,1,0,1,0,1
6,4,299,4,2,9,1036,0,1,0,0,0,0,1,1
4,1,192,4,1,3,1689,0,0,0,0,1,0,1,0
4,1,173,3,1,5,5232,1,0,0,0,1,0,0,0
4,5,203,2,2,8,4450,1,0,0,0,1,0,0,1
5,1,226,4,3,2,5600,0,0,0,1,0,0,0,0
6,5,265,4,1,7,1404,0,1,0,0,0,1,1,1
6,2,304,4,1,9,1392,0,0,0,1,0,1,0,0
2,5,259,3,1,3,4770,1,0,0,0,0,1,1,1
3,2,181,3,2,9,4163,0,0,0,1,0,1,0,0
4,3,202,3,2,2,3962,0,0,1,0,0,1,1,1
6,3,166,4,1,10,5783,0,0,1,0,0,1,1,1
5,4,157,4,1,65,1951,0,0,0,1,1,0,0,1
6,2,259,5,2,1,1357,0,1,0,0,0,1,1,0
3,5,238,2,1,8,5769,0,0,1,0,0,0,0,0
3,2,153,4,3,7,4750,0,0,0,1,0,1,1,1
3,3,229,3,2,8,4549,1,0,0,0,0,1,0,0
5,5,298,4,1,8,1631,0,0,0,0,1,0,1,0
3,3,170,3,1,7,5427,0,0,0,1,0,1,0,1
5,3,240,5,1,6,1489,1,0,0,0,0,1,1,0
4,1,154,10,3,10,5674,0,0,0,1,1,0,1,1
4,4,131,3,2,10,4625,0,1,0,0,0,1,0,0
4,3,272,2,2,5,4681,0,0,0,0,0,1,0,1
3,4,284,10,1,5,5479,0,0,0,1,0,1,1,0
3,3,183,2,1,53,3932,1,0,0,0,0,0,1,1
2,3,178,3,2,8,4451,0,0,0,0,0,1,0,1
5,2,172,2,1,2,1680,1,0,0,0,0,1,0,0
4,1,137,3,2,3,4962,0,0,0,0,1,0,0,1
6,5,294,4,2,10,1628,1,0,0,0,0,1,1,1
4,4,239,5,1,6,1239,0,0,0,0,0,1,0,0
4,4,259,7,2,7,4408,1,0,0,0,0,1,1,0
5,2,239,5,1,1,1518,0,0,0,0,0,1,1,1
6,3,282,4,1,9,1417,0,0,0,0,0,1,1,1
4,1,260,3,2,6,4816,1,0,0,0,0,0,1,0
4,5,197,2,2,40,2710,0,0,1,0,0,1,0,1
3,5,220,3,1,5,4407,1,0,0,0,0,1,0,0
3,2,202,2,2,7,5328,1,0,0,0,0,1,0,0
4,5,218,5,1,8,1574,0,0,0,0,0,1,1,1
4,2,261,3,3,1,4931,0,1,0,0,0,1,1,0
3,3,214,2,1,28,3869,0,0,1,0,0,1,1,1
3,1,212,2,2,7,5022,0,1,0,0,0,1,1,0
4,5,185,2,1,47,3974,1,0,0,0,0,1,0,1
3,5,265,3,2,4,4268,0,0,0,1,0,1,1,1
5,5,266,3,2,53,3089,1,0,0,0,0,1,0,1
3,4,196,3,1,52,2129,0,1,0,0,0,1,0,1
5,4,165,4,2,7,5091,1,0,0,0,0,1,1,1
3,5,174,6,2,7,4608,1,0,0,0,1,0,0,0
2,5,157,3,2,4,4888,0,0,0,1,0,0,0,0
5,2,271,4,1,4,4066,1,0,0,0,1,0,0,0
4,5,144,3,1,9,1526,0,0,0,1,0,1,1,1
5,2,178,3,1,48,1517,0,1,0,0,0,0,1,1
7,2,272,4,2,8,1816,0,0,0,1,0,0,0,0
4,1,124,2,2,22,1714,0,0,0,1,0,0,1,1
3,4,210,2,2,29,3142,0,1,0,0,0,1,1,1
5,2,130,4,3,4,4371,0,0,1,0,1,0,1,0
3,2,286,6,3,5,5588,0,0,1,0,0,0,0,0
5,5,195,4,1,1,4393,0,0,0,1,0,1,0,1
5,5,162,4,1,8,1311,0,1,0,0,0,1,1,0
3,3,162,2,2,7,5719,0,1,0,0,1,0,1,1
3,1,198,4,2,44,2848,0,0,0,0,0,1,0,1
2,5,279,3,1,8,4632,0,0,0,0,0,1,0,0
4,1,233,7,2,7,4272,0,0,1,0,0,1,1,1
3,2,268,2,1,20,2731,1,0,0,0,1,0,1,1
3,5,165,3,1,3,5409,0,0,0,0,0,1,1,0
6,3,287,4,2,8,1850,0,0,1,0,0,1,0,1
5,4,202,5,1,6,5230,1,0,0,0,0,1,0,1
5,3,253,4,1,9,1729,0,0,0,1,0,1,1,0
5,3,174,3,2,7,5510,0,0,0,0,1,0,0,1
4,3,154,3,2,10,1711,0,0,0,0,0,1,1,1
4,2,269,10,3,2,5616,0,0,0,0,0,1,1,1
3,3,176,2,1,58,1730,0,0,0,1,1,0,0,1
4,3,134,3,1,51,1965,0,1,0,0,1,0,1,1
4,4,185,3,3,6,4238,0,0,1,0,0,0,0,1
3,1,263,3,2,4,4208,0,1,0,0,0,1,0,0
3,3,191,3,1,5,2007,1,0,0,0,0,1,1,1
5,3,165,2,2,51,1429,0,0,0,1,0,0,1,1
5,4,143,2,1,1,5872,0,0,0,1,0,1,1,1
5,1,151,3,2,9,5667,0,0,0,1,0,1,0,0
6,2,182,3,1,7,4371,0,0,0,1,0,1,1,1
4,2,112,2,2,8,4599,0,1,0,0,1,0,0,0
5,2,189,2,2,2,4636,0,0,0,1,0,1,1,1
4,5,167,2,1,10,5067,0,0,0,0,0,0,0,0
6,1,242,5,1,5,1555,1,0,0,0,0,0,0,0
3,4,274,3,1,7,5036,0,1,0,0,0,1,0,1
6,5,258,5,1,1,5376,1,0,0,0,0,0,0,0
3,1,269,3,1,47,3033,0,1,0,0,0,1,1,1
3,1,236,2,3,2,3949,1,0,0,0,0,1,1,1
4,1,156,2,2,4,5225,0,1,0,0,0,0,1,0
3,3,265,3,2,3,5241,0,0,0,1,1,0,0,0
3,2,197,3,2,3,4491,0,0,0,1,0,1,0,0
3,2,188,3,1,4,5376,0,0,1,0,1,0,1,0
3,4,122,3,3,10,4880,1,0,0,0,0,1,0,0
3,3,204,3,1,6,5296,0,0,0,0,0,0,1,1
3,1,202,2,2,10,4412,0,0,0,1,0,0,0,1
4,2,169,2,1,22,1322,0,0,0,1,0,1,1,1
5,2,146,2,1,2,4075,0,0,0,0,1,0,1,0
5,3,249,2,1,9,4568,0,0,0,1,0,1,0,0
4,5,186,3,1,16,2693,0,1,0,0,0,1,0,1
4,3,197,4,2,58,3617,0,0,0,1,0,1,1,1
3,2,132,3,1,56,1303,0,0,1,0,0,1,0,1
6,5,100,4,2,3,1440,0,0,0,1,0,1,0,1
3,4,191,4,2,43,2903,0,1,0,0,0,1,0,1
5,3,232,5,2,2,1057,0,0,0,0,0,1,0,1
5,5,165,2,1,3,4005,0,0,0,1,0,0,1,1
4,1,235,3,3,22,3695,0,0,0,0,0,1,0,1
5,1,252,4,2,4,1837,0,1,0,0,0,1,1,0
4,3,197,2,1,7,5449,0,1,0,0,0,1,1,0
5,1,262,6,2,1,1696,0,0,0,1,0,0,1,0
4,2,210,2,3,3,5876,0,1,0,0,0,1,0,1
5,3,250,3,2,4,4343,0,0,0,1,0,1,1,0
6,3,297,4,2,2,1520,0,0,0,1,1,0,0,1
4,2,165,2,3,11,1596,0,0,0,0,0,1,1,1
5,4,251,4,1,8,4190,0,0,1,0,0,0,1,1
2,3,141,2,2,28,1624,0,0,0,0,0,1,0,1
3,1,143,6,2,2,1323,0,1,0,0,0,1,1,1
4,1,158,3,2,5,5782,0,0,1,0,0,1,1,0
4,5,198,2,2,9,4108,1,0,0,0,0,1,0,0
3,5,241,3,2,48,2841,0,0,1,0,0,1,1,1
4,1,133,4,2,64,1834,0,0,1,0,0,1,1,1
3,5,215,3,2,22,2585,0,0,0,0,0,1,0,1
5,5,171,2,2,22,1695,1,0,0,0,0,1,0,1
4,1,246,6,1,4,1489,0,0,0,1,0,1,1,0
5,3,265,2,1,4,4641,0,0,0,1,0,1,0,1
2,5,221,3,1,2,5847,0,0,0,1,0,1,1,0
4,4,209,3,1,44,2075,0,0,0,0,0,1,0,1
2,5,254,2,1,10,5718,0,1,0,0,0,0,1,1
4,2,172,3,2,59,1858,0,0,0,1,0,0,0,1
3,5,169,3,3,5,5750,0,0,0,0,0,0,0,0
3,5,272,10,2,59,2182,0,0,1,0,0,1,1,1
4,2,187,3,3,5,4897,1,0,0,0,1,0,0,1
3,5,174,2,1,4,5692,0,0,0,1,0,1,0,0
3,4,256,2,2,55,2247,0,1,0,0,1,0,1,1
4,3,190,4,2,12,3115,0,0,1,0,0,1,1,1
4,5,255,5,2,5,1458,0,0,1,0,0,1,1,1
5,2,197,4,3,4,4339,0,0,1,0,0,0,1,1
3,2,195,10,1,9,4256,1,0,0,0,0,1,0,0
5,4,151,5,1,1,4122,0,0,0,1,0,0,0,0
3,1,183,2,1,58,3027,0,0,0,1,0,1,1,1
4,2,270,2,3,3,4914,0,0,0,1,0,1,0,1
4,2,141,3,1,34,1619,0,0,0,0,0,1,1,1
6,2,286,4,2,6,1556,0,0,0,1,0,1,1,1
6,2,267,4,2,1,1935,0,0,1,0,0,1,0,0
4,5,262,6,1,10,1156,0,0,0,1,0,1,1,0
3,4,181,2,2,45,3448,0,1,0,0,0,1,0,1
4,2,166,3,2,8,4758,0,1,0,0,0,1,0,0
3,3,188,5,1,25,3992,1,0,0,0,0,1,1,1
3,1,160,10,2,29,1952,0,0,0,1,1,0,0,1
7,1,310,4,2,8,1601,0,0,0,1,0,1,0,1
3,5,147,3,2,8,5272,0,1,0,0,0,1,1,1
4,3,147,2,3,52,1570,0,1,0,0,1,0,0,1
6,4,138,5,2,15,1181,0,0,0,0,0,1,0,1
5,1,235,5,1,10,1920,0,0,0,1,0,0,0,0
6,2,276,6,2,7,2437,0,0,0,1,0,1,1,1
6,1,224,3,2,64,2705,0,0,0,1,0,1,1,1
4,5,207,2,2,49,3736,0,1,0,0,0,0,0,1
6,5,257,4,2,1,1957,0,0,0,1,0,1,0,1
3,1,209,2,1,6,5701,0,0,0,1,1,0,1,1
3,4,205,3,3,1,5407,1,0,0,0,0,1,0,0
4,1,151,3,3,39,1458,0,0,0,1,0,1,0,1
3,1,153,3,1,9,4404,0,0,0,0,0,0,1,0
3,2,162,4,1,25,1316,0,0,0,1,0,1,1,1
4,4,264,4,2,9,5186,0,0,1,0,1,0,1,0
4,1,214,5,2,51,2669,0,0,0,0,0,1,1,1
3,4,143,4,2,5,5545,1,0,0,0,0,0,1,1
4,2,191,2,2,8,4806,1,0,0,0,0,1,0,1
3,2,144,4,2,8,4867,0,0,0,0,0,1,1,1
3,4,172,3,1,32,1943,1,0,0,0,0,1,1,1
6,5,282,4,1,4,1035,0,1,0,0,1,0,1,0
3,1,231,4,2,60,3755,0,0,1,0,0,0,0,1
3,1,210,2,1,9,4580,0,0,0,1,0,1,1,0
4,5,139,3,1,5,5335,0,0,1,0,1,0,1,0
4,3,154,3,1,33,1101,0,1,0,0,0,1,1,1
6,4,227,5,2,8,4388,1,0,0,0,0,1,0,0
4,3,175,3,2,4,5784,0,0,0,0,1,0,0,0
3,2,259,8,3,3,4390,0,0,0,0,0,1,1,1
4,3,258,2,3,11,2252,1,0,0,0,0,0,1,1
5,5,222,6,1,1,1962,0,0,1,0,0,1,1,0
6,2,255,4,2,3,1355,0,1,0,0,0,1,0,0
3,4,225,2,3,5,5997,0,0,1,0,0,0,1,0
4,4,140,3,1,4,5924,0,0,0,1,0,1,0,1
2,4,167,2,2,1,4344,0,0,0,1,0,1,1,0
2,3,269,2,1,3,5976,1,0,0,0,0,1,1,0
3,4,212,3,2,13,2307,0,0,0,0,0,0,0,1
5,2,254,5,2,4,1926,0,0,0,1,0,1,0,0
3,4,172,3,1,56,1103,1,0,0,0,0,1,1,1
3,1,139,3,3,6,1269,0,0,0,0,0,0,0,1
5,5,174,6,2,26,1184,0,0,0,1,0,1,0,1
4,3,260,3,1,5,5540,0,0,0,1,0,1,0,0
2,1,238,4,2,4,4780,1,0,0,0,0,0,0,0
5,3,143,3,1,6,4761,0,1,0,0,0,1,1,1
5,5,268,4,1,9,4208,1,0,0,0,1,0,0,0
4,3,158,6,2,43,1478,1,0,0,0,0,1,1,1
3,1,195,5,1,4,4034,0,0,0,0,1,0,0,0
3,2,255,4,2,5,4415,0,0,0,1,0,1,1,0
3,5,184,3,2,9,4969,0,0,0,0,0,0,0,0
3,1,237,3,2,1,4476,0,0,1,0,0,0,0,1
3,1,221,10,2,10,5473,0,0,0,1,1,0,1,0
5,1,210,2,1,2,4079,0,1,0,0,0,1,1,1
6,1,307,4,1,3,1977,0,0,0,0,0,1,0,0
5,4,263,5,1,5,1181,0,0,0,1,0,1,1,0
5,3,197,4,1,2,2222,0,0,0,0,0,1,0,1
2,4,187,3,1,50,3878,0,0,1,0,1,0,1,1
4,1,167,3,1,10,1616,0,0,0,1,1,0,0,1
3,5,110,3,2,3,4252,1,0,0,0,1,0,1,1
3,1,201,3,1,6,4953,0,0,1,0,0,1,0,0
5,5,257,5,2,6,1101,0,0,0,1,0,1,0,0
3,1,191,3,1,4,3947,0,0,0,1,0,1,0,1
4,1,253,3,1,36,2591,0,0,0,1,0,0,1,1
4,1,271,5,2,3,1328,0,1,0,0,1,0,0,0
5,3,243,6,2,9,5640,0,0,1,0,0,1,0,0
6,5,211,6,1,3,4957,0,0,0,1,0,1,1,0
3,4,195,3,2,10,2021,0,0,0,0,1,0,1,1
5,1,303,5,2,4,1009,0,0,0,1,1,0,0,0
2,5,189,5,1,3,5292,1,0,0,0,0,1,1,0
3,5,220,2,1,1,5663,0,1,0,0,0,1,0,0
4,2,272,2,1,1,5703,1,0,0,0,0,0,1,1
5,3,123,2,1,30,1068,0,0,0,1,0,1,0,1
3,3,185,3,1,6,5995,0,0,0,1,0,1,1,1
4,4,259,5,1,5,1065,1,0,0,0,1,0,0,1
3,1,153,4,2,1,4608,0,0,0,1,0,1,0,0
5,1,149,3,1,40,1062,0,0,0,1,0,0,1,1
3,1,149,3,2,9,5952,0,0,0,0,1,0,0,1
3,1,193,4,1,5,4700,0,0,0,1,0,1,1,0
5,1,233,5,2,4,1622,0,1,0,0,0,0,1,0
3,3,261,3,1,2,5629,0,0,0,1,0,1,1,1
5,4,178,7,2,36,1179,0,1,0,0,0,0,0,1
4,2,173,2,1,30,1336,0,0,0,1,0,1,0,1
3,3,265,3,2,3,5986,0,0,0,0,0,1,0,1
4,3,143,2,2,64,1910,0,0,1,0,0,1,0,1
6,4,304,4,1,6,1890,0,0,0,1,1,0,1,1
5,5,259,3,2,1,4608,0,1,0,0,0,1,0,0
3,1,133,3,1,10,5640,0,0,1,0,0,1,0,0
3,2,163,2,1,5,5021,0,0,1,0,0,1,0,0
5,2,239,5,2,6,1310,0,0,0,1,1,0,0,1
4,1,268,3,1,8,5486,1,0,0,0,0,1,1,0
4,4,270,2,2,6,5221,0,0,0,1,0,1,0,0
3,2,132,2,2,6,1185,0,0,0,1,0,1,1,1
4,1,191,3,1,8,4021,0,0,1,0,0,1,0,1
5,5,239,5,1,6,1887,0,1,0,0,0,1,1,1
6,5,260,4,1,2,1221,0,0,1,0,0,0,0,0
3,2,255,2,1,18,3732,0,0,0,0,0,1,1,1
2,4,181,6,2,16,3605,0,0,0,1,0,1,0,1
4,5,259,3,2,4,5344,1,0,0,0,1,0,1,1
6,1,269,6,2,2,5363,0,0,0,1,0,1,0,0
4,2,265,5,1,8,1555,1,0,0,0,0,1,1,0
3,3,148,4,1,2,5557,0,0,0,1,0,1,0,0
4,3,190,2,1,7,5834,0,0,0,1,0,1,0,1
5,5,244,3,2,7,4078,1,0,0,0,0,1,1,1
4,5,142,2,1,2,5150,0,1,0,0,1,0,1,1
4,2,193,2,3,48,2371,1,0,0,0,0,1,0,1
3,2,150,3,2,4,1910,0,0,0,1,0,1,0,1
5,5,169,2,2,14,1497,0,1,0,0,0,0,0,1
6,1,257,3,2,37,2239,0,0,0,1,0,1,1,1
3,1,224,3,1,1,4862,1,0,0,0,0,1,0,1
6,2,304,5,2,6,1178,0,1,0,0,0,1,1,1
3,4,162,4,2,10,4235,0,1,0,0,0,1,1,0
3,2,153,3,2,6,4056,0,0,0,0,0,1,1,0
4,2,144,3,1,2,4264,0,0,0,0,1,0,1,0
4,4,212,3,2,50,2073,1,0,0,0,0,1,1,1
3,1,191,5,2,2,4956,1,0,0,0,0,1,1,1
4,4,188,3,1,7,5720,0,0,1,0,0,1,1,0
5,4,242,5,1,1,1571,0,0,0,1,0,1,1,1
4,5,127,8,1,39,1411,0,0,0,0,0,1,1,1
5,3,234,3,1,10,5673,0,0,0,1,1,0,1,0
5,5,286,4,3,10,1071,1,0,0,0,0,0,0,1
4,1,265,6,1,2,1629,0,1,0,0,0,1,0,1
3,4,188,4,1,6,5016,0,1,0,0,0,1,0,0
5,2,260,6,3,10,4087,1,0,0,0,1,0,1,1
3,3,231,3,1,3,4649,0,0,0,1,0,1,0,1
4,5,188,3,2,8,4125,0,0,0,0,0,1,1,0
6,3,309,4,1,5,1712,1,0,0,0,0,1,1,0
3,4,245,4,1,4,5186,0,0,0,1,1,0,1,1
2,2,270,4,1,6,5585,0,0,0,1,1,0,1,0
5,1,171,5,2,8,4699,0,0,0,1,1,0,0,0
3,4,202,3,2,7,1946,0,0,0,1,1,0,1,0
4,3,152,2,2,18,1537,0,0,0,0,1,0,1,1
4,3,155,3,3,2,4534,0,1,0,0,0,0,0,0
5,2,134,2,1,9,5045,0,0,0,1,0,1,1,0
4,5,253,3,1,58,3096,1,0,0,0,0,1,0,1
3,2,154,10,3,8,5811,0,1,0,0,0,1,0,1
4,1,190,2,2,4,4501,0,0,0,1,0,1,0,0
4,2,147,2,2,20,1387,0,0,0,1,0,1,0,1
6,4,263,4,1,3,1276,0,1,0,0,0,1,1,0
2,4,140,3,1,33,1278,0,0,0,1,0,1,0,1
6,4,261,4,1,5,1794,0,1,0,0,0,1,0,1
5,2,234,5,2,7,1524,0,0,0,1,0,0,1,0
3,1,243,3,2,6,5371,0,0,0,1,0,1,1,0
3,1,244,4,2,6,4734,1,0,0,0,0,1,1,1
5,2,246,3,2,10,5110,0,0,0,1,0,1,0,0
4,5,235,4,2,6,4633,0,0,0,1,0,1,1,1
3,5,265,3,2,8,5980,0,0,0,1,0,1,0,0
3,2,113,5,2,1,5993,0,0,0,1,0,1,1,0
4,4,225,3,1,51,2892,0,0,0,0,1,0,1,1
4,1,235,2,3,64,2107,0,0,0,1,0,0,1,1
6,1,264,4,1,10,1960,0,1,0,0,0,1,1,0
2,5,151,3,2,9,4767,1,0,0,0,0,0,1,1
5,5,262,5,1,2,1304,0,1,0,0,0,1,1,0
4,4,275,5,2,7,1562,0,0,0,0,0,0,1,1
3,1,140,3,2,65,1291,0,1,0,0,0,1,0,1
3,5,212,2,2,56,3547,0,0,0,0,0,0,1,1
4,2,160,3,1,64,1714,0,0,0,0,1,0,1,1
5,2,224,2,2,10,5674,0,0,0,1,1,0,0,0
5,2,226,5,2,5,1323,0,1,0,0,0,1,1,0
4,4,155,3,2,6,5778,0,0,0,0,1,0,0,1
5,4,219,5,1,10,1363,0,0,0,1,0,1,1,1
4,2,141,2,2,52,1012,0,0,0,1,0,1,1,1
4,3,210,3,1,46,2344,0,1,0,0,0,0,0,1
6,3,269,2,3,43,2300,0,0,0,0,0,1,1,1
4,1,251,3,1,4,4374,0,0,1,0,1,0,0,1
6,3,260,5,1,8,1324,0,0,0,0,0,1,1,1
6,3,250,4,1,9,1618,1,0,0,0,0,1,1,0
5,3,235,5,1,4,1990,0,0,0,0,0,1,1,0
4,3,246,5,1,1,1673,0,0,0,0,0,1,0,1
5,3,249,2,2,3,4440,0,0,1,0,0,1,1,0
4,3,283,7,3,1,4216,0,0,0,1,1,0,0,1
3,4,239,2,1,10,5674,0,0,0,1,0,1,0,1
5,1,156,6,2,4,4821,0,0,0,1,0,1,0,0
4,2,128,5,1,28,1247,0,0,0,1,1,0,0,1
4,2,136,4,1,3,4190,0,0,0,1,0,1,0,0
3,1,188,3,1,3,4222,0,0,0,1,1,0,1,0
4,3,149,3,2,1,1448,0,0,0,0,0,1,0,1
5,1,189,3,2,13,3492,0,1,0,0,0,1,1,1
4,1,150,6,2,42,1070,0,0,0,1,0,0,0,1
4,5,260,3,2,59,3951,0,0,0,0,0,1,1,1
6,4,296,4,2,5,1782,1,0,0,0,0,1,1,1
4,1,242,3,3,47,3489,0,0,0,0,1,0,1,1
5,3,234,2,1,55,3308,0,1,0,0,0,0,0,1
5,2,150,3,2,63,1807,0,1,0,0,0,1,1,1
3,5,192,2,1,7,5069,0,0,0,0,0,1,0,1
3,4,240,3,2,8,4410,0,0,1,0,0,1,1,0
3,2,215,4,3,1,4158,0,0,0,0,0,1,1,0
4,2,231,5,2,8,1562,0,0,0,1,0,1,1,0
6,3,292,4,1,10,1270,0,0,1,0,0,0,0,0
4,3,204,2,1,7,4717,0,1,0,0,1,0,0,1
3,3,229,2,2,1,5670,0,0,0,1,0,1,0,0
2,5,159,3,1,5,4190,0,0,0,1,0,1,1,0
3,3,192,3,1,1,4180,0,0,0,1,0,1,0,1
6,3,286,4,1,5,1750,0,1,0,0,0,1,1,1
4,4,149,2,2,19,1665,0,0,0,0,0,1,0,1
5,1,165,3,1,37,1228,1,0,0,0,1,0,0,1
4,3,144,3,1,1,5881,0,0,1,0,0,1,1,0
4,2,144,4,2,2,4316,0,1,0,0,0,1,0,0
6,1,263,6,1,10,5826,0,1,0,0,0,0,1,0
2,1,143,3,1,4,4512,1,0,0,0,0,1,1,0
3,1,267,4,2,4,4914,0,0,1,0,1,0,0,1
6,4,276,6,1,8,5037,0,0,1,0,0,1,0,0
4,2,148,2,2,3,4651,0,0,0,0,0,0,1,0
5,2,208,3,2,8,3442,0,0,0,1,1,0,1,1
3,1,237,2,1,9,4626,0,0,0,0,0,1,1,1
4,2,249,4,2,4,5418,1,0,0,0,0,1,1,1
4,1,263,5,1,1,1605,0,0,1,0,0,1,1,1
5,2,246,3,2,49,3236,0,0,1,0,0,1,1,1
4,5,180,3,2,1,5088,0,0,1,0,1,0,0,0
3,4,258,3,1,55,2777,0,0,0,1,0,1,0,1
3,3,271,2,2,15,3542,1,0,0,0,0,1,1,1
3,4,250,3,1,6,5565,1,0,0,0,0,1,1,0
3,3,260,4,1,8,5595,1,0,0,0,0,0,1,1
3,1,185,2,2,8,5430,0,0,0,1,0,1,1,1
5,3,259,3,1,45,3335,0,1,0,0,0,0,0,1
4,3,240,5,2,5,1301,0,0,0,1,1,0,0,0
5,3,245,4,3,8,4129,0,0,0,1,0,1,1,1
6,3,259,5,2,1,1271,0,0,0,0,0,1,0,0
4,5,236,4,2,1,4082,0,0,0,0,0,1,1,0
4,1,111,4,2,10,4711,0,1,0,0,0,1,1,0
5,2,275,5,1,9,5168,1,0,0,0,0,0,0,1
3,1,252,2,1,4,5559,0,0,0,1,0,1,1,0
3,5,222,3,1,4,5149,0,0,1,0,0,1,1,0
4,1,153,3,2,5,5952,0,1,0,0,0,1,1,0
4,4,179,2,1,18,1369,0,0,0,1,0,1,1,1
4,1,259,3,1,20,2154,0,0,1,0,1,0,1,1
4,4,140,2,1,6,4703,0,0,0,0,0,1,1,0
6,5,268,4,2,1,1248,0,0,1,0,0,1,0,1
4,1,183,3,1,37,2042,0,0,0,0,0,1,1,1
5,1,282,5,1,6,5182,0,0,0,1,0,0,1,1
4,1,166,2,1,6,5737,0,0,0,0,1,0,0,0
3,2,200,4,2,4,4918,0,0,0,1,0,0,0,0
2,3,247,4,1,5,5725,0,0,0,1,0,1,1,0
4,5,237,2,2,6,5954,0,0,1,0,0,1,0,0
4,1,266,3,1,10,4382,0,0,0,1,0,0,1,0
5,5,264,8,3,10,5759,0,0,0,0,0,1,0,1
4,2,161,2,3,8,5654,0,1,0,0,0,1,0,1
2,5,228,3,1,8,5643,0,0,0,1,0,1,1,1
4,1,153,2,1,1,4027,0,0,0,0,0,1,0,0
5,1,298,4,1,4,1853,0,1,0,0,0,1,0,0
5,1,262,2,3,9,5008,0,0,0,0,0,0,1,0
2,4,255,7,1,9,5224,1,0,0,0,1,0,0,1
4,4,113,3,2,1,5610,0,0,0,1,0,1,0,1
5,5,152,6,2,2,4915,0,0,0,1,0,1,1,1
3,4,214,2,1,7,5256,0,0,0,1,0,0,1,1
3,1,274,4,1,3,5979,0,0,0,1,0,1,1,0
4,5,191,3,1,19,2392,0,0,0,0,1,0,0,1
6,4,290,4,1,3,1544,0,0,1,0,0,0,0,1
5,3,222,3,2,10,4597,0,0,0,1,0,1,0,0
3,4,203,3,1,18,3127,0,0,0,0,0,1,1,1
4,1,276,2,2,3,1966,0,0,0,1,0,1,1,0
5,4,254,5,1,10,1350,0,1,0,0,0,1,1,0
5,3,215,4,1,5,5915,1,0,0,0,0,1,1,1
4,5,178,3,1,5,1012,0,0,0,1,0,1,0,1
3,5,178,3,1,3,5540,0,0,0,1,0,1,0,0
7,5,281,4,1,8,1987,1,0,0,0,0,1,1,1
4,5,171,6,2,27,1840,0,0,0,1,0,1,0,1
4,4,145,3,2,8,5780,0,0,1,0,0,1,1,0
5,1,187,2,1,7,4792,0,0,1,0,1,0,0,0
6,3,297,5,1,5,1657,0,0,1,0,0,0,0,0
5,1,187,4,2,9,5657,0,0,0,1,1,0,0,1
4,1,260,2,1,2,2980,0,0,1,0,0,1,1,1
2,1,214,3,3,1,4391,0,0,0,1,0,1,1,0
5,4,233,2,1,7,4597,0,0,0,0,0,0,0,1
3,3,155,3,1,3,5768,0,0,0,1,0,1,0,0
5,2,208,8,2,5,4751,0,0,1,0,0,1,1,0
2,2,274,3,3,60,2053,0,0,0,1,0,1,0,1
5,2,160,3,3,1,5834,0,0,0,1,0,0,1,0
4,4,140,3,2,4,1467,0,1,0,0,0,0,0,1
6,2,243,4,3,2,1665,0,0,0,0,0,0,1,1
4,4,153,3,1,27,1613,0,0,0,0,1,0,0,1
3,1,180,2,1,65,1321,0,0,0,0,1,0,0,1
3,4,140,2,2,48,1102,0,0,1,0,0,1,1,1
4,1,153,2,2,9,4359,0,0,0,1,1,0,1,0
4,2,149,4,1,40,1102,1,0,0,0,0,0,1,1
5,2,234,5,2,6,1703,0,0,0,1,0,1,1,0
6,4,192,3,3,19,2944,0,0,0,1,0,1,0,1
3,3,234,3,1,3,4405,0,0,0,0,0,0,1,0
3,2,174,3,1,4,1337,0,0,0,0,0,1,1,1
3,1,245,3,2,1,5325,0,1,0,0,0,1,0,0
5,4,169,2,1,20,1765,1,0,0,0,1,0,0,1
5,1,279,5,2,4,4405,0,0,0,1,0,1,1,1
3,1,193,10,3,1,4459,0,1,0,0,0,1,0,0
5,4,185,4,2,31,3565,0,1,0,0,0,1,1,1
4,4,142,10,3,7,4624,0,0,0,1,0,1,0,0
2,2,154,3,2,38,7846,0,0,0,1,0,1,1,1
3,1,191,2,2,10,5073,0,0,1,0,0,0,0,0
4,2,253,5,1,3,1086,0,0,0,1,0,1,0,1
2,1,165,4,1,57,1881,0,0,1,0,0,1,0,1
4,3,225,5,2,3,1224,0,0,0,0,0,1,1,0
3,1,253,3,3,8,5030,1,0,0,0,0,1,1,1
5,3,240,5,1,4,1389,0,0,0,1,1,0,1,0
4,1,100,6,2,6,5841,0,0,1,0,0,1,1,0
3,1,223,3,2,31,3942,0,1,0,0,0,1,0,1
4,2,202,4,1,1,3602,1,0,0,0,1,0,0,1
4,3,134,4,1,5,4507,0,0,0,0,0,1,0,1
4,4,153,3,2,3,4422,0,0,1,0,0,0,1,1
6,1,249,4,2,2,1189,0,0,1,0,0,0,1,1
4,1,252,5,2,1,1538,0,0,0,0,0,1,0,1
6,5,252,4,1,9,1460,0,0,1,0,0,1,0,0
7,4,277,5,1,4,1373,0,0,0,1,0,1,1,0
4,5,108,6,2,46,1882,0,0,1,0,0,1,1,1
4,5,221,3,1,6,5895,0,1,0,0,0,0,0,0
3,2,223,4,2,3,5374,0,0,0,0,0,0,1,0
4,3,247,3,1,4,4962,1,0,0,0,0,1,0,1
3,3,270,4,1,18,2397,0,0,0,0,1,0,0,1
6,2,118,2,1,2,1744,0,0,0,0,0,1,0,1
5,1,233,7,2,5,5759,0,0,0,1,0,1,0,1
4,3,225,2,2,2,4169,0,0,1,0,0,1,0,1
5,5,263,2,2,59,3238,1,0,0,0,1,0,1,1
3,3,158,3,1,6,5261,0,0,0,1,0,1,0,1
3,2,238,2,2,32,3274,1,0,0,0,1,0,0,1
3,1,183,3,2,7,5849,0,0,0,1,0,1,1,1
4,2,149,3,2,26,1863,0,0,0,0,0,1,1,1
3,2,182,2,1,40,2592,0,0,0,1,0,1,0,1
5,1,229,4,2,1,4584,1,0,0,0,0,1,1,1
4,1,173,3,3,1,5749,0,0,0,1,0,0,1,0
3,3,203,3,3,3,5440,0,0,0,1,0,1,1,0
3,1,125,3,2,9,5489,0,0,0,1,0,1,1,0
5,4,131,8,1,7,4471,0,0,1,0,0,1,1,0
5,1,251,6,1,5,1827,0,0,0,1,0,1,0,0
5,1,258,3,2,8,5694,0,0,0,0,0,1,0,0
3,4,238,2,2,3,4930,1,0,0,0,0,1,1,0
5,5,256,5,1,10,1333,0,0,0,1,0,1,0,1
4,3,233,5,1,5,1799,1,0,0,0,0,1,1,1
4,1,239,5,1,8,1048,0,0,0,1,0,1,0,0
4,1,194,2,2,1,4198,0,0,1,0,0,0,0,0
4,5,241,5,1,2,1043,1,0,0,0,0,1,1,0
3,3,138,6,2,49,1078,0,0,0,1,0,1,1,1
3,3,250,2,2,4,4380,0,0,0,1,0,1,0,0
5,3,236,6,2,9,3715,0,0,0,1,0,1,1,1
3,3,241,3,1,5,2713,0,0,0,1,0,1,1,1
3,3,180,3,2,8,5953,0,0,1,0,0,1,1,1
5,3,137,4,1,9,4754,1,0,0,0,0,1,0,0
3,5,166,3,3,31,1117,0,0,0,0,0,1,0,1
5,5,223,6,2,10,1711,0,0,0,1,1,0,0,0
4,2,174,3,1,3,5920,0,0,0,1,1,0,0,0
4,1,143,3,2,4,4283,0,0,1,0,0,0,1,0
3,1,138,10,1,4,4496,0,1,0,0,0,1,0,1
3,4,230,3,2,7,5891,0,0,0,0,0,0,0,0
3,3,246,3,2,45,3945,1,0,0,0,0,1,0,1
5,2,217,2,2,6,4120,0,0,0,1,0,0,0,1
6,3,305,4,1,3,1276,0,0,0,0,0,1,1,0
3,4,122,3,3,15,1354,0,0,1,0,0,1,0,1
3,2,239,4,2,10,4410,0,0,0,1,0,1,0,0
2,5,238,2,1,6,5325,0,0,1,0,0,1,0,1
3,2,160,3,2,6,4808,0,0,1,0,0,1,0,1
4,4,150,2,2,1,4711,0,0,0,1,1,0,0,1
6,2,218,6,2,1,4558,0,0,1,0,0,1,1,1
4,5,194,2,3,44,2651,0,0,0,1,0,0,1,1
5,3,200,8,1,9,2741,0,1,0,0,0,1,0,1
3,3,201,2,1,2,5361,0,0,0,1,0,1,0,0
4,3,240,3,2,6,4964,1,0,0,0,1,0,1,0
4,2,225,2,2,5,5943,0,0,0,1,0,1,0,0
3,1,167,3,1,1,1252,1,0,0,0,0,0,1,1
5,5,265,3,1,6,4423,0,1,0,0,0,1,1,1
3,3,143,3,1,64,1630,0,1,0,0,0,1,1,1
6,1,196,4,2,2,5844,0,1,0,0,0,1,0,0
3,4,117,3,1,6,4046,0,0,0,0,0,1,0,0
3,2,198,4,1,3,4172,1,0,0,0,0,1,0,1
4,3,135,2,2,37,1597,0,0,0,1,1,0,0,1
7,5,256,4,2,4,1139,0,1,0,0,0,1,1,1
3,5,154,10,3,10,5282,1,0,0,0,0,1,0,1
3,1,192,2,1,6,4056,0,0,0,1,0,0,1,0
3,3,218,4,2,8,1883,0,0,0,1,0,1,1,0
5,3,202,2,1,9,5645,0,1,0,0,1,0,0,1
5,1,245,5,1,3,1956,0,0,0,1,0,1,0,1
5,3,257,2,1,61,3341,0,0,0,1,0,1,0,1
3,2,212,2,2,65,3776,0,0,0,1,0,1,0,1
3,3,199,5,2,10,4847,0,1,0,0,0,1,0,1
5,5,180,5,2,35,1725,1,0,0,0,0,1,1,1
4,4,275,3,3,29,2602,0,0,0,1,0,0,1,1
6,5,268,4,1,7,1600,0,0,0,1,0,1,1,1
3,4,163,3,2,5,5088,0,0,0,0,1,0,1,1
3,5,212,3,2,7,4411,1,0,0,0,0,1,1,1
6,1,255,4,1,9,1575,0,0,1,0,0,1,1,0
4,5,200,4,2,2,4947,0,0,0,1,0,1,0,0
6,5,163,4,3,3,5118,1,0,0,0,0,1,1,1
2,2,188,4,2,39,2424,0,0,1,0,0,1,1,1
4,4,146,2,1,52,1459,0,0,0,1,0,0,1,1
3,2,257,2,2,1,4132,0,0,1,0,0,0,0,1
4,3,162,10,3,25,1764,0,0,0,0,0,1,1,1
3,2,177,2,2,23,1929,0,0,0,0,0,1,0,1
3,2,199,2,2,10,4659,0,0,0,0,0,1,1,0
3,5,152,2,2,6,1800,1,0,0,0,0,1,0,1
6,3,255,4,1,6,1654,0,0,0,1,0,1,1,1
4,2,204,3,2,14,3829,1,0,0,0,0,1,1,1
3,2,177,3,2,8,5006,0,0,0,0,0,1,1,1
5,4,243,5,1,2,1637,0,0,0,1,0,1,0,0
3,1,148,2,2,5,4082,0,0,0,0,0,1,1,1
6,3,281,4,2,7,1599,0,0,0,0,0,1,0,1
4,2,257,3,2,8,5045,1,0,0,0,0,1,1,1
3,3,214,2,2,4,3754,0,1,0,0,0,0,0,1
5,4,273,3,1,60,3384,0,1,0,0,0,1,0,1
3,3,150,3,2,9,5852,1,0,0,0,0,1,1,0
3,5,256,2,2,4,5368,1,0,0,0,0,0,0,1
6,5,243,3,2,35,2374,0,0,0,0,0,1,0,1
5,1,263,2,2,4,1092,0,0,0,0,0,1,0,1
4,4,228,3,2,12,3359,1,0,0,0,1,0,0,1
3,3,177,4,2,4,1560,0,0,0,0,0,1,0,1
3,4,201,3,2,10,4032,0,0,0,0,0,0,1,1
4,3,211,8,2,6,5583,1,0,0,0,0,0,0,0
5,2,254,2,2,4,4180,0,0,0,1,0,1,1,1
3,2,169,2,2,10,4038,0,0,0,0,0,0,0,1
4,3,146,3,2,10,5372,0,1,0,0,0,1,0,0
3,5,164,3,3,10,4639,0,0,0,1,0,1,1,1
3,4,210,2,1,35,2741,0,0,1,0,0,0,0,1
4,3,165,2,1,2,5210,1,0,0,0,0,1,1,0
5,1,234,3,2,40,3340,1,0,0,0,0,1,1,1
3,1,121,5,1,60,1577,0,1,0,0,0,0,0,1
5,3,230,4,2,4,5278,0,1,0,0,0,1,1,1
6,5,273,5,2,10,5756,0,0,0,1,0,1,1,1
4,3,119,3,1,40,1233,0,0,0,1,0,1,0,1
3,4,133,3,1,17,1187,0,0,0,1,0,1,1,1
4,5,227,2,1,7,4414,0,0,0,1,0,1,1,0
4,3,136,3,1,7,5976,0,0,0,0,0,1,0,0
5,2,149,2,2,8,5396,0,0,0,1,0,1,0,0
3,1,259,4,1,9,4084,0,1,0,0,0,1,0,1
2,3,194,4,2,65,3795,0,0,0,1,1,0,1,1
5,5,156,2,1,8,4817,0,0,0,1,0,0,0,0
5,1,215,4,1,56,3905,0,0,0,0,0,1,0,1
4,3,226,3,2,1,5433,1,0,0,0,0,1,1,1
3,2,134,3,2,3,5232,0,0,0,1,0,1,0,0
6,5,143,5,3,9,4060,0,0,0,0,0,0,1,0
5,1,219,6,1,2,1650,0,1,0,0,1,0,0,1
5,3,198,4,2,2,5316,0,1,0,0,0,1,1,0
3,3,110,3,1,7,1235,1,0,0,0,0,1,1,1
4,1,172,2,1,48,1993,1,0,0,0,0,1,1,1
4,5,246,6,1,1,1400,0,1,0,0,0,1,1,1
5,4,241,3,2,40,3484,0,0,1,0,0,1,1,1
4,1,133,2,2,8,4277,0,0,0,1,0,1,1,0
4,1,267,2,2,9,5230,0,0,0,1,0,0,1,1
6,3,191,6,2,2,4471,0,0,1,0,0,0,0,0
4,1,240,3,1,4,4787,0,0,0,1,0,0,0,0
3,4,163,3,3,6,5912,0,0,0,1,0,1,0,0
4,4,228,5,1,1,1788,0,0,0,0,0,1,0,1
4,5,136,2,2,4,5923,1,0,0,0,0,1,1,1
3,4,133,4,1,10,4571,1,0,0,0,0,1,0,0
3,3,255,3,1,4,4628,0,1,0,0,0,1,1,1
3,3,151,3,1,7,4611,0,0,0,0,0,1,1,0
5,2,151,3,2,20,1395,0,0,0,1,0,0,1,1
3,3,168,2,3,10,5334,0,0,0,1,0,0,1,1
5,5,267,3,2,9,4775,1,0,0,0,0,0,1,1
4,5,278,6,1,4,3909,0,0,0,1,0,1,1,1
4,3,149,3,1,3,5542,0,0,1,0,0,0,0,0
4,1,157,3,2,31,1712,0,0,0,1,0,0,1,1
3,2,261,2,2,10,4035,1,0,0,0,0,0,1,0
3,1,185,2,2,9,4316,0,1,0,0,0,0,0,0
3,5,254,3,2,5,4946,0,0,0,1,1,0,1,0
2,4,272,2,2,4,4632,0,0,0,1,0,1,1,0
5,5,195,4,2,1,4482,0,1,0,0,1,0,1,0
3,4,168,3,2,5,5183,0,0,0,1,1,0,1,0
3,3,195,3,1,1,4224,0,0,0,0,0,1,1,0
4,1,253,3,1,31,3632,0,0,0,0,0,1,1,1
4,3,235,3,2,6,4832,0,0,0,1,0,0,0,1
2,3,201,3,2,5,5733,0,0,0,1,1,0,1,1
2,1,229,4,1,6,3757,0,0,0,1,0,1,1,1
4,1,170,10,2,3,5211,0,0,0,0,1,0,0,1
4,5,208,2,2,33,2170,0,1,0,0,0,1,1,1
4,4,266,7,2,3,5672,0,0,1,0,0,1,1,1
4,4,252,3,2,1,5676,0,0,0,0,0,1,1,1
3,5,272,2,2,31,2438,1,0,0,0,0,1,1,1
4,2,227,3,2,7,4041,1,0,0,0,0,1,1,0
5,4,208,8,2,4,5155,1,0,0,0,1,0,0,1
5,1,272,6,2,2,1681,0,0,0,1,0,0,0,1
3,4,267,2,1,9,5940,0,1,0,0,0,1,1,0
7,3,278,4,1,2,1038,0,0,0,1,0,1,1,1
4,5,258,2,2,6,5062,0,0,1,0,0,1,1,1
3,3,272,3,1,2,4059,1,0,0,0,0,1,1,1
3,5,109,4,2,4,4308,1,0,0,0,0,1,0,0
4,2,265,3,2,1,5385,0,0,0,1,0,1,0,0
5,1,228,5,1,2,1950,0,0,1,0,0,1,0,1
5,3,178,2,2,60,1830,0,0,0,1,0,0,0,1
3,1,152,3,1,1,4949,0,1,0,0,0,1,1,1
4,5,212,2,2,10,4552,0,0,1,0,0,1,1,0
3,2,176,2,2,1,5292,0,0,1,0,0,1,0,0
4,4,222,3,1,24,3503,1,0,0,0,0,1,0,1
6,1,280,4,2,6,1735,0,0,1,0,0,1,1,1
7,3,296,4,2,2,1304,0,0,0,0,0,1,0,1
3,3,262,2,1,10,5951,0,0,0,0,0,1,0,1
3,4,175,3,2,4,1519,0,1,0,0,0,1,1,1
3,3,223,3,1,10,5243,0,0,1,0,0,1,1,1
4,2,239,6,1,7,1934,0,1,0,0,0,0,0,0
3,5,223,3,2,53,3670,0,1,0,0,0,1,1,1
3,3,150,4,2,1,4662,0,1,0,0,1,0,0,0
4,3,246,2,1,55,2387,0,0,1,0,0,1,1,1
3,3,177,3,2,10,5374,0,0,0,1,0,1,1,1
4,4,158,3,2,63,1387,0,1,0,0,0,1,1,1
6,1,291,5,2,53,1682,0,1,0,0,0,0,0,1
3,2,225,3,1,59,3488,0,0,0,1,0,1,0,1
5,1,258,2,2,48,3717,0,0,0,1,0,1,0,1
3,3,201,3,1,9,5895,0,0,0,1,0,0,1,1
3,5,228,2,1,6,5893,0,1,0,0,0,1,1,0
4,2,220,5,1,33,2854,0,1,0,0,0,1,1,1
3,2,207,3,2,1,4369,1,0,0,0,0,1,0,0
5,5,163,2,3,6,5253,0,1,0,0,0,1,1,1
3,4,238,2,2,1,4991,0,1,0,0,0,1,0,1
5,5,259,6,1,5,1382,0,0,0,0,0,1,1,1
4,3,259,5,1,6,1867,0,0,0,1,0,1,1,1
4,3,134,4,1,8,4879,1,0,0,0,0,1,1,1
4,5,233,4,1,6,4705,1,0,0,0,0,1,0,1
3,1,256,4,1,6,4814,0,0,0,0,1,0,1,1
3,5,148,10,3,35,1597,0,0,0,0,0,1,0,1
4,5,275,3,2,1,5394,0,0,0,1,0,1,1,1
3,5,225,2,1,56,2596,0,0,1,0,0,1,0,1
4,1,146,8,1,7,4576,0,0,0,0,0,1,1,0
4,1,193,3,2,9,5354,0,0,0,0,0,1,0,0
4,4,257,10,2,4,4710,0,0,0,0,0,1,1,0
3,2,221,3,3,7,5477,1,0,0,0,0,1,0,0
4,4,245,4,2,4,5203,0,0,0,1,0,1,1,1
4,3,256,3,1,4,5068,1,0,0,0,0,0,0,1
3,1,137,3,1,47,1611,0,0,0,1,0,1,1,1
5,1,246,3,2,44,3993,1,0,0,0,0,1,0,1
2,2,101,5,2,6,4196,1,0,0,0,0,1,0,0
4,3,158,5,2,7,4344,0,0,1,0,0,1,0,1
3,1,229,3,2,2,3963,1,0,0,0,1,0,1,1
3,1,105,3,1,58,1304,0,0,0,0,0,0,1,1
4,5,233,3,2,2,4501,0,1,0,0,0,1,0,0
2,3,134,3,1,4,5958,0,0,0,1,0,0,1,0
3,4,148,4,2,9,5301,0,0,0,0,1,0,0,0
5,3,222,6,1,9,1656,0,0,1,0,1,0,1,0
6,2,306,4,1,1,1815,0,0,1,0,0,1,0,1
7,2,289,5,1,1,1178,0,0,1,0,0,1,1,0
3,4,164,3,1,4,4796,0,0,0,0,0,1,0,0
5,5,158,2,1,8,4743,1,0,0,0,0,1,1,0
3,1,176,3,1,5,5316,0,0,0,1,0,0,1,1
4,1,274,6,1,8,1141,0,0,1,0,0,0,1,1
3,4,271,3,2,1,4444,0,0,1,0,0,0,1,1
4,4,186,3,1,8,4969,0,1,0,0,0,1,0,1
5,5,235,5,2,10,1393,0,0,1,0,1,0,0,0
5,3,284,5,2,4,5343,0,0,0,1,0,1,0,1
4,1,245,3,1,9,4024,0,0,1,0,0,0,0,1
5,4,252,3,2,6,5221,1,0,0,0,0,1,1,0
3,5,168,3,2,7,4296,0,0,1,0,0,1,1,0
5,4,153,6,2,35,1082,0,0,1,0,0,1,1,1
5,1,228,5,1,4,1316,0,0,0,1,1,0,0,0
4,5,152,3,1,43,1709,0,0,0,1,0,1,1,1
4,4,183,4,1,6,4562,1,0,0,0,0,1,0,1
4,1,173,2,1,5,4688,0,0,0,0,0,1,1,0
3,1,214,2,1,3,5595,0,0,0,1,0,0,0,1
2,1,178,3,1,6,1184,0,0,0,1,1,0,1,1
3,2,136,2,3,6,4002,1,0,0,0,0,1,0,1
4,3,134,4,1,3,5233,0,0,0,1,1,0,1,0
5,3,225,4,1,60,2130,1,0,0,0,1,0,0,1
3,1,221,2,1,7,5320,0,0,0,1,1,0,0,0
4,1,228,5,1,6,1874,0,0,0,1,0,1,0,0
6,1,268,4,2,10,1958,0,0,1,0,0,1,1,0
5,4,222,2,3,8,4996,1,0,0,0,0,1,1,1
4,2,211,3,1,4,5989,1,0,0,0,0,1,1,0
3,1,158,5,1,9,1537,0,0,0,1,0,0,1,1
4,2,202,3,2,7,5821,0,0,0,0,0,1,1,0
4,3,258,3,2,7,4887,0,0,0,1,0,1,0,1
4,1,254,5,1,7,1003,0,0,0,1,0,1,0,0
3,5,194,3,2,10,2277,0,0,1,0,0,1,0,1
5,4,237,2,1,8,5600,0,0,0,0,0,1,1,1
4,4,174,2,1,1,4541,0,0,0,1,0,1,0,1
6,4,168,2,3,6,5686,0,0,0,0,0,1,1,0
5,5,227,4,1,53,2624,0,0,0,1,0,1,1,1
3,3,219,3,1,4,5956,0,1,0,0,1,0,1,0
4,4,181,3,2,1,5444,1,0,0,0,1,0,1,0
6,4,246,4,2,3,1852,0,0,1,0,0,1,1,0
5,1,243,5,2,8,1732,1,0,0,0,0,0,1,0
5,3,168,4,1,7,1298,0,0,1,0,1,0,1,1
5,5,192,3,2,37,2197,0,0,0,1,1,0,0,1
4,5,148,8,2,6,5700,0,0,0,0,1,0,1,0
2,4,258,3,2,3,4811,0,0,0,1,0,1,1,0
5,4,223,3,1,7,4671,0,1,0,0,0,1,1,1
3,3,150,2,2,61,1053,0,0,0,0,1,0,0,1
3,3,218,4,2,4,1678,0,0,0,0,1,0,0,1
3,3,149,4,2,3,5944,0,0,0,1,0,1,0,1
5,2,272,2,2,37,2226,1,0,0,0,1,0,0,1
6,5,258,4,1,5,1558,0,0,0,0,0,1,1,0
5,5,153,5,2,10,5297,0,0,0,0,0,1,1,0
5,3,235,2,2,12,3358,0,1,0,0,0,1,0,1
6,2,260,4,1,8,1522,0,0,1,0,0,1,0,0
5,5,169,4,2,23,1922,0,0,0,1,1,0,0,1
3,2,257,5,1,5,4130,0,1,0,0,0,0,1,1
3,2,183,3,2,44,3809,0,0,0,0,0,1,0,1
3,1,149,3,2,5,4805,0,0,0,1,1,0,1,1
3,4,160,3,2,3,5662,1,0,0,0,0,1,1,0
2,5,286,6,2,3,4497,1,0,0,0,0,1,0,1
4,1,227,3,3,8,4795,0,0,0,0,0,0,1,0
5,3,222,4,2,2,4060,0,0,1,0,0,1,1,0
3,2,174,3,1,30,1986,0,0,0,1,0,1,1,1
5,3,254,2,1,4,5014,0,1,0,0,0,1,0,0
6,3,286,4,2,7,1132,0,1,0,0,0,0,0,1
4,3,190,10,1,34,3935,1,0,0,0,1,0,1,1
4,4,206,3,1,2,5572,0,0,0,0,1,0,1,1
4,2,169,6,1,6,4179,0,0,0,1,0,1,0,0
5,4,230,2,2,48,3743,0,0,0,0,1,0,0,1
3,3,201,2,2,8,5032,1,0,0,0,0,0,0,1
3,4,158,2,1,8,4086,0,0,1,0,1,0,1,0
3,3,219,2,1,41,3932,0,1,0,0,0,0,0,1
3,2,129,3,3,9,4342,0,0,0,1,0,0,1,1
4,2,175,3,3,4,4426,0,1,0,0,0,0,1,0
4,1,225,5,1,3,1488,1,0,0,0,0,1,1,0
3,2,164,4,2,2,1701,0,0,1,0,0,1,1,1
3,1,205,4,3,3,4426,0,0,0,1,0,1,0,0
3,2,171,3,2,11,1282,0,0,0,0,0,1,1,1
4,3,225,3,1,62,2587,0,1,0,0,1,0,0,1
5,2,274,4,2,7,4929,0,0,1,0,0,1,0,0
2,3,266,2,1,1,5356,0,0,0,1,0,1,1,0
4,2,258,7,2,3,4538,0,0,0,0,0,1,1,1
3,5,226,2,2,2,1043,0,1,0,0,0,1,0,1
3,5,218,3,1,2,5841,0,0,1,0,0,0,1,0
5,2,254,3,1,9,5714,1,0,0,0,0,1,0,1
3,2,178,3,1,4,5119,1,0,0,0,0,0,1,1
4,3,195,3,1,1,4236,0,0,1,0,1,0,1,1
3,2,212,3,2,10,4117,0,1,0,0,0,1,1,0
6,1,244,4,1,5,1867,0,0,1,0,0,1,1,0
6,5,264,4,1,4,1822,0,0,1,0,0,1,0,1
3,5,252,3,3,4,4248,1,0,0,0,0,1,0,0
6,3,136,3,1,10,1826,0,0,0,1,0,1,0,0
6,3,271,4,2,1,1733,0,0,0,0,0,1,0,0
7,3,256,4,2,4,1628,0,0,0,1,0,1,1,0
3,1,222,3,2,8,4650,0,0,0,0,0,0,0,1
3,1,178,3,3,36,1297,1,0,0,0,0,1,0,1
7,2,250,5,2,9,1327,0,0,0,1,0,0,1,0
5,1,152,3,2,3,5981,0,1,0,0,1,0,0,0
5,5,258,5,1,6,1068,1,0,0,0,0,1,1,1
3,5,148,3,1,7,5685,0,1,0,0,1,0,0,0
4,2,244,3,3,1,5559,0,0,0,1,0,1,1,1
3,3,211,4,1,7,4733,0,0,1,0,0,1,1,0
4,1,179,4,2,2,4071,0,0,1,0,0,1,0,1
5,4,132,6,1,8,1327,0,0,1,0,0,1,0,1
3,3,203,3,2,7,4977,0,0,1,0,0,0,1,1
3,2,132,4,2,3,4512,0,0,0,1,0,1,0,0
3,5,154,3,2,46,1312,0,0,0,1,0,0,1,1
5,2,266,7,1,40,2304,1,0,0,0,0,1,1,1
3,5,203,2,2,61,3642,0,0,0,0,0,1,1,1
6,5,206,2,1,6,5646,0,0,0,0,0,1,0,1
6,4,293,4,1,8,1145,0,0,1,0,0,1,0,1
3,1,200,2,1,44,2651,1,0,0,0,0,1,0,1
4,3,152,3,1,58,1453,0,0,0,0,1,0,1,1
2,5,158,3,1,40,1722,0,0,0,1,0,1,0,1
3,1,111,4,1,8,1620,0,0,1,0,0,1,0,1
4,4,184,4,2,8,2306,0,0,1,0,1,0,1,1
4,4,222,2,1,5,5660,0,0,0,1,0,1,1,0
4,3,275,5,2,5,1329,1,0,0,0,0,1,1,0
4,1,239,5,1,1,1780,0,0,0,1,0,1,0,1
5,3,227,4,1,10,1317,0,0,0,1,0,1,0,1
5,2,224,5,1,2,1022,0,0,1,0,0,1,0,0
3,3,175,3,2,32,1848,0,0,1,0,0,1,0,1
4,1,225,2,2,5,5714,0,0,0,1,0,1,1,1
4,5,177,2,1,47,1536,1,0,0,0,0,1,1,1
4,4,201,2,1,1,3147,0,0,0,1,0,1,0,1
4,4,137,2,2,37,1447,1,0,0,0,0,0,1,1
4,1,263,4,1,9,4390,0,0,0,0,0,0,1,0
5,3,230,5,2,4,1123,1,0,0,0,0,0,1,0
3,2,189,3,2,38,2108,1,0,0,0,1,0,1,1
3,5,271,2,2,6,4020,0,0,0,0,0,1,0,1
5,3,192,3,2,6,4037,1,0,0,0,0,1,0,1
4,1,151,2,1,42,1367,1,0,0,0,0,1,1,1
4,2,148,3,2,2,1805,0,0,0,0,0,0,1,1
3,4,188,6,2,6,4031,1,0,0,0,1,0,0,1
4,2,258,5,2,1,1920,0,1,0,0,0,1,1,0
4,3,192,4,3,7,4949,0,0,1,0,0,0,1,0
4,2,206,2,2,4,5159,0,0,0,1,0,1,1,0
4,3,190,5,1,8,4736,0,0,1,0,0,0,0,0
4,5,154,2,1,49,1532,1,0,0,0,0,0,0,1
3,1,223,7,3,5,4439,0,1,0,0,0,1,1,1
4,3,264,5,2,3,1639,0,1,0,0,0,1,1,0
3,3,175,3,1,2,5740,0,0,0,1,0,0,1,1
6,1,300,4,2,2,1790,1,0,0,0,0,1,0,1
4,1,191,3,3,6,5335,0,0,0,1,0,1,0,1
5,3,143,2,2,59,1837,0,1,0,0,0,1,1,1
5,4,269,2,2,2,5276,0,0,0,0,0,1,0,0
3,3,133,2,2,8,4241,0,1,0,0,1,0,1,0
4,2,256,4,2,4,5469,1,0,0,0,0,1,1,0
3,5,124,2,2,1,5709,0,0,0,0,0,1,1,1
5,1,160,5,2,16,1526,0,0,0,0,0,1,0,1
4,3,210,2,2,22,3124,1,0,0,0,0,1,1,1
5,4,273,3,2,2,5672,0,0,1,0,0,1,0,1
5,4,191,4,2,63,2039,0,0,0,1,0,1,1,1
4,2,213,3,2,8,5214,0,0,0,0,0,1,1,1
4,3,254,4,1,9,4492,0,0,0,1,0,1,1,0
5,4,172,2,1,5,4554,0,0,0,0,0,0,1,1
6,5,282,4,1,1,1193,1,0,0,0,0,1,1,1
4,5,206,4,2,1,1593,0,0,0,1,0,0,0,0
6,5,291,4,1,9,1413,1,0,0,0,0,0,1,0
4,3,155,3,1,1,4360,1,0,0,0,0,1,0,1
3,2,253,2,1,8,5608,1,0,0,0,0,1,1,0
6,2,286,4,1,5,1248,0,1,0,0,1,0,0,1
5,4,140,4,1,10,4528,0,0,0,0,0,1,0,0
5,4,230,3,1,39,3989,0,1,0,0,0,1,0,1
5,3,174,5,2,47,1909,1,0,0,0,0,1,1,1
4,4,141,2,1,30,1130,1,0,0,0,0,0,0,1
5,2,225,4,1,1,4328,1,0,0,0,0,1,1,1
3,1,132,3,1,2,4785,0,0,0,1,0,1,0,0
3,2,263,3,1,57,2113,0,0,0,1,0,0,0,1
4,5,133,3,2,3,1403,0,0,0,1,1,0,1,1
6,2,305,4,1,8,1015,0,0,0,0,0,1,1,0
4,3,136,3,2,10,4299,0,0,0,0,0,1,1,1
5,3,137,4,1,2,1034,0,0,0,0,0,1,0,0
4,1,152,3,2,3,4250,0,0,0,1,0,0,0,1
2,5,175,5,1,8,4269,0,1,0,0,0,1,0,0
4,5,143,3,1,48,1922,0,0,1,0,0,1,0,1
3,5,253,3,2,9,5979,0,0,0,1,0,1,1,1
4,2,276,2,1,54,3706,0,1,0,0,0,1,1,1
4,1,197,2,1,2,5685,0,0,0,0,0,1,0,0
4,5,143,8,1,44,1756,0,0,0,0,0,1,1,1
4,1,171,2,2,1,5717,0,0,0,1,0,1,0,0
2,5,282,5,1,63,1173,0,0,1,0,0,1,1,1
6,3,217,6,2,3,4209,0,0,1,0,1,0,1,0
4,4,157,2,1,2,1087,0,1,0,0,0,1,0,1
5,1,275,5,1,7,1623,0,0,0,0,0,1,1,1
5,4,180,2,1,52,1122,0,1,0,0,0,0,1,1
3,2,109,3,2,15,1710,0,0,1,0,0,1,0,1
4,2,169,3,2,7,1897,0,0,0,1,0,1,0,0
4,1,135,2,2,64,1471,0,0,0,1,0,0,0,1
5,3,222,3,1,6,4744,0,0,0,0,0,1,0,1
7,5,289,4,1,9,1904,1,0,0,0,0,1,1,0
3,3,255,2,1,8,5955,0,1,0,0,0,1,1,1
5,5,253,2,3,3,4851,0,0,0,0,0,1,0,0
6,4,237,5,2,10,5434,0,1,0,0,0,1,0,0
4,3,229,4,1,7,4829,0,0,0,1,0,0,0,0
3,2,156,2,2,10,4276,0,1,0,0,1,0,1,0
4,5,251,5,2,10,1683,0,0,0,1,0,1,1,1
4,5,136,3,2,7,4817,1,0,0,0,0,1,1,1
4,2,253,5,1,5,1812,0,0,0,1,0,1,1,0
3,3,231,3,2,4,4088,0,0,0,1,0,0,0,0
4,2,263,5,1,5,1874,0,0,1,0,0,1,0,0
4,4,203,5,1,36,3912,0,1,0,0,1,0,1,1
4,2,227,2,3,35,3583,0,0,0,1,0,1,1,1
4,3,174,2,1,10,5554,0,0,0,1,0,1,1,0
3,4,155,2,1,37,1780,0,0,0,1,0,1,0,1
3,4,248,3,2,7,5299,0,0,1,0,0,1,1,0
2,4,149,5,2,7,5541,0,0,1,0,0,1,0,0
4,3,262,3,1,3,4176,0,1,0,0,0,1,0,0
6,2,291,4,1,7,1046,0,0,1,0,0,1,0,0
6,5,256,4,1,2,1163,0,0,1,0,0,1,0,0
3,3,259,3,2,5,4664,0,0,1,0,1,0,0,0
4,2,180,2,2,10,5666,0,0,0,0,0,0,0,1
5,5,219,5,1,6,1234,0,0,0,0,0,0,1,0
5,5,189,5,1,3,5254,0,0,1,0,0,1,1,1
4,4,141,3,1,10,4289,0,1,0,0,1,0,1,0
4,1,261,3,2,7,4314,0,0,0,0,0,1,1,1
3,2,270,3,1,63,2751,0,0,0,1,0,1,0,1
5,4,161,5,2,1,5779,0,0,1,0,0,1,1,1
4,1,200,4,2,3,5837,0,0,0,0,0,1,1,0
3,2,172,3,2,8,4982,0,1,0,0,0,1,0,1
4,4,229,6,1,2,1279,0,1,0,0,0,1,1,0
4,1,272,2,1,2,5022,0,0,0,1,0,1,1,0
5,5,243,6,1,9,1348,0,0,0,0,0,1,1,0
3,3,234,3,2,8,2334,1,0,0,0,0,1,0,1
4,5,241,4,2,10,4126,0,0,0,1,0,1,0,1
3,4,246,3,2,30,3748,0,0,0,1,0,1,1,1
3,4,229,6,2,33,2815,0,0,0,1,0,1,0,1
4,1,239,3,2,9,4930,0,1,0,0,1,0,0,1
3,1,155,3,2,27,1022,0,0,1,0,0,1,0,1
4,1,226,5,2,6,1723,0,0,0,0,0,1,1,0
4,2,245,3,2,2,4835,0,0,1,0,1,0,0,1
4,1,200,3,1,5,4686,0,1,0,0,0,1,1,0
5,3,205,4,1,9,4277,1,0,0,0,0,1,1,0
3,5,193,3,2,1,5810,1,0,0,0,1,0,1,1
4,4,209,3,2,8,5884,0,0,0,1,0,1,1,1
4,3,211,8,2,3,4550,0,0,0,1,0,1,0,0
4,2,149,6,1,6,4904,0,0,1,0,1,0,0,0
2,2,149,4,2,7,4598,0,0,0,0,1,0,1,0
3,2,219,6,1,9,5263,0,0,0,1,0,0,0,1
3,2,143,6,2,63,1953,0,0,0,0,0,1,1,1
3,2,239,3,1,10,4486,0,0,0,1,0,1,0,0
5,3,255,4,1,5,5870,0,0,0,1,0,1,0,0
5,2,165,2,2,18,1918,0,0,0,1,0,1,0,1
2,2,227,4,2,6,4104,0,1,0,0,0,1,1,1
5,3,157,4,1,1,1306,0,1,0,0,0,1,1,1
3,4,242,5,1,5,2307,0,0,0,0,0,1,1,1
4,2,150,3,1,6,5787,0,0,0,1,0,1,1,1
3,4,250,3,1,10,5688,1,0,0,0,0,1,1,0
3,5,236,3,1,54,3976,0,0,1,0,0,1,0,1
4,5,214,3,3,6,5646,0,0,0,0,0,1,1,0
3,3,271,2,1,8,4444,0,0,0,1,0,1,0,1
3,2,212,3,2,9,2521,0,0,0,1,0,1,0,1
3,4,171,3,1,10,4839,0,0,0,1,0,1,1,0
3,3,179,2,1,60,1808,1,0,0,0,0,1,0,1
5,3,265,5,2,6,1929,0,1,0,0,1,0,0,0
4,4,199,4,2,5,4194,0,1,0,0,1,0,0,0
6,5,255,4,1,2,1218,0,0,0,1,0,1,0,1
6,1,281,3,2,36,2536,0,1,0,0,0,0,0,1
6,2,152,2,1,6,1711,0,0,0,1,0,1,1,0
5,2,105,4,3,1,1622,0,0,0,1,0,1,1,1
3,5,195,2,2,9,5832,0,0,0,1,0,1,0,0
4,1,273,3,2,25,3717,0,0,1,0,0,1,0,1
7,5,293,4,1,2,1080,0,1,0,0,0,1,0,1
4,1,192,4,3,5,4142,1,0,0,0,0,1,1,1
3,1,269,2,2,6,5703,0,1,0,0,0,0,1,1
4,4,196,2,1,6,2718,0,0,1,0,1,0,0,1
3,4,220,7,1,43,2620,0,0,0,1,0,1,1,1
5,3,218,3,2,4,4198,0,0,0,1,0,1,0,1
4,4,142,4,2,2,1461,0,0,0,0,0,1,1,1
3,2,257,3,1,6,3620,0,0,0,1,0,1,0,1
6,3,269,4,1,3,1006,0,0,0,1,1,0,1,0
4,4,235,3,1,17,3715,0,0,0,0,1,0,0,1
3,5,262,2,1,53,3275,1,0,0,0,0,1,0,1
5,1,161,3,1,47,1954,0,0,0,1,0,1,1,1
4,3,167,3,3,4,6000,0,0,1,0,0,1,0,1
4,4,172,3,2,7,5098,0,1,0,0,0,1,1,0
4,3,153,3,2,6,5748,0,0,0,1,0,1,0,0
3,4,213,3,1,5,4535,1,0,0,0,1,0,0,1
2,3,183,2,2,52,3199,1,0,0,0,0,0,0,1
3,1,220,3,1,6,5572,0,0,0,0,1,0,0,1
5,3,167,3,1,5,1772,1,0,0,0,0,1,0,1
3,1,192,3,2,35,2258,0,0,1,0,0,1,1,1
5,1,234,5,2,9,1932,0,0,0,1,0,1,0,1
3,1,249,3,1,43,3277,0,0,1,0,0,1,0,1
3,2,166,2,2,45,1741,1,0,0,0,0,1,0,1
7,3,308,4,2,6,1113,0,1,0,0,0,1,1,0
4,4,263,3,2,1,5283,0,0,1,0,0,1,1,1
3,3,193,2,1,19,3097,0,0,0,1,1,0,1,1
4,4,155,3,2,35,1421,0,0,0,0,0,1,0,1
4,4,193,3,2,3,4596,0,0,0,0,0,0,0,0
3,1,172,10,3,30,1294,0,0,1,0,0,1,0,1
4,5,216,2,1,59,3088,0,0,0,1,0,0,1,1
6,2,250,4,2,3,1777,0,0,0,1,0,0,0,1
3,5,193,2,2,12,3730,0,1,0,0,0,1,0,1
3,5,170,7,1,7,4373,0,0,0,0,0,1,0,1
4,2,202,4,2,56,3098,0,1,0,0,0,1,1,1
5,4,222,3,2,8,5559,0,0,0,1,0,1,1,1
3,1,151,2,1,4,1748,1,0,0,0,0,1,0,1
4,2,265,3,1,41,3498,0,1,0,0,0,1,0,1
4,3,264,3,1,39,2213,1,0,0,0,0,1,0,1
4,1,202,3,1,4,4029,0,0,1,0,0,1,1,0
5,5,259,3,2,5,4315,0,1,0,0,1,0,0,0
5,1,190,4,2,24,3446,0,0,0,1,0,1,1,1
5,4,268,3,1,3,5320,1,0,0,0,0,1,0,1
5,3,245,5,2,3,1851,0,0,0,1,0,0,1,0
3,1,139,5,2,5,4572,0,0,0,0,0,1,0,0
6,5,252,4,1,2,1249,0,1,0,0,0,0,0,0
2,5,278,4,1,34,3416,0,0,0,1,0,1,1,1
4,3,173,2,1,10,1179,1,0,0,0,0,1,0,1
3,3,224,3,2,5,4214,0,0,0,1,0,1,0,1
4,3,259,3,3,45,3761,1,0,0,0,0,1,1,1
4,5,182,2,2,10,5098,0,0,0,1,0,1,0,1
3,4,144,2,1,33,1811,0,0,0,1,0,0,0,1
3,5,165,2,3,37,1234,0,1,0,0,1,0,0,1
3,2,264,3,1,8,5831,1,0,0,0,0,1,0,0
4,1,180,3,3,5,4346,0,0,1,0,0,0,0,0
4,4,155,3,1,2,4094,0,0,0,1,1,0,0,1
4,5,140,2,2,5,4347,0,0,1,0,1,0,0,1
2,5,271,2,1,5,5164,0,1,0,0,0,0,0,1
4,2,219,3,1,2,3402,0,0,0,1,0,0,1,1
4,4,174,3,1,8,4348,0,1,0,0,0,0,1,0
4,1,228,3,1,9,4678,0,0,0,0,1,0,0,0
2,5,172,2,1,7,4649,0,0,0,1,0,0,1,0
5,3,235,4,2,10,4011,0,0,0,0,0,1,0,0
2,4,245,2,2,3,5850,0,0,0,1,0,1,0,1
4,1,272,4,3,1,5597,0,0,0,1,1,0,1,0
4,3,257,3,1,8,4447,0,0,0,1,0,1,1,1
3,5,135,2,2,7,5331,0,1,0,0,1,0,1,0
3,3,250,3,1,5,4625,1,0,0,0,1,0,0,0
5,5,210,4,2,9,5081,0,1,0,0,0,1,1,1
2,4,191,3,2,6,4119,1,0,0,0,0,1,0,0
6,3,245,4,1,2,1158,0,0,0,0,0,0,1,1
4,2,259,2,3,10,5265,0,0,0,1,0,1,0,0
4,1,270,10,2,5,5494,0,0,0,1,0,1,0,1
4,5,148,2,1,2,4883,1,0,0,0,0,1,1,1
4,1,139,3,1,1,5502,0,0,1,0,0,1,0,1
3,4,165,4,2,7,1627,0,0,0,1,0,1,0,1
5,4,157,4,1,9,4840,0,0,1,0,0,1,1,0
4,2,184,2,2,10,5959,0,0,0,1,0,1,0,0
5,1,195,3,1,37,3690,0,1,0,0,0,1,1,1
4,5,270,3,1,30,2720,0,0,0,0,0,0,1,1
3,4,157,3,2,6,5398,1,0,0,0,1,0,0,1
4,4,179,3,2,5,4061,0,0,0,1,1,0,1,1
3,1,228,2,1,5,4456,0,0,0,1,0,1,0,1
5,4,178,7,2,52,1824,0,1,0,0,0,1,1,1
3,5,270,6,2,9,4195,0,0,1,0,0,1,0,0
3,4,231,3,2,39,3792,0,0,1,0,0,1,1,1
3,4,267,3,1,55,2923,0,0,0,0,0,1,0,1
3,2,168,3,2,2,4231,0,0,0,0,0,1,1,0
4,3,213,3,2,57,3599,0,1,0,0,0,1,1,1
6,1,280,4,2,5,1431,0,0,1,0,0,1,1,0
6,5,279,4,1,7,1447,0,0,0,0,0,1,1,0
4,3,200,4,2,7,4953,0,1,0,0,0,1,0,1
3,1,243,4,3,59,3838,0,0,1,0,0,1,1,1
6,1,245,4,1,10,1606,0,0,1,0,0,1,0,0
3,4,159,2,2,6,4990,0,0,1,0,0,1,0,1
5,2,158,3,1,4,4324,0,0,0,0,0,1,1,0
3,5,268,3,1,6,4172,0,0,0,0,0,1,0,1
6,4,269,2,3,47,4000,0,0,1,0,0,1,1,1
4,3,241,2,2,3,4636,0,1,0,0,0,1,1,1
3,2,160,2,3,4,4376,0,0,0,1,1,0,1,0
7,3,307,4,1,4,1653,0,0,0,0,0,1,1,0
2,4,100,4,1,3,5398,0,0,1,0,0,1,1,0
3,4,177,4,2,3,1148,0,0,0,1,0,1,0,0
4,5,251,5,3,8,4573,0,0,1,0,0,0,1,0
6,3,161,4,2,8,1247,0,0,0,1,0,1,1,0
4,3,137,3,2,10,4820,0,1,0,0,1,0,0,1
4,1,231,2,1,1,5917,0,0,1,0,0,1,0,1
5,5,260,3,2,8,4586,0,0,0,1,0,1,1,1
4,5,180,3,1,24,1513,0,1,0,0,0,1,0,1
3,4,240,3,1,28,2356,0,0,0,1,1,0,0,1
4,2,145,3,2,1,5400,0,0,0,0,0,0,1,0
4,2,228,5,1,6,1718,0,0,1,0,0,1,1,0
5,2,187,2,2,29,2863,0,0,0,0,1,0,0,1
5,2,258,5,3,6,1059,0,1,0,0,1,0,1,0
5,4,260,6,1,2,1765,0,0,0,1,0,1,0,0
5,4,99,2,3,4,4259,1,0,0,0,0,0,0,0
2,4,198,3,1,37,2555,0,0,0,0,1,0,1,1
2,5,113,5,1,43,1638,0,0,1,0,0,1,1,1
4,2,244,2,2,15,2857,0,0,0,1,0,1,1,1
4,3,223,10,1,21,2943,0,0,1,0,1,0,0,1
3,1,235,10,1,56,2175,0,0,0,0,0,1,1,1
3,2,133,3,2,10,5803,0,0,0,1,0,1,1,0
3,2,152,3,2,7,4244,1,0,0,0,0,0,0,0
2,1,234,4,2,9,5075,0,1,0,0,0,1,0,0
5,4,244,5,2,1,1320,0,0,0,1,1,0,0,0
5,1,291,4,1,3,1663,0,0,0,1,1,0,0,1
4,4,239,3,1,4,4756,0,0,0,0,0,1,1,0
4,1,202,3,1,10,4454,0,0,0,1,0,1,1,0
4,3,179,3,1,45,1903,0,0,0,1,0,1,1,1
3,1,176,2,2,4,5726,1,0,0,0,0,1,0,0
5,3,267,3,1,48,3393,0,0,1,0,0,0,1,1
4,3,163,4,2,5,5593,0,0,1,0,0,1,1,0
5,4,137,2,1,7,5338,0,0,1,0,0,1,1,1
4,2,166,5,1,8,4493,0,0,1,0,0,1,1,0
6,3,225,4,1,5,4184,0,0,0,1,0,0,1,1
5,2,231,5,1,4,1913,1,0,0,0,0,1,0,1
4,3,237,3,2,8,5045,1,0,0,0,0,1,0,1
3,3,201,4,2,7,2299,0,1,0,0,0,1,1,1
4,1,144,4,3,5,1294,0,0,0,0,1,0,1,1
2,1,282,5,1,51,1362,0,1,0,0,0,1,0,1
3,3,263,3,2,9,5665,0,0,1,0,0,0,0,1
4,3,152,3,1,43,1009,0,0,0,0,0,0,1,1
5,4,158,3,1,10,4670,0,1,0,0,0,1,0,1
4,4,197,2,1,7,4684,0,1,0,0,0,1,0,0
4,5,133,3,3,8,5653,0,1,0,0,0,0,0,1
5,1,160,2,1,32,1576,0,0,0,1,0,1,1,1
4,4,229,5,1,9,1361,0,1,0,0,1,0,1,0
2,3,249,2,1,1,2905,0,0,1,0,0,1,1,1
4,3,211,3,3,12,3922,0,0,0,1,0,1,1,1
4,2,210,3,2,1,4379,0,0,0,0,0,1,0,1
3,3,155,2,2,5,5577,0,0,0,1,0,1,0,0
4,3,261,3,1,42,2664,0,0,1,0,0,1,1,1
3,5,195,2,1,42,3814,0,0,0,0,0,1,0,1
5,2,173,4,3,9,4307,0,0,0,0,0,1,0,0
4,1,159,3,2,13,1445,0,0,1,0,0,1,1,1
5,1,171,2,1,9,5252,0,0,1,0,0,1,1,0
4,1,145,6,1,32,1673,1,0,0,0,0,1,1,1
3,1,243,2,2,10,5460,0,0,0,1,0,1,1,0
5,1,271,4,1,3,4610,0,0,1,0,0,0,1,1
5,2,262,6,1,7,1774,1,0,0,0,0,1,0,0
6,1,246,3,2,7,4733,0,0,1,0,1,0,1,1
5,4,221,6,2,5,1944,0,0,0,1,0,0,1,0
5,2,262,6,2,10,3164,0,0,1,0,1,0,1,1
3,1,232,2,2,4,5806,0,0,0,0,1,0,1,1
3,3,230,3,2,2,4742,0,0,1,0,0,1,0,1
3,3,268,10,2,2,5626,0,0,0,1,0,1,1,1
4,3,213,2,1,27,2034,0,1,0,0,0,0,1,1
2,4,155,5,1,9,1740,0,0,0,0,1,0,1,1
4,4,166,2,1,8,5192,0,0,0,1,0,1,1,0
4,5,187,2,1,44,3218,0,1,0,0,0,1,1,1
3,3,229,7,3,4,5075,0,0,1,0,0,1,0,1
7,4,282,5,1,5,1149,0,1,0,0,0,1,1,0
2,4,120,2,2,13,1240,0,1,0,0,0,1,1,1
4,5,101,6,2,8,4146,1,0,0,0,0,1,1,0
3,2,262,2,1,26,2370,0,1,0,0,1,0,0,1
3,3,139,4,3,17,1137,0,1,0,0,0,1,1,1
2,5,132,3,1,18,1759,1,0,0,0,0,1,1,1
6,4,294,3,2,7,1455,0,1,0,0,1,0,1,0
3,1,237,4,1,33,2782,0,0,0,1,1,0,1,1
5,4,141,4,3,5,5444,0,0,0,1,0,1,0,1
5,1,176,3,1,3,5919,0,0,0,1,0,1,1,0
6,3,205,3,1,10,4996,0,0,1,0,0,1,1,0
6,4,268,4,2,5,4126,0,0,0,0,0,1,1,1
3,2,206,2,2,28,2822,0,0,1,0,0,1,0,1
4,3,203,3,3,12,3539,0,0,1,0,0,1,1,1
4,4,204,3,1,9,4757,1,0,0,0,1,0,0,0
4,2,237,3,1,7,4785,0,1,0,0,0,1,0,0
4,1,140,4,1,6,5067,0,0,1,0,0,0,1,0
4,4,251,2,2,6,4376,1,0,0,0,0,1,0,0
5,3,256,5,2,5,1080,0,0,0,1,0,1,1,1
